timestamp_utc,water_temperature,sp_conductance,ph,do_concentration,do_saturation,turbidity,segment_id,high_turbidity,timestamp,hour,day_of_week,month,day_of_year,hour_sin,hour_cos,month_sin,month_cos,water_temperature_lag_1h,water_temperature_lag_3h,water_temperature_lag_6h,water_temperature_lag_12h,water_temperature_lag_24h,sp_conductance_lag_1h,sp_conductance_lag_3h,sp_conductance_lag_6h,sp_conductance_lag_12h,sp_conductance_lag_24h,ph_lag_1h,ph_lag_3h,ph_lag_6h,ph_lag_12h,ph_lag_24h,do_concentration_lag_1h,do_concentration_lag_3h,do_concentration_lag_6h,do_concentration_lag_12h,do_concentration_lag_24h,do_saturation_lag_1h,do_saturation_lag_3h,do_saturation_lag_6h,do_saturation_lag_12h,do_saturation_lag_24h,turbidity_lag_1h,turbidity_lag_3h,turbidity_lag_6h,turbidity_lag_12h,turbidity_lag_24h,water_temperature_change_3h,water_temperature_change_6h,water_temperature_change_12h,water_temperature_change_24h,sp_conductance_change_3h,sp_conductance_change_6h,sp_conductance_change_12h,sp_conductance_change_24h,ph_change_3h,ph_change_6h,ph_change_12h,ph_change_24h,do_concentration_change_3h,do_concentration_change_6h,do_concentration_change_12h,do_concentration_change_24h,do_saturation_change_3h,do_saturation_change_6h,do_saturation_change_12h,do_saturation_change_24h,turbidity_change_3h,turbidity_change_6h,turbidity_change_12h,turbidity_change_24h,water_temperature_rolling_mean_6h,water_temperature_rolling_max_6h,water_temperature_rolling_std_6h,water_temperature_rolling_mean_12h,water_temperature_rolling_max_12h,water_temperature_rolling_std_12h,water_temperature_rolling_mean_24h,water_temperature_rolling_max_24h,water_temperature_rolling_std_24h,sp_conductance_rolling_mean_6h,sp_conductance_rolling_max_6h,sp_conductance_rolling_std_6h,sp_conductance_rolling_mean_12h,sp_conductance_rolling_max_12h,sp_conductance_rolling_std_12h,sp_conductance_rolling_mean_24h,sp_conductance_rolling_max_24h,sp_conductance_rolling_std_24h,ph_rolling_mean_6h,ph_rolling_max_6h,ph_rolling_std_6h,ph_rolling_mean_12h,ph_rolling_max_12h,ph_rolling_std_12h,ph_rolling_mean_24h,ph_rolling_max_24h,ph_rolling_std_24h,do_concentration_rolling_mean_6h,do_concentration_rolling_max_6h,do_concentration_rolling_std_6h,do_concentration_rolling_mean_12h,do_concentration_rolling_max_12h,do_concentration_rolling_std_12h,do_concentration_rolling_mean_24h,do_concentration_rolling_max_24h,do_concentration_rolling_std_24h,do_saturation_rolling_mean_6h,do_saturation_rolling_max_6h,do_saturation_rolling_std_6h,do_saturation_rolling_mean_12h,do_saturation_rolling_max_12h,do_saturation_rolling_std_12h,do_saturation_rolling_mean_24h,do_saturation_rolling_max_24h,do_saturation_rolling_std_24h,turbidity_rolling_mean_6h,turbidity_rolling_max_6h,turbidity_rolling_std_6h,turbidity_rolling_mean_12h,turbidity_rolling_max_12h,turbidity_rolling_std_12h,turbidity_rolling_mean_24h,turbidity_rolling_max_24h,turbidity_rolling_std_24h,turbidity_change_1h,turbidity_ratio_1h,risk_probability_1h,risk_probability_6h,risk_probability_12h,risk_probability_24h,predicted_risk_horizon,risk_level,turbidity_trend_6h,ph_trend_6h,do_concentration_trend_6h,sp_conductance_trend_6h,water_temperature_trend_6h,actual_high_turbidity
2022-09-24 00:00:00+00:00,5.3,0.037,7.39,12.84,101.3,46.2,15,False,2022-09-24 00:00:00+00:00,0,5,9,267,0.0,1.0,-1.0,-1.8369701987210297e-16,,,,,,,,,,,,,,,,,,,,,,,,,,,,,,,,,,,,,,,,,,,,,,,,,,,,,,,,,,,,,,,,,,,,,,,,,,,,,,,,,,,,,,,,,,,,,,,,,,,,,,,,,,,,,,,6.3976615e-05,6.0806025e-05,0.00039477693,0.0023153718,NO SIGNIFICANT RISK,LOW,,,,,,False
2022-09-24 01:00:00+00:00,5.42,0.037,7.4,12.8,101.3,50.5,15,False,2022-09-24 01:00:00+00:00,1,5,9,267,0.25881904510252074,0.9659258262890683,-1.0,-1.8369701987210297e-16,5.3,,,,,0.037,,,,,7.39,,,,,12.84,,,,,101.3,,,,,46.2,,,,,,,,,,,,,,,,,,,,,,,,,,,,,,,,,,,,,,,,,,,,,,,,,,,,,,,,,,,,,,,,,,,,,,,,,,,,,,,,,,,4.299999999999997,1.093073593073593,7.762992e-05,5.9342965e-05,0.00055333215,0.0023153718,NO SIGNIFICANT RISK,LOW,,,,,,False
2022-09-24 02:00:00+00:00,5.52,0.036,7.39,12.78,101.4,46.8,15,False,2022-09-24 02:00:00+00:00,2,5,9,267,0.49999999999999994,0.8660254037844387,-1.0,-1.8369701987210297e-16,5.42,,,,,0.037,,,,,7.4,,,,,12.8,,,,,101.3,,,,,50.5,,,,,,,,,,,,,,,,,,,,,,,,,,,,,,,,,,,,,,,,,,,,,,,,,,,,,,,,,,,,,,,,,,,,,,,,,,,,,,,,,,,-3.700000000000003,0.9267326732673267,4.760618e-05,6.0698847e-05,0.0005092065,0.0023153718,NO SIGNIFICANT RISK,LOW,,,,,,False
2022-09-24 03:00:00+00:00,5.53,0.036,7.37,12.77,101.4,46.9,15,False,2022-09-24 03:00:00+00:00,3,5,9,267,0.7071067811865476,0.7071067811865476,-1.0,-1.8369701987210297e-16,5.52,5.3,,,,0.036,0.037,,,,7.39,7.39,,,,12.78,12.84,,,,101.4,101.3,,,,46.8,46.2,,,,0.23000000000000043,,,,-0.0010000000000000009,,,,-0.019999999999999574,,,,-0.07000000000000028,,,,0.10000000000000853,,,,0.6999999999999957,,,,,,,,,,,,,,,,,,,,,,,,,,,,,,,,,,,,,,,,,,,,,,,,,,,,,,,,,,0.10000000000000142,1.0021367521367521,5.1046336e-05,5.586585e-05,0.0006414717,0.003455851,NO SIGNIFICANT RISK,LOW,,,,,,False
2022-09-24 04:00:00+00:00,5.55,0.035,7.35,12.78,101.5,42.2,15,False,2022-09-24 04:00:00+00:00,4,5,9,267,0.8660254037844386,0.5000000000000001,-1.0,-1.8369701987210297e-16,5.53,5.42,,,,0.036,0.037,,,,7.37,7.4,,,,12.77,12.8,,,,101.4,101.3,,,,46.9,50.5,,,,0.1299999999999999,,,,-0.001999999999999995,,,,-0.05000000000000071,,,,-0.02000000000000135,,,,0.20000000000000284,,,,-8.299999999999997,,,,,,,,,,,,,,,,,,,,,,,,,,,,,,,,,,,,,,,,,,,,,,,,,,,,,,,,,,-4.699999999999996,0.8997867803837954,5.536894e-05,4.4728524e-05,0.0012893497,0.003391538,NO SIGNIFICANT RISK,LOW,,,,,,False
2022-09-24 05:00:00+00:00,5.57,0.035,7.36,12.79,101.6,50.2,15,False,2022-09-24 05:00:00+00:00,5,5,9,267,0.9659258262890683,0.25881904510252074,-1.0,-1.8369701987210297e-16,5.55,5.52,,,,0.035,0.036,,,,7.35,7.39,,,,12.78,12.78,,,,101.5,101.4,,,,42.2,46.8,,,,0.05000000000000071,,,,-0.000999999999999994,,,,-0.02999999999999936,,,,0.009999999999999787,,,,0.19999999999998863,,,,3.4000000000000057,,,,,,,,,,,,,,,,,,,,,,,,,,,,,,,,,,,,,,,,,,,,,,,,,,,,,,,,,,8.0,1.1895734597156398,6.278296e-05,6.600744e-05,0.0010443511,0.0041992897,NO SIGNIFICANT RISK,LOW,,,,,,False
2022-09-24 06:00:00+00:00,5.57,0.034,7.34,12.8,101.7,39.7,15,False,2022-09-24 06:00:00+00:00,6,5,9,267,1.0,6.123233995736766e-17,-1.0,-1.8369701987210297e-16,5.57,5.53,5.3,,,0.035,0.036,0.037,,,7.36,7.37,7.39,,,12.79,12.77,12.84,,,101.6,101.4,101.3,,,50.2,46.9,46.2,,,0.040000000000000036,0.27000000000000046,,,-0.001999999999999995,-0.0029999999999999957,,,-0.03000000000000025,-0.04999999999999982,,,0.030000000000001137,-0.03999999999999915,,,0.29999999999999716,0.4000000000000057,,,-7.199999999999996,-6.5,,,5.4816666666666665,5.57,0.10303721010715848,,,,,,,0.036,0.037,0.0008944271909999129,,,,,,,7.376666666666666,7.4,0.019663841605002997,,,,,,,12.793333333333331,12.84,0.025033311140691492,,,,,,,101.41666666666667,101.6,0.11690451944500538,,,,,,,47.13333333333333,50.5,3.0368843683398064,,,,,,,-10.5,0.7908366533864541,3.6218804e-05,8.630265e-05,0.003386597,0.008895399,NO SIGNIFICANT RISK,LOW,-6.5,-0.04999999999999982,-0.03999999999999915,-0.0029999999999999957,0.27000000000000046,False
2022-09-24 07:00:00+00:00,5.56,0.034,7.33,12.82,101.8,45.9,15,False,2022-09-24 07:00:00+00:00,7,5,9,267,0.9659258262890683,-0.25881904510252063,-1.0,-1.8369701987210297e-16,5.57,5.55,5.42,,,0.034,0.035,0.037,,,7.34,7.35,7.4,,,12.8,12.78,12.8,,,101.7,101.5,101.3,,,39.7,42.2,50.5,,,0.009999999999999787,0.13999999999999968,,,-0.0010000000000000009,-0.0029999999999999957,,,-0.019999999999999574,-0.07000000000000028,,,0.040000000000000924,0.019999999999999574,,,0.29999999999999716,0.5,,,3.6999999999999957,-4.600000000000001,,,5.526666666666666,5.57,0.05609515724790094,,,,,,,0.0355,0.037,0.0010488088481701474,,,,,,,7.368333333333333,7.4,0.023166067138524933,,,,,,,12.786666666666667,12.8,0.012110601416390082,,,,,,,101.48333333333333,101.7,0.14719601443880817,,,,,,,46.050000000000004,50.5,4.323308917946994,,,,,,,6.199999999999996,1.1561712846347605,5.8368863e-05,0.00016967863,0.0046876944,0.010376527,NO SIGNIFICANT RISK,LOW,-4.600000000000001,-0.07000000000000028,0.019999999999999574,-0.0029999999999999957,0.13999999999999968,False
2022-09-24 08:00:00+00:00,5.54,0.034,7.33,12.83,101.9,40.6,15,False,2022-09-24 08:00:00+00:00,8,5,9,267,0.8660254037844387,-0.4999999999999998,-1.0,-1.8369701987210297e-16,5.56,5.57,5.52,,,0.034,0.035,0.036,,,7.33,7.36,7.39,,,12.82,12.79,12.78,,,101.8,101.6,101.4,,,45.9,50.2,46.8,,,-0.03000000000000025,0.020000000000000462,,,-0.0010000000000000009,-0.001999999999999995,,,-0.03000000000000025,-0.05999999999999961,,,0.040000000000000924,0.05000000000000071,,,0.30000000000001137,0.5,,,-9.600000000000001,-6.199999999999996,,,5.55,5.57,0.02097617696340466,,,,,,,0.034999999999999996,0.036,0.0008944271909999086,,,,,,,7.3566666666666665,7.39,0.021602468994692196,,,,,,,12.79,12.82,0.01788854381999853,,,,,,,101.56666666666668,101.8,0.1632993161855628,,,,,,,45.28333333333334,50.2,3.745619663909655,,,,,,,-5.299999999999997,0.8845315904139434,4.395002e-05,0.00014573857,0.0021909433,0.008430406,NO SIGNIFICANT RISK,LOW,-6.199999999999996,-0.05999999999999961,0.05000000000000071,-0.001999999999999995,0.020000000000000462,False
2022-09-24 09:00:00+00:00,5.54,0.034,7.33,12.84,102.0,41.7,15,False,2022-09-24 09:00:00+00:00,9,5,9,267,0.7071067811865476,-0.7071067811865475,-1.0,-1.8369701987210297e-16,5.54,5.57,5.53,,,0.034,0.034,0.036,,,7.33,7.34,7.37,,,12.83,12.8,12.77,,,101.9,101.7,101.4,,,40.6,39.7,46.9,,,-0.03000000000000025,0.009999999999999787,,,0.0,-0.001999999999999995,,,-0.009999999999999787,-0.040000000000000036,,,0.03999999999999915,0.07000000000000028,,,0.29999999999999716,0.5999999999999943,,,2.0,-5.199999999999996,,,5.553333333333334,5.57,0.016329931618556504,,,,,,,0.03466666666666667,0.036,0.0008164965809277173,,,,,,,7.346666666666667,7.37,0.016329931618553603,,,,,,,12.798333333333332,12.83,0.023166067138525537,,,,,,,101.64999999999999,101.9,0.1870828693387252,,,,,,,44.25,50.2,4.083503397819086,,,,,,,1.1000000000000014,1.0270935960591134,3.128113e-05,0.00015006546,0.0023807283,0.0068794563,NO SIGNIFICANT RISK,LOW,-5.199999999999996,-0.040000000000000036,0.07000000000000028,-0.001999999999999995,0.009999999999999787,False
2022-09-24 10:00:00+00:00,5.52,0.034,7.33,12.85,102.0,39.0,15,False,2022-09-24 10:00:00+00:00,10,5,9,267,0.49999999999999994,-0.8660254037844387,-1.0,-1.8369701987210297e-16,5.54,5.56,5.55,,,0.034,0.034,0.035,,,7.33,7.33,7.35,,,12.84,12.82,12.78,,,102.0,101.8,101.5,,,41.7,45.9,42.2,,,-0.040000000000000036,-0.03000000000000025,,,0.0,-0.0010000000000000009,,,0.0,-0.019999999999999574,,,0.02999999999999936,0.07000000000000028,,,0.20000000000000284,0.5,,,-6.899999999999999,-3.200000000000003,,,5.555,5.57,0.013784048752092621,,,,,,,0.034333333333333334,0.035,0.0005163977794943091,,,,,,,7.340000000000001,7.36,0.012649110640672171,,,,,,,12.81,12.84,0.023664319132398234,,,,,,,101.75,102.0,0.1870828693387419,,,,,,,43.38333333333333,50.2,3.9584929792367554,,,,,,,-2.700000000000003,0.935251798561151,2.5908486e-05,0.00010323169,0.0011598306,0.0065364125,NO SIGNIFICANT RISK,LOW,-3.200000000000003,-0.019999999999999574,0.07000000000000028,-0.0010000000000000009,-0.03000000000000025,False
2022-09-24 11:00:00+00:00,5.5,0.035,7.35,12.87,102.1,38.0,15,False,2022-09-24 11:00:00+00:00,11,5,9,267,0.258819045102521,-0.9659258262890682,-1.0,-1.8369701987210297e-16,5.52,5.54,5.57,,,0.034,0.034,0.035,,,7.33,7.33,7.36,,,12.85,12.83,12.79,,,102.0,101.9,101.6,,,39.0,40.6,50.2,,,-0.040000000000000036,-0.07000000000000028,,,0.0010000000000000009,0.0,,,0.019999999999999574,-0.010000000000000675,,,0.03999999999999915,0.08000000000000007,,,0.19999999999998863,0.5,,,-2.6000000000000014,-12.200000000000003,,,5.55,5.57,0.02000000000000201,,,,,,,0.03416666666666667,0.035,0.00040824829046384514,,,,,,,7.336666666666667,7.36,0.012110601416388627,,,,,,,12.821666666666667,12.85,0.02316606713852455,,,,,,,101.83333333333333,102.0,0.16329931618561208,,,,,,,42.85,50.2,4.346377802262478,,,,,,,-1.0,0.9743589743589743,3.1339536e-05,0.00012782498,0.0007335323,0.0041661966,NO SIGNIFICANT RISK,LOW,-12.200000000000003,-0.010000000000000675,0.08000000000000007,0.0,-0.07000000000000028,False
2022-09-24 12:00:00+00:00,5.48,0.034,7.33,12.9,102.3,41.5,15,False,2022-09-24 12:00:00+00:00,12,5,9,267,1.2246467991473532e-16,-1.0,-1.0,-1.8369701987210297e-16,5.5,5.54,5.57,5.3,,0.035,0.034,0.034,0.037,,7.35,7.33,7.34,7.39,,12.87,12.84,12.8,12.84,,102.1,102.0,101.7,101.3,,38.0,41.7,39.7,46.2,,-0.05999999999999961,-0.08999999999999986,0.1800000000000006,,0.0,0.0,-0.0029999999999999957,,0.0,-0.009999999999999787,-0.05999999999999961,,0.0600000000000005,0.09999999999999964,0.0600000000000005,,0.29999999999999716,0.5999999999999943,1.0,,-0.20000000000000284,1.7999999999999972,-4.700000000000003,,5.538333333333333,5.57,0.025625508125045392,5.510000000000001,5.57,0.0774596669241486,,,,0.03416666666666667,0.035,0.0004082482904638628,0.035083333333333334,0.037,0.0011645001528813106,,,,7.335000000000001,7.35,0.008366600265338548,7.355833333333333,7.4,0.026097137890209156,,,,12.835,12.87,0.024289915602980376,12.814166666666667,12.87,0.03203927514028927,,,,101.91666666666667,102.1,0.14719601443887845,101.66666666666667,102.1,0.290245455162393,,,,40.81666666666667,45.9,2.798154153485231,43.975,50.5,4.31659061592069,,,,3.5,1.0921052631578947,8.690253e-05,0.00028162537,0.0023297223,0.005630839,NO SIGNIFICANT RISK,LOW,1.7999999999999972,-0.009999999999999787,0.09999999999999964,0.0,-0.08999999999999986,False
2022-09-24 13:00:00+00:00,5.48,0.034,7.32,12.92,102.4,46.8,15,False,2022-09-24 13:00:00+00:00,13,5,9,267,-0.2588190451025208,-0.9659258262890683,-1.0,-1.8369701987210297e-16,5.48,5.52,5.56,5.42,,0.034,0.034,0.034,0.037,,7.33,7.33,7.33,7.4,,12.9,12.85,12.82,12.8,,102.3,102.0,101.8,101.3,,41.5,39.0,45.9,50.5,,-0.03999999999999915,-0.07999999999999918,0.0600000000000005,,0.0,0.0,-0.0029999999999999957,,-0.009999999999999787,-0.009999999999999787,-0.08000000000000007,,0.07000000000000028,0.09999999999999964,0.11999999999999922,,0.4000000000000057,0.6000000000000085,1.1000000000000085,,7.799999999999997,0.8999999999999986,-3.700000000000003,,5.523333333333333,5.56,0.029439202887761487,5.5249999999999995,5.57,0.0427466107109413,,,,0.03416666666666667,0.035,0.0004082482904638628,0.034833333333333334,0.037,0.0010298573010888699,,,,7.333333333333333,7.35,0.008164965809274958,7.350833333333333,7.4,0.024664414311580906,,,,12.851666666666667,12.9,0.029268868558018774,12.819166666666666,12.9,0.04010403138505324,,,,102.01666666666667,102.3,0.17224014243692326,101.75,102.3,0.31766191290284224,,,,41.11666666666667,45.9,2.750575697316228,43.583333333333336,50.5,4.309573556910737,,,,5.299999999999997,1.127710843373494,9.914299e-05,0.0003504917,0.0038450544,0.007035457,NO SIGNIFICANT RISK,LOW,0.8999999999999986,-0.009999999999999787,0.09999999999999964,0.0,-0.07999999999999918,False
2022-09-24 14:00:00+00:00,5.48,0.034,7.33,12.93,102.5,39.3,15,False,2022-09-24 14:00:00+00:00,14,5,9,267,-0.4999999999999997,-0.8660254037844388,-1.0,-1.8369701987210297e-16,5.48,5.5,5.54,5.52,,0.034,0.035,0.034,0.036,,7.32,7.35,7.33,7.39,,12.92,12.87,12.83,12.78,,102.4,102.1,101.9,101.4,,46.8,38.0,40.6,46.8,,-0.019999999999999574,-0.05999999999999961,-0.03999999999999915,,-0.0010000000000000009,0.0,-0.001999999999999995,,-0.019999999999999574,0.0,-0.05999999999999961,,0.0600000000000005,0.09999999999999964,0.15000000000000036,,0.4000000000000057,0.5999999999999943,1.0999999999999943,,1.2999999999999972,-1.3000000000000043,-7.5,,5.510000000000001,5.54,0.027568097504183056,5.53,5.57,0.031333978072025995,,,,0.03416666666666667,0.035,0.0004082482904638628,0.034583333333333334,0.036,0.000792961461098754,,,,7.331666666666667,7.35,0.00983192080249967,7.344166666666666,7.39,0.020652243256245182,,,,12.868333333333334,12.92,0.03544949458971968,12.829166666666666,12.92,0.048889175848560756,,,,102.11666666666667,102.4,0.19407902170685876,101.84166666666668,102.4,0.3342789617107675,,,,41.266666666666666,46.8,3.0696362433791164,43.275000000000006,50.2,3.8807508645527986,,,,-7.5,0.8397435897435898,4.87473e-05,0.0002258957,0.00364625,0.008247565,NO SIGNIFICANT RISK,LOW,-1.3000000000000043,0.0,0.09999999999999964,0.0,-0.05999999999999961,False
2022-09-24 15:00:00+00:00,5.49,0.034,7.31,12.93,102.6,35.4,15,False,2022-09-24 15:00:00+00:00,15,5,9,267,-0.7071067811865471,-0.7071067811865479,-1.0,-1.8369701987210297e-16,5.48,5.48,5.54,5.53,,0.034,0.034,0.034,0.036,,7.33,7.33,7.33,7.37,,12.93,12.9,12.84,12.77,,102.5,102.3,102.0,101.4,,39.3,41.5,41.7,46.9,,0.009999999999999787,-0.04999999999999982,-0.040000000000000036,,0.0,0.0,-0.001999999999999995,,-0.020000000000000462,-0.020000000000000462,-0.0600000000000005,,0.02999999999999936,0.08999999999999986,0.16000000000000014,,0.29999999999999716,0.5999999999999943,1.1999999999999886,,-6.100000000000001,-6.300000000000004,-11.5,,5.5,5.54,0.02529822128134998,5.526666666666666,5.57,0.0344656174742135,,,,0.03416666666666667,0.035,0.0004082482904638628,0.03441666666666667,0.036,0.0006685579234215156,,,,7.331666666666667,7.35,0.00983192080249967,7.339166666666667,7.37,0.015050420310247968,,,,12.885,12.93,0.037282703764612485,12.841666666666669,12.93,0.05407626488804849,,,,102.21666666666668,102.5,0.21369760566438337,101.93333333333334,102.5,0.3524803884508087,,,,41.050000000000004,46.8,3.1703312129807486,42.65,50.2,3.865347214793145,,,,-3.8999999999999986,0.900763358778626,5.3927655e-05,0.0001588342,0.0014392944,0.0052628214,NO SIGNIFICANT RISK,LOW,-6.300000000000004,-0.020000000000000462,0.08999999999999986,0.0,-0.04999999999999982,False
2022-09-24 16:00:00+00:00,5.52,0.034,7.3,12.94,102.7,35.8,15,False,2022-09-24 16:00:00+00:00,16,5,9,267,-0.8660254037844385,-0.5000000000000004,-1.0,-1.8369701987210297e-16,5.49,5.48,5.52,5.55,,0.034,0.034,0.034,0.035,,7.31,7.32,7.33,7.35,,12.93,12.92,12.85,12.78,,102.6,102.4,102.0,101.5,,35.4,46.8,39.0,42.2,,0.03999999999999915,0.0,-0.03000000000000025,,0.0,0.0,-0.0010000000000000009,,-0.020000000000000462,-0.03000000000000025,-0.04999999999999982,,0.019999999999999574,0.08999999999999986,0.16000000000000014,,0.29999999999999716,0.7000000000000028,1.2000000000000028,,-11.0,-3.200000000000003,-6.400000000000006,,5.491666666666667,5.52,0.016020819787601854,5.523333333333333,5.57,0.036013465495141186,,,,0.03416666666666667,0.035,0.0004082482904638628,0.03425,0.035,0.0004522670168666377,,,,7.328333333333333,7.35,0.01329160135824954,7.334166666666667,7.36,0.01378954368902344,,,,12.9,12.93,0.03346640106135977,12.854999999999999,12.93,0.05452272253590448,,,,102.31666666666666,102.6,0.2316606713853028,102.03333333333332,102.6,0.357601437187831,,,,40.0,46.8,3.876596445337064,41.69166666666667,50.2,4.132236535809493,,,,0.3999999999999986,1.0112994350282485,4.734734e-05,7.987323e-05,0.000787272,0.009501286,NO SIGNIFICANT RISK,LOW,-3.200000000000003,-0.03000000000000025,0.08999999999999986,0.0,0.0,False
2022-09-24 17:00:00+00:00,5.54,0.033,7.3,12.95,102.8,33.3,15,False,2022-09-24 17:00:00+00:00,17,5,9,267,-0.9659258262890683,-0.25881904510252063,-1.0,-1.8369701987210297e-16,5.52,5.48,5.5,5.57,,0.034,0.034,0.035,0.035,,7.3,7.33,7.35,7.36,,12.94,12.93,12.87,12.79,,102.7,102.5,102.1,101.6,,35.8,39.3,38.0,50.2,,0.05999999999999961,0.040000000000000036,-0.03000000000000025,,-0.0010000000000000009,-0.0020000000000000018,-0.0020000000000000018,,-0.03000000000000025,-0.04999999999999982,-0.0600000000000005,,0.019999999999999574,0.08000000000000007,0.16000000000000014,,0.29999999999999716,0.7000000000000028,1.2000000000000028,,-6.0,-4.700000000000003,-16.900000000000006,,5.491666666666667,5.52,0.016020819787601854,5.520833333333333,5.57,0.03502163833282485,,,,0.03416666666666667,0.035,0.0004082482904638628,0.03416666666666667,0.035,0.0003892494720807519,,,,7.323333333333333,7.35,0.01751190071541663,7.329999999999999,7.36,0.015954480704348503,,,,12.915000000000001,12.94,0.025884358211083952,12.868333333333332,12.94,0.05407626488804803,,,,102.43333333333334,102.7,0.21602468994698304,102.13333333333333,102.7,0.3626501778783142,,,,39.46666666666666,46.8,4.244368818407115,41.15833333333333,50.2,4.46062741883886,,,,-2.5,0.9301675977653632,8.342099e-05,5.2511125e-05,0.0017807395,0.016951181,NO SIGNIFICANT RISK,LOW,-4.700000000000003,-0.04999999999999982,0.08000000000000007,-0.0020000000000000018,0.040000000000000036,False
2022-09-24 18:00:00+00:00,5.57,0.034,7.32,12.96,103.0,35.9,15,False,2022-09-24 18:00:00+00:00,18,5,9,267,-1.0,-1.8369701987210297e-16,-1.0,-1.8369701987210297e-16,5.54,5.49,5.48,5.57,,0.033,0.034,0.034,0.034,,7.3,7.31,7.33,7.34,,12.95,12.93,12.9,12.8,,102.8,102.6,102.3,101.7,,33.3,35.4,41.5,39.7,,0.08000000000000007,0.08999999999999986,0.0,,0.0,0.0,0.0,,0.010000000000000675,-0.009999999999999787,-0.019999999999999574,,0.030000000000001137,0.0600000000000005,0.16000000000000014,,0.4000000000000057,0.7000000000000028,1.2999999999999972,,0.5,-5.600000000000001,-3.8000000000000043,,5.498333333333334,5.54,0.025625508125046378,5.5183333333333335,5.57,0.03214550253664382,,,,0.03383333333333333,0.034,0.0004082482904638628,0.034,0.035,0.00042640143271120993,,,,7.315,7.33,0.01378404875208755,7.324999999999999,7.35,0.015075567228887294,,,,12.928333333333333,12.95,0.017224014243675034,12.881666666666668,12.95,0.052714209458055404,,,,102.55,102.8,0.1870828693387564,102.23333333333333,102.8,0.36762958960282793,,,,38.68333333333333,46.8,4.945064879924893,39.75,46.8,3.9894178203661057,,,,2.6000000000000014,1.078078078078078,9.310304e-05,9.048422e-05,0.0021620432,0.010166879,NO SIGNIFICANT RISK,LOW,-5.600000000000001,-0.009999999999999787,0.0600000000000005,0.0,0.08999999999999986,False
2022-09-24 19:00:00+00:00,5.62,0.034,7.34,12.95,103.1,38.6,15,False,2022-09-24 19:00:00+00:00,19,5,9,267,-0.9659258262890684,0.2588190451025203,-1.0,-1.8369701987210297e-16,5.57,5.52,5.48,5.56,,0.034,0.034,0.034,0.034,,7.32,7.3,7.32,7.33,,12.96,12.94,12.92,12.82,,103.0,102.7,102.4,101.8,,35.9,35.8,46.8,45.9,,0.10000000000000053,0.13999999999999968,0.0600000000000005,,0.0,0.0,0.0,,0.040000000000000036,0.019999999999999574,0.009999999999999787,,0.009999999999999787,0.02999999999999936,0.129999999999999,,0.3999999999999915,0.6999999999999886,1.2999999999999972,,2.8000000000000043,-8.199999999999996,-7.299999999999997,,5.5133333333333345,5.57,0.03669695718539657,5.5183333333333335,5.57,0.03214550253664382,,,,0.03383333333333333,0.034,0.0004082482904638628,0.034,0.035,0.00042640143271120993,,,,7.313333333333333,7.33,0.012110601416386682,7.323333333333334,7.35,0.014354811251304595,,,,12.938333333333333,12.96,0.014719601443867589,12.895000000000001,12.96,0.05036232357986952,,,,102.66666666666667,103.0,0.21602468994698304,102.34166666666665,103.0,0.3872005196591048,,,,37.74999999999999,46.8,4.834356213602791,39.43333333333333,46.8,4.141658283023052,,,,2.700000000000003,1.075208913649025,4.5905523e-05,6.42586e-05,0.0015026724,0.009805876,NO SIGNIFICANT RISK,LOW,-8.199999999999996,0.019999999999999574,0.02999999999999936,0.0,0.13999999999999968,False
2022-09-24 20:00:00+00:00,5.7,0.034,7.34,12.96,103.3,36.3,15,False,2022-09-24 20:00:00+00:00,20,5,9,267,-0.8660254037844386,0.5000000000000001,-1.0,-1.8369701987210297e-16,5.62,5.54,5.48,5.54,,0.034,0.033,0.034,0.034,,7.34,7.3,7.33,7.33,,12.95,12.95,12.93,12.83,,103.1,102.8,102.5,101.9,,38.6,33.3,39.3,40.6,,0.16000000000000014,0.21999999999999975,0.16000000000000014,,0.0010000000000000009,0.0,0.0,,0.040000000000000036,0.009999999999999787,0.009999999999999787,,0.010000000000001563,0.030000000000001137,0.13000000000000078,,0.5,0.7999999999999972,1.3999999999999915,,3.0,-3.0,-4.300000000000004,,5.536666666666666,5.62,0.05240865068542423,5.523333333333333,5.62,0.0422833157152891,,,,0.03383333333333333,0.034,0.0004082482904638628,0.034,0.035,0.00042640143271120993,,,,7.316666666666666,7.34,0.01632993161855208,7.324166666666667,7.35,0.015050420310248017,,,,12.943333333333333,12.96,0.012110601416374378,12.905833333333334,12.96,0.04660439568291275,,,,102.78333333333332,103.1,0.23166067138531227,102.45,103.1,0.40339468604249057,,,,36.38333333333333,39.3,2.2121633453853646,38.824999999999996,46.8,3.6070952806429313,,,,-2.3000000000000043,0.9404145077720206,3.5475947e-05,6.913759e-05,0.0017425963,0.011193231,NO SIGNIFICANT RISK,LOW,-3.0,0.009999999999999787,0.030000000000001137,0.0,0.21999999999999975,False
2022-09-24 21:00:00+00:00,5.91,0.034,7.35,12.92,103.6,39.9,15,False,2022-09-24 21:00:00+00:00,21,5,9,267,-0.7071067811865477,0.7071067811865474,-1.0,-1.8369701987210297e-16,5.7,5.57,5.49,5.54,,0.034,0.034,0.034,0.034,,7.34,7.32,7.31,7.33,,12.96,12.96,12.93,12.84,,103.3,103.0,102.6,102.0,,36.3,35.9,35.4,41.7,,0.33999999999999986,0.41999999999999993,0.3700000000000001,,0.0,0.0,0.0,,0.02999999999999936,0.040000000000000036,0.019999999999999574,,-0.040000000000000924,-0.009999999999999787,0.08000000000000007,,0.5999999999999943,1.0,1.5999999999999943,,4.0,4.5,-1.8000000000000043,,5.573333333333334,5.7,0.07633260552782693,5.536666666666666,5.7,0.06637816362374432,,,,0.03383333333333333,0.034,0.0004082482904638628,0.034,0.035,0.00042640143271120993,,,,7.3183333333333325,7.34,0.018348478592694933,7.324999999999999,7.35,0.01566698903601202,,,,12.948333333333332,12.96,0.011690451944483425,12.916666666666666,12.96,0.042283315715285784,,,,102.91666666666667,103.3,0.26394443859778477,102.56666666666666,103.3,0.4313474308033636,,,,35.88333333333333,38.6,1.701078089526334,38.46666666666667,46.8,3.628256113374934,,,,3.6000000000000014,1.0991735537190084,4.7588295e-05,0.000141627,0.0021302283,0.010305956,NO SIGNIFICANT RISK,LOW,4.5,0.040000000000000036,-0.009999999999999787,0.0,0.41999999999999993,False
2022-09-24 22:00:00+00:00,6.12,0.035,7.37,12.85,103.5,38.6,15,False,2022-09-24 22:00:00+00:00,22,5,9,267,-0.5000000000000004,0.8660254037844384,-1.0,-1.8369701987210297e-16,5.91,5.62,5.52,5.52,,0.034,0.034,0.034,0.034,,7.35,7.34,7.3,7.33,,12.92,12.95,12.94,12.85,,103.6,103.1,102.7,102.0,,39.9,38.6,35.8,39.0,,0.5,0.6000000000000005,0.6000000000000005,,0.0010000000000000009,0.0010000000000000009,0.0010000000000000009,,0.03000000000000025,0.07000000000000028,0.040000000000000036,,-0.09999999999999964,-0.08999999999999986,0.0,,0.4000000000000057,0.7999999999999972,1.5,,0.0,2.8000000000000043,-0.3999999999999986,,5.6433333333333335,5.91,0.14569374271624316,5.5675,5.91,0.126643737956664,,,,0.03383333333333333,0.034,0.0004082482904638628,0.034,0.035,0.00042640143271120993,,,,7.324999999999999,7.35,0.02167948338867671,7.326666666666667,7.35,0.017232808737105955,,,,12.946666666666665,12.96,0.015055453054169079,12.923333333333332,12.96,0.034728383291773086,,,,103.08333333333333,103.6,0.3311595788539204,102.69999999999999,103.6,0.48429893097705706,,,,36.63333333333333,39.9,2.3235031023578543,38.31666666666667,46.8,3.5179625646190105,,,,-1.2999999999999972,0.9674185463659148,2.1000753e-05,9.753294e-05,0.0027331612,0.010138769,NO SIGNIFICANT RISK,LOW,2.8000000000000043,0.07000000000000028,-0.08999999999999986,0.0010000000000000009,0.6000000000000005,False
2022-09-24 23:00:00+00:00,6.22,0.036,7.37,12.78,103.3,37.4,15,False,2022-09-24 23:00:00+00:00,23,5,9,267,-0.25881904510252157,0.9659258262890681,-1.0,-1.8369701987210297e-16,6.12,5.7,5.54,5.5,,0.035,0.034,0.033,0.035,,7.37,7.34,7.3,7.35,,12.85,12.96,12.95,12.87,,103.5,103.3,102.8,102.1,,38.6,36.3,33.3,38.0,,0.5199999999999996,0.6799999999999997,0.7199999999999998,,0.001999999999999995,0.0029999999999999957,0.000999999999999994,,0.03000000000000025,0.07000000000000028,0.020000000000000462,,-0.1800000000000015,-0.16999999999999993,-0.08999999999999986,,0.0,0.5,1.2000000000000028,,1.1000000000000014,4.100000000000001,-0.6000000000000014,,5.743333333333333,6.12,0.22721502297750218,5.6175,6.12,0.20213069579313697,,,,0.034,0.035,0.000632455532033678,0.034083333333333334,0.035,0.0005149286505444297,,,,7.336666666666666,7.37,0.024221202832777976,7.329999999999999,7.37,0.021320071635560704,,,,12.931666666666667,12.96,0.04262237284181118,12.923333333333332,12.96,0.034728383291773086,,,,103.21666666666665,103.6,0.3060501048304204,102.82499999999999,103.6,0.4807664335583755,,,,37.1,39.9,2.4024986992712223,38.28333333333333,46.8,3.512790481895715,,,,-1.2000000000000028,0.9689119170984455,2.3111203e-05,0.00042799397,0.0028560478,0.009463584,NO SIGNIFICANT RISK,LOW,4.100000000000001,0.07000000000000028,-0.16999999999999993,0.0029999999999999957,0.6799999999999997,False
2022-09-25 00:00:00+00:00,6.24,0.036,7.37,12.75,103.1,37.5,15,False,2022-09-25 00:00:00+00:00,0,6,9,268,0.0,1.0,-1.0,-1.8369701987210297e-16,6.22,5.91,5.57,5.48,5.3,0.036,0.034,0.034,0.034,0.037,7.37,7.35,7.32,7.33,7.39,12.78,12.92,12.96,12.9,12.84,103.3,103.6,103.0,102.3,101.3,37.4,39.9,35.9,41.5,46.2,0.33000000000000007,0.6699999999999999,0.7599999999999998,0.9400000000000004,0.001999999999999995,0.001999999999999995,0.001999999999999995,-0.0010000000000000009,0.020000000000000462,0.04999999999999982,0.040000000000000036,-0.019999999999999574,-0.16999999999999993,-0.21000000000000085,-0.15000000000000036,-0.08999999999999986,-0.5,0.09999999999999432,0.7999999999999972,1.7999999999999972,-2.3999999999999986,1.6000000000000014,-4.0,-8.700000000000003,5.8566666666666665,6.22,0.2708997354496066,5.677500000000001,6.22,0.26205915362757143,5.59375,6.22,0.20744433512128757,0.0345,0.036,0.0008366600265340798,0.034166666666666665,0.036,0.000717740562565267,0.034625,0.037,0.0010555237727226255,7.348333333333334,7.37,0.01940790217067685,7.331666666666667,7.37,0.023677121037111972,7.34375,7.4,0.027316582000204526,12.903333333333334,12.96,0.07339391437078802,12.915833333333332,12.96,0.05247654598759003,12.865,12.96,0.06711443828332966,103.30000000000001,103.6,0.22803508501993014,102.925,103.6,0.4392659165637935,102.29583333333333,103.6,0.738670466426694,37.78333333333334,39.9,1.5302505241517115,38.233333333333334,46.8,3.521449426103721,41.104166666666664,50.5,4.84171000753881,0.10000000000000142,1.0026737967914439,6.75878e-05,0.0005877432,0.00029577772,0.04475952,NO SIGNIFICANT RISK,LOW,1.6000000000000014,0.04999999999999982,-0.21000000000000085,0.001999999999999995,0.6699999999999999,False
2022-09-25 01:00:00+00:00,6.22,0.036,7.38,12.75,103.0,47.8,15,False,2022-09-25 01:00:00+00:00,1,6,9,268,0.25881904510252074,0.9659258262890683,-1.0,-1.8369701987210297e-16,6.24,6.12,5.62,5.48,5.42,0.036,0.035,0.034,0.034,0.037,7.37,7.37,7.34,7.32,7.4,12.75,12.85,12.95,12.92,12.8,103.1,103.5,103.1,102.4,101.3,37.5,38.6,38.6,46.8,50.5,0.09999999999999964,0.5999999999999996,0.7399999999999993,0.7999999999999998,0.000999999999999994,0.001999999999999995,0.001999999999999995,-0.0010000000000000009,0.009999999999999787,0.040000000000000036,0.05999999999999961,-0.020000000000000462,-0.09999999999999964,-0.1999999999999993,-0.16999999999999993,-0.05000000000000071,-0.5,-0.09999999999999432,0.5999999999999943,1.7000000000000028,9.199999999999996,9.199999999999996,1.0,-2.700000000000003,5.968333333333334,6.24,0.26716411934739104,5.740833333333334,6.24,0.2991946260253064,5.632916666666667,6.24,0.23630266455408908,0.034833333333333334,0.036,0.0009831920802501806,0.034333333333333334,0.036,0.0008876253645985889,0.034583333333333334,0.037,0.0009743076322798856,7.3566666666666665,7.37,0.015055453054178252,7.335000000000001,7.37,0.0261116483933546,7.342916666666667,7.4,0.0261233140361607,12.868333333333332,12.96,0.08931218655181809,12.903333333333334,12.96,0.0711379368593576,12.86125,12.96,0.07097534783289132,103.31666666666666,103.6,0.2041241452320487,102.99166666666667,103.6,0.3941811612429981,102.37083333333332,103.6,0.7244063036401882,38.050000000000004,39.9,1.2501999840025297,37.9,46.8,3.370190175373192,40.74166666666667,50.5,4.768731183601073,10.299999999999997,1.2746666666666666,0.00015379862,0.00066134124,0.003359938,0.042668853,NO SIGNIFICANT RISK,LOW,9.199999999999996,0.040000000000000036,-0.1999999999999993,0.001999999999999995,0.5999999999999996,False
2022-09-25 02:00:00+00:00,6.21,0.037,7.38,12.74,102.9,33.7,15,False,2022-09-25 02:00:00+00:00,2,6,9,268,0.49999999999999994,0.8660254037844387,-1.0,-1.8369701987210297e-16,6.22,6.22,5.7,5.48,5.52,0.036,0.036,0.034,0.034,0.036,7.38,7.37,7.34,7.33,7.39,12.75,12.78,12.96,12.93,12.78,103.0,103.3,103.3,102.5,101.4,47.8,37.4,36.3,39.3,46.8,-0.009999999999999787,0.5099999999999998,0.7299999999999995,0.6900000000000004,0.0010000000000000009,0.0029999999999999957,0.0029999999999999957,0.0010000000000000009,0.009999999999999787,0.040000000000000036,0.04999999999999982,-0.009999999999999787,-0.03999999999999915,-0.22000000000000064,-0.1899999999999995,-0.03999999999999915,-0.3999999999999915,-0.3999999999999915,0.4000000000000057,1.5,-3.6999999999999957,-2.5999999999999943,-5.599999999999994,-13.099999999999994,6.0683333333333325,6.24,0.21857874248578507,5.802499999999999,6.24,0.3163175906929876,5.666250000000001,6.24,0.26018074821002896,0.035166666666666666,0.036,0.0009831920802501838,0.034499999999999996,0.036,0.0009999999999999942,0.03454166666666667,0.036,0.0008836272412331294,7.363333333333333,7.38,0.01505545305417835,7.34,7.38,0.028603877677367908,7.342083333333334,7.39,0.024491199247478564,12.834999999999999,12.96,0.09005553841935734,12.889166666666666,12.96,0.08338937509531939,12.859166666666667,12.96,0.07353890816766774,103.3,103.6,0.22803508501993014,103.04166666666667,103.6,0.3476108935770426,102.44166666666666,103.6,0.6977707775272872,39.58333333333333,47.8,4.206384036992652,37.983333333333334,47.8,3.61382027357437,40.62916666666666,50.2,4.555596573987599,-14.099999999999994,0.7050209205020922,0.0001016657,0.0001835422,0.0005613667,0.020569224,NO SIGNIFICANT RISK,LOW,-2.5999999999999943,0.040000000000000036,-0.22000000000000064,0.0029999999999999957,0.5099999999999998,False
2022-09-25 03:00:00+00:00,6.13,0.037,7.37,12.75,102.7,31.9,15,False,2022-09-25 03:00:00+00:00,3,6,9,268,0.7071067811865476,0.7071067811865476,-1.0,-1.8369701987210297e-16,6.21,6.24,5.91,5.49,5.53,0.037,0.036,0.034,0.034,0.036,7.38,7.37,7.35,7.31,7.37,12.74,12.75,12.92,12.93,12.77,102.9,103.1,103.6,102.6,101.4,33.7,37.5,39.9,35.4,46.9,-0.11000000000000032,0.21999999999999975,0.6399999999999997,0.5999999999999996,0.0010000000000000009,0.0029999999999999957,0.0029999999999999957,0.0010000000000000009,0.0,0.020000000000000462,0.0600000000000005,0.0,0.0,-0.16999999999999993,-0.17999999999999972,-0.019999999999999574,-0.3999999999999915,-0.8999999999999915,0.10000000000000853,1.2999999999999972,-5.600000000000001,-8.0,-3.5,-15.0,6.153333333333333,6.24,0.1264383907943603,5.863333333333333,6.24,0.3188426038982304,5.694999999999999,6.24,0.280635923821471,0.035666666666666666,0.037,0.0010327955589886594,0.03475,0.037,0.001215431087010989,0.034583333333333334,0.037,0.0009743076322798856,7.37,7.38,0.010954451150098642,7.344166666666666,7.38,0.030587678248047492,7.341666666666666,7.38,0.023713262967792827,12.798333333333334,12.92,0.07194905605125862,12.873333333333333,12.96,0.09247440268266266,12.8575,12.96,0.07582875444051489,103.23333333333335,103.6,0.2804757862395797,103.07499999999999,103.6,0.3078517943310181,102.50416666666666,103.6,0.6669066597010757,39.15,47.8,4.7154003011409245,37.516666666666666,47.8,3.7858188338091954,40.083333333333336,50.2,4.568861209713335,-1.8000000000000043,0.9465875370919881,9.0452995e-05,0.00011636222,0.00028585704,0.017239975,NO SIGNIFICANT RISK,LOW,-8.0,0.020000000000000462,-0.16999999999999993,0.0029999999999999957,0.21999999999999975,False
2022-09-25 04:00:00+00:00,6.02,0.037,7.38,12.77,102.6,27.2,15,False,2022-09-25 04:00:00+00:00,4,6,9,268,0.8660254037844386,0.5000000000000001,-1.0,-1.8369701987210297e-16,6.13,6.22,6.12,5.52,5.55,0.037,0.036,0.035,0.034,0.035,7.37,7.38,7.37,7.3,7.35,12.75,12.75,12.85,12.94,12.78,102.7,103.0,103.5,102.7,101.5,31.9,47.8,38.6,35.8,42.2,-0.20000000000000018,-0.10000000000000053,0.5,0.46999999999999975,0.0010000000000000009,0.001999999999999995,0.0029999999999999957,0.001999999999999995,0.0,0.009999999999999787,0.08000000000000007,0.03000000000000025,0.019999999999999574,-0.08000000000000007,-0.16999999999999993,-0.009999999999999787,-0.4000000000000057,-0.9000000000000057,-0.10000000000000853,1.0999999999999943,-20.599999999999998,-11.400000000000002,-8.599999999999998,-15.000000000000004,6.19,6.24,0.05138093031466838,5.916666666666667,6.24,0.30389392088607586,5.72,6.24,0.291801004259678,0.036166666666666666,0.037,0.0007527726527091134,0.034999999999999996,0.037,0.0013483997249264783,0.034624999999999996,0.037,0.0010555237727226257,7.373333333333334,7.38,0.005163977794932794,7.349166666666666,7.38,0.029374798516395257,7.341666666666666,7.38,0.023713262967792827,12.770000000000001,12.85,0.041472882706663265,12.858333333333334,12.96,0.09693796829400711,12.856666666666667,12.96,0.07693400145390882,103.08333333333333,103.5,0.2857738033247717,103.08333333333333,103.6,0.29490625115415436,102.55833333333334,103.6,0.6247898197318883,37.81666666666666,47.8,5.522831399442373,37.225,47.8,4.086591155563211,39.458333333333336,50.2,4.621492010790143,-4.699999999999999,0.8526645768025078,0.00013012163,0.00012228543,0.0004109784,0.007561674,NO SIGNIFICANT RISK,LOW,-11.400000000000002,0.009999999999999787,-0.08000000000000007,0.001999999999999995,-0.10000000000000053,False
2022-09-25 05:00:00+00:00,5.91,0.037,7.38,12.8,102.6,29.2,15,False,2022-09-25 05:00:00+00:00,5,6,9,268,0.9659258262890683,0.25881904510252074,-1.0,-1.8369701987210297e-16,6.02,6.21,6.22,5.54,5.57,0.037,0.037,0.036,0.033,0.035,7.38,7.38,7.37,7.3,7.36,12.77,12.74,12.78,12.95,12.79,102.6,102.9,103.3,102.8,101.6,27.2,33.7,37.4,33.3,50.2,-0.2999999999999998,-0.3099999999999996,0.3700000000000001,0.33999999999999986,0.0,0.0010000000000000009,0.003999999999999997,0.001999999999999995,0.0,0.009999999999999787,0.08000000000000007,0.019999999999999574,0.0600000000000005,0.02000000000000135,-0.14999999999999858,0.010000000000001563,-0.30000000000001137,-0.7000000000000028,-0.20000000000000284,1.0,-4.5000000000000036,-8.2,-4.099999999999998,-21.000000000000004,6.173333333333333,6.24,0.08430104783849068,5.958333333333333,6.24,0.27771251758651344,5.739583333333333,6.24,0.29564195687802297,0.0365,0.037,0.0005477225575052231,0.03525,0.037,0.0014222261679238133,0.034708333333333334,0.037,0.0011601786469133191,7.375,7.38,0.005477225575041693,7.355833333333333,7.38,0.02609713789021044,7.3429166666666665,7.38,0.024931064377889632,12.756666666666666,12.78,0.015055453054206568,12.844166666666666,12.96,0.09633826138176341,12.856249999999998,12.96,0.07739298361636782,102.93333333333334,103.3,0.25819888974722177,103.075,103.6,0.3078517943310181,102.60416666666667,103.6,0.5827067027667537,35.916666666666664,47.8,6.970628857331782,36.50833333333333,47.8,5.009165841159847,38.833333333333336,50.2,5.2112475904792115,2.0,1.0735294117647058,0.00020120724,0.0001774481,0.00027324999,0.00512779,NO SIGNIFICANT RISK,LOW,-8.2,0.009999999999999787,0.02000000000000135,0.0010000000000000009,-0.3099999999999996,False
2022-09-25 06:00:00+00:00,5.79,0.038,7.36,12.82,102.5,33.0,15,False,2022-09-25 06:00:00+00:00,6,6,9,268,1.0,6.123233995736766e-17,-1.0,-1.8369701987210297e-16,5.91,6.13,6.24,5.57,5.57,0.037,0.037,0.036,0.034,0.034,7.38,7.37,7.37,7.32,7.34,12.8,12.75,12.75,12.96,12.8,102.6,102.7,103.1,103.0,101.7,29.2,31.9,37.5,35.9,39.7,-0.33999999999999986,-0.4500000000000002,0.21999999999999975,0.21999999999999975,0.0010000000000000009,0.0020000000000000018,0.003999999999999997,0.003999999999999997,-0.009999999999999787,-0.009999999999999787,0.040000000000000036,0.020000000000000462,0.07000000000000028,0.07000000000000028,-0.14000000000000057,0.019999999999999574,-0.20000000000000284,-0.5999999999999943,-0.5,0.7999999999999972,1.1000000000000014,-4.5,-2.8999999999999986,-6.700000000000003,6.121666666666667,6.24,0.13166877635440924,5.989166666666667,6.24,0.24574407727379405,5.75375,6.24,0.295308423884913,0.03666666666666666,0.037,0.000516397779494388,0.035583333333333335,0.037,0.0013113721705514982,0.03479166666666667,0.037,0.0012503622663458168,7.376666666666666,7.38,0.005163977794932582,7.362500000000001,7.38,0.020056737702647622,7.34375,7.38,0.025844434267530008,12.76,12.8,0.02190890230022353,12.831666666666665,12.96,0.09093787423124328,12.856666666666667,12.96,0.07704694597489159,102.81666666666666,103.1,0.2136976056643868,103.05833333333334,103.6,0.328794860978938,102.64583333333333,103.6,0.5421207684052131,34.55,47.8,7.411545048098939,36.166666666666664,47.8,5.37440623922705,37.958333333333336,47.8,4.97750737921552,3.8000000000000007,1.13013698630137,4.2320724e-05,0.00022409692,0.00031989484,0.0037820318,NO SIGNIFICANT RISK,LOW,-4.5,-0.009999999999999787,0.07000000000000028,0.0020000000000000018,-0.4500000000000002,False
2022-09-25 07:00:00+00:00,5.7,0.038,7.37,12.86,102.5,31.1,15,False,2022-09-25 07:00:00+00:00,7,6,9,268,0.9659258262890683,-0.25881904510252063,-1.0,-1.8369701987210297e-16,5.79,6.02,6.22,5.62,5.56,0.038,0.037,0.036,0.034,0.034,7.36,7.38,7.38,7.34,7.33,12.82,12.77,12.75,12.95,12.82,102.5,102.6,103.0,103.1,101.8,33.0,27.2,47.8,38.6,45.9,-0.3199999999999994,-0.5199999999999996,0.08000000000000007,0.14000000000000057,0.0010000000000000009,0.0020000000000000018,0.003999999999999997,0.003999999999999997,-0.009999999999999787,-0.009999999999999787,0.03000000000000025,0.040000000000000036,0.08999999999999986,0.10999999999999943,-0.08999999999999986,0.03999999999999915,-0.09999999999999432,-0.5,-0.5999999999999943,0.7000000000000028,3.900000000000002,-16.699999999999996,-7.5,-14.799999999999997,6.046666666666667,6.22,0.1725881417324704,6.007499999999999,6.24,0.218304416313127,5.7629166666666665,6.24,0.2927601654814976,0.037,0.038,0.0006324555320337359,0.035916666666666666,0.038,0.0013789543689024383,0.034958333333333334,0.038,0.0013981094896064249,7.375,7.38,0.008366600265334067,7.365833333333334,7.38,0.01505042031025202,7.3445833333333335,7.38,0.02603996371243462,12.771666666666667,12.82,0.03188521078285854,12.819999999999999,12.96,0.08146387933534786,12.8575,12.96,0.07651371005308036,102.71666666666668,103.0,0.1940790217068428,103.01666666666667,103.6,0.36639108100841883,102.67916666666667,103.6,0.5047420061314996,33.8,47.8,7.279835162969001,35.925000000000004,47.8,5.452126357503286,37.67916666666667,47.8,5.062735054482318,-1.8999999999999986,0.9424242424242425,8.309333e-05,0.00013708169,0.00053531624,0.0035717934,NO SIGNIFICANT RISK,LOW,-16.699999999999996,-0.009999999999999787,0.10999999999999943,0.0020000000000000018,-0.5199999999999996,False
2022-09-25 08:00:00+00:00,5.6,0.038,7.35,12.89,102.5,,15,False,2022-09-25 08:00:00+00:00,8,6,9,268,0.8660254037844387,-0.4999999999999998,-1.0,-1.8369701987210297e-16,5.7,5.91,6.21,5.7,5.54,0.038,0.037,0.037,0.034,0.034,7.37,7.38,7.38,7.34,7.33,12.86,12.8,12.74,12.96,12.83,102.5,102.6,102.9,103.3,101.9,31.1,29.2,33.7,36.3,40.6,-0.3100000000000005,-0.6100000000000003,-0.10000000000000053,0.05999999999999961,0.0010000000000000009,0.0010000000000000009,0.003999999999999997,0.003999999999999997,-0.03000000000000025,-0.03000000000000025,0.009999999999999787,0.019999999999999574,0.08999999999999986,0.15000000000000036,-0.07000000000000028,0.0600000000000005,-0.09999999999999432,-0.4000000000000057,-0.7999999999999972,0.5999999999999943,,,,,5.96,6.21,0.1969771560359235,6.014166666666667,6.24,0.20628569479919043,5.76875,6.24,0.2899222159551559,0.037333333333333336,0.038,0.0005163977794944012,0.03625,0.038,0.0013568010505999222,0.035124999999999997,0.038,0.0015126280039259074,7.373333333333334,7.38,0.008164965809270364,7.368333333333333,7.38,0.012673044646262531,7.34625,7.38,0.026344292344460854,12.79,12.86,0.04560701700397111,12.8125,12.96,0.07200063131036724,12.859166666666667,12.96,0.07609585869247303,102.63333333333334,102.9,0.1505545305418605,102.96666666666665,103.6,0.39389277113397553,102.70833333333333,103.6,0.4708148963942139,31.01666666666667,33.7,2.4408331910777035,35.3,47.8,5.546661567596747,37.0625,47.8,4.917122921596223,,,9.688241e-05,0.00026941826,0.0009403994,0.0023565432,NO SIGNIFICANT RISK,LOW,,-0.03000000000000025,0.15000000000000036,0.0010000000000000009,-0.6100000000000003,False
2022-09-25 09:00:00+00:00,5.56,0.038,7.36,12.89,102.4,,15,False,2022-09-25 09:00:00+00:00,9,6,9,268,0.7071067811865476,-0.7071067811865475,-1.0,-1.8369701987210297e-16,5.6,5.79,6.13,5.91,5.54,0.038,0.038,0.037,0.034,0.034,7.35,7.36,7.37,7.35,7.33,12.89,12.82,12.75,12.92,12.84,102.5,102.5,102.7,103.6,102.0,,33.0,31.9,39.9,41.7,-0.23000000000000043,-0.5700000000000003,-0.35000000000000053,0.019999999999999574,0.0,0.0010000000000000009,0.003999999999999997,0.003999999999999997,0.0,-0.009999999999999787,0.010000000000000675,0.03000000000000025,0.07000000000000028,0.14000000000000057,-0.02999999999999936,0.05000000000000071,-0.09999999999999432,-0.29999999999999716,-1.1999999999999886,0.4000000000000057,,,,,5.858333333333333,6.13,0.19954114028607553,6.0058333333333325,6.24,0.22158348860923582,5.771249999999999,6.24,0.2881170127630066,0.0375,0.038,0.0005477225575052436,0.036583333333333336,0.038,0.001240112409372127,0.035291666666666666,0.038,0.0016010639578422398,7.368333333333332,7.38,0.01169045194449537,7.3691666666666675,7.38,0.010836246694513194,7.347083333333334,7.38,0.026123314036160642,12.815,12.89,0.05319774431308545,12.806666666666665,12.92,0.06095204274798382,12.861666666666666,12.96,0.0760815733085308,102.56666666666666,102.7,0.08164965809282618,102.89999999999999,103.6,0.4000000000000999,102.73333333333333,103.6,0.4410133259020837,,,,,,,,,,,,3.0366398e-05,0.00012177309,0.00041360402,0.0020387454,NO SIGNIFICANT RISK,LOW,,-0.009999999999999787,0.14000000000000057,0.0010000000000000009,-0.5700000000000003,False
2022-09-25 10:00:00+00:00,5.54,0.038,7.36,12.9,102.4,,15,False,2022-09-25 10:00:00+00:00,10,6,9,268,0.49999999999999994,-0.8660254037844387,-1.0,-1.8369701987210297e-16,5.56,5.7,6.02,6.12,5.52,0.038,0.038,0.037,0.035,0.034,7.36,7.37,7.38,7.37,7.33,12.89,12.86,12.77,12.85,12.85,102.4,102.5,102.6,103.5,102.0,,31.1,27.2,38.6,39.0,-0.16000000000000014,-0.47999999999999954,-0.5800000000000001,0.020000000000000462,0.0,0.0010000000000000009,0.0029999999999999957,0.003999999999999997,-0.009999999999999787,-0.019999999999999574,-0.009999999999999787,0.03000000000000025,0.040000000000000924,0.13000000000000078,0.05000000000000071,0.05000000000000071,-0.09999999999999432,-0.19999999999998863,-1.0999999999999943,0.4000000000000057,,,,,5.763333333333333,6.02,0.17895995827745204,5.976666666666667,6.24,0.2557460861989048,5.772083333333334,6.24,0.28744722262895794,0.03766666666666666,0.038,0.0005163977794944079,0.03691666666666667,0.038,0.0009962049198955962,0.035458333333333335,0.038,0.0016675722177612842,7.366666666666667,7.38,0.012110601416385269,7.37,7.38,0.009534625892461611,7.348333333333333,7.38,0.025987734007422852,12.838333333333333,12.89,0.049564772436348686,12.804166666666667,12.89,0.05632024233763777,12.863749999999998,12.96,0.07614702597749494,102.51666666666667,102.6,0.07527726527093878,102.8,103.5,0.3567530340064358,102.75,103.6,0.41910878529693557,,,,,,,,,,,,2.2579483e-05,0.00017142617,0.00037959567,0.001632869,NO SIGNIFICANT RISK,LOW,,-0.019999999999999574,0.13000000000000078,0.0010000000000000009,-0.47999999999999954,False
2022-09-25 11:00:00+00:00,5.51,0.039,7.36,12.9,102.4,30.5,15,False,2022-09-25 11:00:00+00:00,11,6,9,268,0.258819045102521,-0.9659258262890682,-1.0,-1.8369701987210297e-16,5.54,5.6,5.91,6.22,5.5,0.038,0.038,0.037,0.036,0.035,7.36,7.35,7.38,7.37,7.35,12.9,12.89,12.8,12.78,12.87,102.4,102.5,102.6,103.3,102.1,,,29.2,37.4,38.0,-0.08999999999999986,-0.40000000000000036,-0.71,0.009999999999999787,0.0010000000000000009,0.0020000000000000018,0.0030000000000000027,0.003999999999999997,0.010000000000000675,-0.019999999999999574,-0.009999999999999787,0.010000000000000675,0.009999999999999787,0.09999999999999964,0.120000000000001,0.030000000000001137,-0.09999999999999432,-0.19999999999998863,-0.8999999999999915,0.30000000000001137,,1.3000000000000007,-6.899999999999999,-7.5,5.683333333333334,5.91,0.14541893503484163,5.928333333333334,6.24,0.27986468591846253,5.772916666666666,6.24,0.28671269010399053,0.03783333333333334,0.038,0.0004082482904639764,0.03716666666666666,0.038,0.0008348471099366896,0.035625,0.038,0.0017147062113681063,7.363333333333334,7.38,0.010327955589880857,7.3691666666666675,7.38,0.009962049198961405,7.349583333333334,7.38,0.025788296412986272,12.86,12.9,0.04147288270665879,12.808333333333335,12.9,0.06161955612441748,12.865833333333335,12.96,0.07643790697807147,102.48333333333333,102.6,0.07527726527092495,102.70833333333333,103.3,0.2968266507679549,102.76666666666667,103.6,0.3952617918013335,,,,,,,,,,,,3.8020167e-05,0.00011297942,0.00013881431,0.0027259132,NO SIGNIFICANT RISK,LOW,1.3000000000000007,-0.019999999999999574,0.09999999999999964,0.0020000000000000018,-0.40000000000000036,False
2022-09-25 12:00:00+00:00,5.46,0.039,7.34,12.92,102.4,31.2,15,False,2022-09-25 12:00:00+00:00,12,6,9,268,1.2246467991473532e-16,-1.0,-1.0,-1.8369701987210297e-16,5.51,5.56,5.79,6.24,5.48,0.039,0.038,0.038,0.036,0.034,7.36,7.36,7.36,7.37,7.33,12.9,12.89,12.82,12.75,12.9,102.4,102.4,102.5,103.1,102.3,30.5,,33.0,37.5,41.5,-0.09999999999999964,-0.33000000000000007,-0.7800000000000002,-0.020000000000000462,0.0010000000000000009,0.0010000000000000009,0.0030000000000000027,0.0049999999999999975,-0.020000000000000462,-0.020000000000000462,-0.03000000000000025,0.009999999999999787,0.02999999999999936,0.09999999999999964,0.16999999999999993,0.019999999999999574,0.0,-0.09999999999999432,-0.6999999999999886,0.10000000000000853,,-1.8000000000000007,-6.300000000000001,-10.3,5.616666666666667,5.79,0.10745541711178402,5.8691666666666675,6.24,0.287543145642629,5.773333333333333,6.24,0.28630580590123195,0.03816666666666667,0.039,0.0004082482904639871,0.03741666666666667,0.039,0.0009003366373784871,0.035791666666666666,0.039,0.001841057509591487,7.36,7.37,0.006324555320327765,7.368333333333333,7.38,0.010298573010893505,7.349999999999999,7.38,0.025875958289332736,12.876666666666665,12.9,0.031411250638376534,12.818333333333333,12.9,0.06617241025373329,12.867083333333333,12.96,0.07675365260628121,102.45,102.5,0.0547722557505209,102.63333333333334,103.1,0.24246211825341218,102.77916666666665,103.6,0.37761167846105415,,,,,,,,,,0.6999999999999993,1.022950819672131,5.5967907e-05,9.7956196e-05,0.000104747145,0.002070541,NO SIGNIFICANT RISK,LOW,-1.8000000000000007,-0.020000000000000462,0.09999999999999964,0.0010000000000000009,-0.33000000000000007,False
2022-09-25 13:00:00+00:00,5.43,0.038,7.33,12.94,102.4,28.8,15,False,2022-09-25 13:00:00+00:00,13,6,9,268,-0.2588190451025208,-0.9659258262890683,-1.0,-1.8369701987210297e-16,5.46,5.54,5.7,6.22,5.48,0.039,0.038,0.038,0.036,0.034,7.34,7.36,7.37,7.38,7.32,12.92,12.9,12.86,12.75,12.92,102.4,102.4,102.5,103.0,102.4,31.2,,31.1,47.8,46.8,-0.11000000000000032,-0.27000000000000046,-0.79,-0.05000000000000071,0.0,0.0,0.0020000000000000018,0.003999999999999997,-0.03000000000000025,-0.040000000000000036,-0.04999999999999982,0.009999999999999787,0.03999999999999915,0.08000000000000007,0.1899999999999995,0.019999999999999574,0.0,-0.09999999999999432,-0.5999999999999943,0.0,,-2.3000000000000007,-18.999999999999996,-17.999999999999996,5.5616666666666665,5.7,0.082563107176677,5.804166666666667,6.22,0.28423608411872925,5.7725,6.24,0.2872243480051035,0.03833333333333333,0.039,0.000516397779494426,0.03766666666666666,0.039,0.000887625364598558,0.036,0.039,0.001911066171811824,7.3566666666666665,7.37,0.010327955589881173,7.365833333333334,7.38,0.01311372170551833,7.350416666666667,7.38,0.025619144788812304,12.893333333333333,12.92,0.01966384160500826,12.832500000000001,12.92,0.06837397165589008,12.867916666666666,12.96,0.07723364701918434,102.43333333333334,102.5,0.05163977794942613,102.57499999999999,103.0,0.20056737702657293,102.78333333333332,103.6,0.37261317704849656,,,,,,,,,,-2.3999999999999986,0.9230769230769231,3.3275384e-05,9.435387e-05,0.00014047182,0.0018231537,NO SIGNIFICANT RISK,LOW,-2.3000000000000007,-0.040000000000000036,0.08000000000000007,0.0,-0.27000000000000046,False
2022-09-25 14:00:00+00:00,5.41,0.038,7.33,12.95,102.5,27.8,15,False,2022-09-25 14:00:00+00:00,14,6,9,268,-0.4999999999999997,-0.8660254037844388,-1.0,-1.8369701987210297e-16,5.43,5.51,5.6,6.21,5.48,0.038,0.039,0.038,0.037,0.034,7.33,7.36,7.35,7.38,7.33,12.94,12.9,12.89,12.74,12.93,102.4,102.4,102.5,102.9,102.5,28.8,30.5,,33.7,39.3,-0.09999999999999964,-0.1899999999999995,-0.7999999999999998,-0.07000000000000028,-0.0010000000000000009,0.0,0.0010000000000000009,0.003999999999999997,-0.03000000000000025,-0.019999999999999574,-0.04999999999999982,0.0,0.049999999999998934,0.05999999999999872,0.20999999999999908,0.019999999999999574,0.09999999999999432,0.0,-0.4000000000000057,0.0,-2.6999999999999993,,-5.900000000000002,-11.499999999999996,5.516666666666666,5.6,0.06345602151622366,5.738333333333333,6.21,0.2703140709798422,5.770416666666666,6.24,0.28960961980579697,0.03833333333333333,0.039,0.000516397779494426,0.03783333333333334,0.039,0.0007177405625652255,0.036166666666666666,0.039,0.0019034674690672083,7.349999999999999,7.36,0.012649110640669611,7.361666666666667,7.38,0.015859229221977095,7.350833333333334,7.38,0.025180507759266446,12.906666666666666,12.94,0.019663841605006633,12.848333333333334,12.94,0.06952217871538362,12.86875,12.96,0.07792485231744463,102.41666666666667,102.5,0.04082482904636665,102.52499999999999,102.9,0.1544785951634626,102.78333333333335,103.6,0.37261317704849656,,,,,,,,,,-1.0,0.9652777777777778,5.8177367e-05,0.00015870217,0.00027374673,0.0022854318,NO SIGNIFICANT RISK,LOW,,-0.019999999999999574,0.05999999999999872,0.0,-0.1899999999999995,False
2022-09-25 15:00:00+00:00,5.39,0.038,7.34,12.96,102.5,26.7,15,False,2022-09-25 15:00:00+00:00,15,6,9,268,-0.7071067811865471,-0.7071067811865479,-1.0,-1.8369701987210297e-16,5.41,5.46,5.56,6.13,5.49,0.038,0.039,0.038,0.037,0.034,7.33,7.34,7.36,7.37,7.31,12.95,12.92,12.89,12.75,12.93,102.5,102.4,102.4,102.7,102.6,27.8,31.2,,31.9,35.4,-0.07000000000000028,-0.16999999999999993,-0.7400000000000002,-0.10000000000000053,-0.0010000000000000009,0.0,0.0010000000000000009,0.003999999999999997,0.0,-0.020000000000000462,-0.03000000000000025,0.03000000000000025,0.040000000000000924,0.07000000000000028,0.21000000000000085,0.030000000000001137,0.09999999999999432,0.09999999999999432,-0.20000000000000284,-0.09999999999999432,-4.5,,-5.199999999999999,-8.7,5.484999999999999,5.56,0.0609097693313707,5.671666666666667,6.13,0.24041000332134319,5.767499999999999,6.24,0.292994286930502,0.03833333333333334,0.039,0.000516397779494426,0.03791666666666667,0.039,0.0006685579234214685,0.036333333333333336,0.039,0.0018804871400937562,7.346666666666668,7.36,0.015055453054178498,7.357500000000001,7.38,0.017122552910762243,7.350833333333333,7.38,0.025180507759266446,12.916666666666666,12.95,0.02422120283278164,12.865833333333333,12.95,0.06612087187091571,12.869583333333333,12.96,0.07871131439947283,102.41666666666667,102.5,0.04082482904638398,102.49166666666667,102.7,0.09962049198974418,102.78333333333335,103.6,0.37261317704849656,,,,,,,,,,-1.1000000000000014,0.9604316546762589,5.1785377e-05,0.0002783612,0.00034779013,0.00255921,NO SIGNIFICANT RISK,LOW,,-0.020000000000000462,0.07000000000000028,0.0,-0.16999999999999993,False
2022-09-25 16:00:00+00:00,5.37,0.038,7.34,12.97,102.5,32.1,15,False,2022-09-25 16:00:00+00:00,16,6,9,268,-0.8660254037844385,-0.5000000000000004,-1.0,-1.8369701987210297e-16,5.39,5.43,5.54,6.02,5.52,0.038,0.038,0.038,0.037,0.034,7.34,7.33,7.36,7.38,7.3,12.96,12.94,12.9,12.77,12.94,102.5,102.4,102.4,102.6,102.7,26.7,28.8,,27.2,35.8,-0.05999999999999961,-0.16999999999999993,-0.6499999999999995,-0.14999999999999947,0.0,0.0,0.0010000000000000009,0.003999999999999997,0.009999999999999787,-0.020000000000000462,-0.040000000000000036,0.040000000000000036,0.030000000000001137,0.07000000000000028,0.20000000000000107,0.030000000000001137,0.09999999999999432,0.09999999999999432,-0.09999999999999432,-0.20000000000000284,3.3000000000000007,,4.900000000000002,-3.6999999999999957,5.456666666666667,5.54,0.058537737116047664,5.61,6.02,0.20436153347348718,5.763333333333333,6.24,0.29778408674548223,0.03833333333333334,0.039,0.000516397779494426,0.038,0.039,0.0006030226891554672,0.0365,0.039,0.0018415494421345606,7.343333333333333,7.36,0.013662601021276252,7.355,7.38,0.017320508075689387,7.352083333333333,7.38,0.023770490779200265,12.928333333333335,12.96,0.025625508125044934,12.883333333333333,12.96,0.060201681240998235,12.870833333333335,12.96,0.07994110150695226,102.43333333333334,102.5,0.05163977794942975,102.47500000000001,102.6,0.07537783614466477,102.77916666666665,103.6,0.37530181091408477,,,,,,,,,,5.400000000000002,1.202247191011236,7.415313e-05,0.00040653086,0.0008532001,0.0025539875,NO SIGNIFICANT RISK,LOW,,-0.020000000000000462,0.07000000000000028,0.0,-0.16999999999999993,False
2022-09-25 17:00:00+00:00,5.35,0.038,7.35,12.98,102.5,27.4,15,False,2022-09-25 17:00:00+00:00,17,6,9,268,-0.9659258262890683,-0.25881904510252063,-1.0,-1.8369701987210297e-16,5.37,5.41,5.51,5.91,5.54,0.038,0.038,0.039,0.037,0.033,7.34,7.33,7.36,7.38,7.3,12.97,12.95,12.9,12.8,12.95,102.5,102.5,102.4,102.6,102.8,32.1,27.8,30.5,29.2,33.3,-0.0600000000000005,-0.16000000000000014,-0.5600000000000005,-0.1900000000000004,0.0,-0.0010000000000000009,0.0010000000000000009,0.0049999999999999975,0.019999999999999574,-0.010000000000000675,-0.03000000000000025,0.04999999999999982,0.030000000000001137,0.08000000000000007,0.17999999999999972,0.030000000000001137,0.0,0.09999999999999432,-0.09999999999999432,-0.29999999999999716,-0.40000000000000213,-3.1000000000000014,-1.8000000000000007,-5.899999999999999,5.428333333333334,5.51,0.05076087732365865,5.555833333333333,5.91,0.16887102842827537,5.757083333333334,6.24,0.304609217461191,0.03833333333333333,0.039,0.000516397779494426,0.03808333333333334,0.039,0.0005149286505443656,0.03666666666666667,0.039,0.001785610763044812,7.34,7.36,0.010954451150099688,7.351666666666667,7.38,0.015859229221975305,7.353749999999999,7.38,0.021226009475661244,12.94,12.97,0.026076809620811752,12.899999999999999,12.97,0.05325752187591853,12.872083333333334,12.97,0.08129277023667945,102.45,102.5,0.0547722557505148,102.46666666666665,102.6,0.06513389472814426,102.77083333333333,103.6,0.3793348488291851,29.516666666666666,32.1,2.091331314418293,,,,,,,-4.700000000000003,0.8535825545171338,4.770489e-05,0.0001037392,0.00032147916,0.003205494,NO SIGNIFICANT RISK,LOW,-3.1000000000000014,-0.010000000000000675,0.08000000000000007,-0.0010000000000000009,-0.16000000000000014,False
2022-09-25 18:00:00+00:00,5.35,0.038,7.34,12.99,102.6,26.9,15,False,2022-09-25 18:00:00+00:00,18,6,9,268,-1.0,-1.8369701987210297e-16,-1.0,-1.8369701987210297e-16,5.35,5.39,5.46,5.79,5.57,0.038,0.038,0.039,0.038,0.034,7.35,7.34,7.34,7.36,7.32,12.98,12.96,12.92,12.82,12.96,102.5,102.5,102.4,102.5,103.0,27.4,26.7,31.2,33.0,35.9,-0.040000000000000036,-0.11000000000000032,-0.4400000000000004,-0.22000000000000064,0.0,-0.0010000000000000009,0.0,0.003999999999999997,0.0,0.0,-0.020000000000000462,0.019999999999999574,0.02999999999999936,0.07000000000000028,0.16999999999999993,0.02999999999999936,0.09999999999999432,0.19999999999998863,0.09999999999999432,-0.4000000000000057,0.1999999999999993,-4.300000000000001,-6.100000000000001,-9.0,5.401666666666666,5.46,0.040207793606060686,5.509166666666666,5.79,0.13634570589186484,5.7491666666666665,6.24,0.31285385762666307,0.03816666666666666,0.039,0.0004082482904639854,0.03816666666666666,0.039,0.0003892494720806638,0.036875,0.039,0.0016235361299390357,7.338333333333334,7.35,0.007527726527085708,7.349166666666666,7.37,0.013113721705514655,7.355833333333333,7.38,0.01791687731591694,12.953333333333335,12.98,0.021602468994693338,12.915000000000001,12.98,0.04757768766592868,12.873333333333335,12.98,0.08276034897412402,102.46666666666665,102.5,0.05163977794942975,102.45833333333333,102.5,0.05149286505475314,102.75833333333333,103.6,0.3832545602742948,29.0,32.1,2.1808255317654077,,,,,,,-0.5,0.9817518248175182,7.641583e-05,3.635643e-05,0.00020028255,0.0040893788,NO SIGNIFICANT RISK,LOW,-4.300000000000001,0.0,0.07000000000000028,-0.0010000000000000009,-0.11000000000000032,False
2022-09-25 19:00:00+00:00,5.39,0.037,7.33,13.0,102.8,25.5,15,False,2022-09-25 19:00:00+00:00,19,6,9,268,-0.9659258262890684,0.2588190451025203,-1.0,-1.8369701987210297e-16,5.35,5.37,5.43,5.7,5.62,0.038,0.038,0.038,0.038,0.034,7.34,7.34,7.33,7.37,7.34,12.99,12.97,12.94,12.86,12.95,102.6,102.5,102.4,102.5,103.1,26.9,32.1,28.8,31.1,38.6,0.019999999999999574,-0.040000000000000036,-0.3100000000000005,-0.23000000000000043,-0.0010000000000000009,-0.0010000000000000009,-0.0010000000000000009,0.0029999999999999957,-0.009999999999999787,0.0,-0.040000000000000036,-0.009999999999999787,0.02999999999999936,0.0600000000000005,0.14000000000000057,0.05000000000000071,0.29999999999999716,0.3999999999999915,0.29999999999999716,-0.29999999999999716,-6.600000000000001,-3.3000000000000007,-5.600000000000001,-13.100000000000001,5.383333333333333,5.43,0.032659863237123374,5.4725,5.7,0.11071051522695464,5.739999999999999,6.24,0.3214369909180259,0.038,0.038,3.04027088216043e-10,0.03816666666666666,0.039,0.0003892494720806638,0.03704166666666667,0.039,0.001517411029314105,7.338333333333334,7.35,0.007527726527085708,7.347499999999999,7.37,0.012880570286639843,7.3566666666666665,7.38,0.01659404467996211,12.965000000000002,12.99,0.018708286933868862,12.929166666666667,12.99,0.041660605619774096,12.874583333333334,12.99,0.08433778701650005,102.5,102.6,0.06324555320336363,102.46666666666665,102.6,0.06513389472814426,102.74166666666666,103.6,0.38097890694401976,28.283333333333335,32.1,2.0133719643092602,,,,,,,-1.3999999999999986,0.9479553903345725,5.593131e-05,1.9012485e-05,0.00027226855,0.007442305,NO SIGNIFICANT RISK,LOW,-3.3000000000000007,0.0,0.0600000000000005,-0.0010000000000000009,-0.040000000000000036,False
2022-09-25 20:00:00+00:00,5.5,0.036,7.36,13.0,103.2,28.3,15,False,2022-09-25 20:00:00+00:00,20,6,9,268,-0.8660254037844386,0.5000000000000001,-1.0,-1.8369701987210297e-16,5.39,5.35,5.41,5.6,5.7,0.037,0.038,0.038,0.038,0.034,7.33,7.35,7.33,7.35,7.34,13.0,12.98,12.95,12.89,12.96,102.8,102.5,102.5,102.5,103.3,25.5,27.4,27.8,,36.3,0.15000000000000036,0.08999999999999986,-0.09999999999999964,-0.20000000000000018,-0.0020000000000000018,-0.0020000000000000018,-0.0020000000000000018,0.001999999999999995,0.010000000000000675,0.03000000000000025,0.010000000000000675,0.020000000000000462,0.019999999999999574,0.05000000000000071,0.10999999999999943,0.03999999999999915,0.7000000000000028,0.7000000000000028,0.7000000000000028,-0.09999999999999432,0.9000000000000021,0.5,,-7.9999999999999964,5.376666666666666,5.41,0.0242212028327995,5.446666666666666,5.6,0.08626948616065776,5.730416666666666,6.24,0.32852078442178007,0.03783333333333334,0.038,0.00040824829046396527,0.03808333333333334,0.039,0.0005149286505443656,0.03716666666666666,0.039,0.001372609912179906,7.338333333333334,7.35,0.007527726527085708,7.344166666666667,7.36,0.011645001528811469,7.35625,7.38,0.01714706211368096,12.975,13.0,0.01870828693386758,12.940833333333332,13.0,0.04010403138505668,12.876666666666667,13.0,0.0868615423316432,102.56666666666666,102.8,0.12110601416389939,102.49166666666667,102.8,0.11645001528828602,102.72916666666667,103.6,0.3735600372755404,27.733333333333334,32.1,2.27742544700513,,,,,,,2.8000000000000007,1.1098039215686275,6.060931e-05,6.438877e-05,0.00087021646,0.010246038,NO SIGNIFICANT RISK,LOW,0.5,0.03000000000000025,0.05000000000000071,-0.0020000000000000018,0.08999999999999986,False
2022-09-25 21:00:00+00:00,5.72,0.034,7.34,12.96,103.4,34.9,15,False,2022-09-25 21:00:00+00:00,21,6,9,268,-0.7071067811865477,0.7071067811865474,-1.0,-1.8369701987210297e-16,5.5,5.35,5.39,5.56,5.91,0.036,0.038,0.038,0.038,0.034,7.36,7.34,7.34,7.36,7.35,13.0,12.99,12.96,12.89,12.92,103.2,102.6,102.5,102.4,103.6,28.3,26.9,26.7,,39.9,0.3700000000000001,0.33000000000000007,0.16000000000000014,-0.1900000000000004,-0.003999999999999997,-0.003999999999999997,-0.003999999999999997,0.0,0.0,0.0,-0.020000000000000462,-0.009999999999999787,-0.02999999999999936,0.0,0.07000000000000028,0.040000000000000924,0.8000000000000114,0.9000000000000057,1.0,-0.19999999999998863,8.0,8.2,,-5.0,5.391666666666666,5.5,0.05600595206464769,5.438333333333333,5.56,0.0740802186003694,5.722083333333333,6.24,0.3318456839722565,0.0375,0.038,0.0008366600265341158,0.03791666666666666,0.039,0.0007929614610987165,0.03725,0.039,0.0012247448713916048,7.343333333333333,7.36,0.010327955589882079,7.345,7.36,0.012431631210159857,7.357083333333333,7.38,0.01680558050862521,12.983333333333334,13.0,0.016329931618550904,12.950000000000001,13.0,0.04000000000000357,12.878333333333336,13.0,0.08889009661015267,102.68333333333334,103.2,0.27868739954771377,102.55,103.2,0.2354878881271588,102.72500000000001,103.6,0.3674234614175145,27.816666666666663,32.1,2.289468642865964,,,,,,,6.599999999999998,1.23321554770318,2.928846e-05,8.550144e-05,0.02882873,0.04335463,NO SIGNIFICANT RISK,LOW,8.2,0.0,0.0,-0.003999999999999997,0.33000000000000007,False
2022-09-25 22:00:00+00:00,5.93,0.033,7.34,12.93,103.7,37.6,15,False,2022-09-25 22:00:00+00:00,22,6,9,268,-0.5000000000000004,0.8660254037844384,-1.0,-1.8369701987210297e-16,5.72,5.39,5.37,5.54,6.12,0.034,0.037,0.038,0.038,0.035,7.34,7.33,7.34,7.36,7.37,12.96,13.0,12.97,12.9,12.85,103.4,102.8,102.5,102.4,103.5,34.9,25.5,32.1,,38.6,0.54,0.5599999999999996,0.3899999999999997,-0.1900000000000004,-0.003999999999999997,-0.0049999999999999975,-0.0049999999999999975,-0.0020000000000000018,0.009999999999999787,0.0,-0.020000000000000462,-0.03000000000000025,-0.07000000000000028,-0.040000000000000924,0.02999999999999936,0.08000000000000007,0.9000000000000057,1.2000000000000028,1.2999999999999972,0.20000000000000284,12.100000000000001,5.5,,-1.0,5.446666666666666,5.72,0.14514360704718457,5.451666666666667,5.72,0.10564376962512126,5.714166666666667,6.24,0.3294252790736525,0.03683333333333333,0.038,0.0016020819787597323,0.03758333333333334,0.039,0.0013789543689024283,0.03725,0.039,0.0012247448713916048,7.343333333333334,7.36,0.010327955589882079,7.343333333333333,7.36,0.011547005383790662,7.3566666666666665,7.38,0.017110044511584568,12.983333333333334,13.0,0.016329931618550904,12.955833333333333,13.0,0.03528026317500011,12.88,13.0,0.09007243461937084,102.83333333333333,103.4,0.3829708431025384,102.63333333333333,103.4,0.33393884397477347,102.71666666666665,103.5,0.3484957322010518,29.183333333333334,34.9,3.5757050586795533,,,,,,,2.700000000000003,1.0773638968481376,3.0190784e-05,9.999294e-05,0.02537525,0.26269296,24h,LOW,5.5,0.0,-0.040000000000000924,-0.0049999999999999975,0.5599999999999996,False
2022-09-25 23:00:00+00:00,6.16,0.032,7.33,12.85,103.7,38.4,15,False,2022-09-25 23:00:00+00:00,23,6,9,268,-0.25881904510252157,0.9659258262890681,-1.0,-1.8369701987210297e-16,5.93,5.5,5.35,5.51,6.22,0.033,0.036,0.038,0.039,0.036,7.34,7.36,7.35,7.36,7.37,12.93,13.0,12.98,12.9,12.78,103.7,103.2,102.5,102.4,103.3,37.6,28.3,27.4,30.5,37.4,0.6600000000000001,0.8100000000000005,0.6500000000000004,-0.05999999999999961,-0.003999999999999997,-0.005999999999999998,-0.006999999999999999,-0.003999999999999997,-0.03000000000000025,-0.019999999999999574,-0.03000000000000025,-0.040000000000000036,-0.15000000000000036,-0.13000000000000078,-0.05000000000000071,0.07000000000000028,0.5,1.2000000000000028,1.2999999999999972,0.4000000000000057,10.099999999999998,11.0,7.899999999999999,1.0,5.54,5.93,0.23698101189757936,5.484166666666667,5.93,0.17349133241819845,5.70625,6.24,0.32143445474256854,0.036000000000000004,0.038,0.0020976176963403022,0.03716666666666667,0.039,0.0018989630344112972,0.03716666666666667,0.039,0.0014345630047135577,7.343333333333333,7.36,0.010327955589882079,7.341666666666666,7.36,0.010298573010886198,7.355416666666667,7.38,0.01718927033043438,12.976666666666667,13.0,0.027325202042556947,12.958333333333334,13.0,0.031861442452466346,12.883333333333333,13.0,0.090393664007792,103.03333333333335,103.7,0.4760952285695293,102.74166666666667,103.7,0.44406865426084974,102.72499999999998,103.7,0.36978254479465544,30.099999999999998,37.6,4.923819655511349,29.808333333333334,37.6,3.619507332957607,,,,0.7999999999999972,1.0212765957446808,3.2391425e-05,0.00016342232,0.12915134,0.20346373,24h,LOW,11.0,-0.019999999999999574,-0.13000000000000078,-0.005999999999999998,0.8100000000000005,False
2022-09-26 00:00:00+00:00,6.33,0.032,7.32,12.78,103.5,42.7,15,False,2022-09-26 00:00:00+00:00,0,0,9,269,0.0,1.0,-1.0,-1.8369701987210297e-16,6.16,5.72,5.35,5.46,6.24,0.032,0.034,0.038,0.039,0.036,7.33,7.34,7.34,7.34,7.37,12.85,12.96,12.99,12.92,12.75,103.7,103.4,102.6,102.4,103.1,38.4,34.9,26.9,31.2,37.5,0.6100000000000003,0.9800000000000004,0.8700000000000001,0.08999999999999986,-0.0020000000000000018,-0.005999999999999998,-0.006999999999999999,-0.003999999999999997,-0.019999999999999574,-0.019999999999999574,-0.019999999999999574,-0.04999999999999982,-0.1800000000000015,-0.21000000000000085,-0.14000000000000057,0.02999999999999936,0.09999999999999432,0.9000000000000057,1.0999999999999943,0.4000000000000057,7.800000000000004,15.800000000000004,11.500000000000004,5.200000000000003,5.675,6.16,0.32241277890307074,5.538333333333333,6.16,0.2614586125194676,5.703749999999999,6.24,0.31747389485285815,0.035,0.038,0.002366431913239837,0.036583333333333336,0.039,0.0023143164446679677,0.037,0.039,0.0017693034738587752,7.34,7.36,0.010954451150099725,7.339166666666666,7.36,0.009003366373781425,7.353750000000001,7.38,0.017646898976258,12.954999999999998,13.0,0.05822370651203721,12.954166666666667,13.0,0.04187825066532996,12.886249999999999,13.0,0.0880124744122893,103.23333333333333,103.7,0.458984386081567,102.85000000000001,103.7,0.5072205903478434,102.74166666666667,103.7,0.4042348291543904,31.933333333333334,38.4,5.703566135907131,30.466666666666665,38.4,4.392624672693086,,,,4.300000000000004,1.1119791666666667,5.2612573e-05,0.00030430793,0.089122616,0.20643619,24h,LOW,15.800000000000004,-0.019999999999999574,-0.21000000000000085,-0.005999999999999998,0.9800000000000004,False
2022-09-26 01:00:00+00:00,6.4,0.033,7.35,12.72,103.3,41.8,15,False,2022-09-26 01:00:00+00:00,1,0,9,269,0.25881904510252074,0.9659258262890683,-1.0,-1.8369701987210297e-16,6.33,5.93,5.39,5.43,6.22,0.032,0.033,0.037,0.038,0.036,7.32,7.34,7.33,7.33,7.38,12.78,12.93,13.0,12.94,12.75,103.5,103.7,102.8,102.4,103.0,42.7,37.6,25.5,28.8,47.8,0.47000000000000064,1.0100000000000007,0.9700000000000006,0.1800000000000006,0.0,-0.003999999999999997,-0.0049999999999999975,-0.0029999999999999957,0.009999999999999787,0.019999999999999574,0.019999999999999574,-0.03000000000000025,-0.20999999999999908,-0.27999999999999936,-0.21999999999999886,-0.02999999999999936,-0.4000000000000057,0.5,0.8999999999999915,0.29999999999999716,4.199999999999996,16.299999999999997,12.999999999999996,-6.0,5.838333333333334,6.33,0.3696169188046816,5.610833333333333,6.33,0.3450285451519851,5.7075,6.33,0.324536458727642,0.034,0.037,0.0020976176963402827,0.036,0.038,0.0025226248955475647,0.036833333333333336,0.039,0.002035909510816214,7.336666666666667,7.36,0.013662601021276866,7.3374999999999995,7.36,0.010552897060218034,7.351666666666667,7.38,0.018572224859501184,12.92,13.0,0.08831760866327709,12.9425,13.0,0.06524429616310194,12.887500000000001,13.0,0.08618735910541171,103.38333333333333,103.7,0.34302575219168535,102.94166666666668,103.7,0.5177895910562139,102.75833333333334,103.7,0.4272425913741383,34.56666666666666,42.7,6.5058947629566415,31.425,42.7,5.643520016959157,,,,-0.9000000000000057,0.9789227166276345,8.607646e-05,0.00020181786,0.014005002,0.27725002,24h,LOW,16.299999999999997,0.019999999999999574,-0.27999999999999936,-0.003999999999999997,1.0100000000000007,False
2022-09-26 02:00:00+00:00,6.43,0.034,7.33,12.68,103.0,37.6,15,False,2022-09-26 02:00:00+00:00,2,0,9,269,0.49999999999999994,0.8660254037844387,-1.0,-1.8369701987210297e-16,6.4,6.16,5.5,5.41,6.21,0.033,0.032,0.036,0.038,0.037,7.35,7.33,7.36,7.33,7.38,12.72,12.85,13.0,12.95,12.74,103.3,103.7,103.2,102.5,102.9,41.8,38.4,28.3,27.8,33.7,0.2699999999999996,0.9299999999999997,1.0199999999999996,0.21999999999999975,0.0020000000000000018,-0.001999999999999995,-0.003999999999999997,-0.0029999999999999957,0.0,-0.03000000000000025,0.0,-0.04999999999999982,-0.16999999999999993,-0.3200000000000003,-0.2699999999999996,-0.0600000000000005,-0.7000000000000028,-0.20000000000000284,0.5,0.09999999999999432,-0.7999999999999972,9.3,9.8,3.8999999999999986,6.006666666666667,6.4,0.35426920084402774,5.691666666666666,6.4,0.40689139344621666,5.715,6.4,0.3386674654789168,0.03333333333333333,0.036,0.0015055453054181244,0.035583333333333335,0.038,0.002574643252722189,0.036708333333333336,0.039,0.002176538269955237,7.34,7.36,0.014142135623728153,7.339166666666666,7.36,0.01083624669450514,7.350416666666667,7.38,0.017564580631304866,12.873333333333333,13.0,0.10911767348448272,12.924166666666666,13.0,0.09159777025207495,12.886249999999999,13.0,0.08845595809067408,103.46666666666668,103.7,0.20655911179774364,103.01666666666667,103.7,0.49696045815518125,102.77083333333333,103.7,0.4388514323893413,37.28333333333333,42.7,5.243440346439223,32.50833333333333,42.7,6.303023564973126,,,,-4.199999999999996,0.8995215311004786,8.666403e-05,0.000354036,0.008906428,0.20400101,24h,LOW,9.3,-0.03000000000000025,-0.3200000000000003,-0.001999999999999995,0.9299999999999997,False
2022-09-26 03:00:00+00:00,6.36,0.034,7.34,12.67,102.8,36.3,15,False,2022-09-26 03:00:00+00:00,3,0,9,269,0.7071067811865476,0.7071067811865476,-1.0,-1.8369701987210297e-16,6.43,6.33,5.72,5.39,6.13,0.034,0.032,0.034,0.038,0.037,7.33,7.32,7.34,7.34,7.37,12.68,12.78,12.96,12.96,12.75,103.0,103.5,103.4,102.5,102.7,37.6,42.7,34.9,26.7,31.9,0.03000000000000025,0.6400000000000006,0.9700000000000006,0.23000000000000043,0.0020000000000000018,0.0,-0.003999999999999997,-0.0029999999999999957,0.019999999999999574,0.0,0.0,-0.03000000000000025,-0.10999999999999943,-0.2900000000000009,-0.2900000000000009,-0.08000000000000007,-0.7000000000000028,-0.6000000000000085,0.29999999999999716,0.09999999999999432,-6.400000000000006,1.3999999999999986,9.599999999999998,4.399999999999999,6.161666666666666,6.43,0.2849151920601385,5.776666666666667,6.43,0.4472406985329482,5.724166666666668,6.43,0.3552208947373047,0.033,0.034,0.0008944271909998457,0.03525,0.038,0.0024908925016036893,0.036583333333333336,0.039,0.0022441550490235724,7.335000000000001,7.35,0.010488088481698103,7.339166666666666,7.36,0.01083624669450514,7.348333333333334,7.38,0.016854019432007095,12.82,12.96,0.11296016997154001,12.901666666666669,13.0,0.11487806447259721,12.88375,13.0,0.09347459547919941,103.43333333333334,103.7,0.2658320271650355,103.05833333333334,103.7,0.4699290726625126,102.77499999999999,103.7,0.4406023544905775,38.833333333333336,42.7,2.9138748543248525,33.324999999999996,42.7,6.272323768313136,,,,-1.3000000000000043,0.9654255319148936,0.000104711195,0.00023820513,0.0006569633,0.07564795,NO SIGNIFICANT RISK,LOW,1.3999999999999986,0.0,-0.2900000000000009,0.0,0.6400000000000006,False
2022-09-26 04:00:00+00:00,6.22,0.035,7.34,12.69,102.5,33.2,15,False,2022-09-26 04:00:00+00:00,4,0,9,269,0.8660254037844386,0.5000000000000001,-1.0,-1.8369701987210297e-16,6.36,6.4,5.93,5.37,6.02,0.034,0.033,0.033,0.038,0.037,7.34,7.35,7.34,7.34,7.38,12.67,12.72,12.93,12.97,12.77,102.8,103.3,103.7,102.5,102.6,36.3,41.8,37.6,32.1,27.2,-0.1800000000000006,0.29000000000000004,0.8499999999999996,0.20000000000000018,0.0020000000000000018,0.0020000000000000018,-0.0029999999999999957,-0.001999999999999995,-0.009999999999999787,0.0,0.0,-0.040000000000000036,-0.030000000000001137,-0.2400000000000002,-0.28000000000000114,-0.08000000000000007,-0.7999999999999972,-1.2000000000000028,0.0,-0.09999999999999432,-8.599999999999994,-4.399999999999999,1.1000000000000014,6.0000000000000036,6.2683333333333335,6.43,0.19072668053176312,5.857500000000001,6.43,0.4585178691868319,5.73375,6.43,0.36946274154683684,0.033,0.034,0.0008944271909998457,0.03491666666666667,0.038,0.002353269807709867,0.036458333333333336,0.039,0.0023027236551275703,7.335,7.35,0.010488088481698103,7.339166666666666,7.36,0.01083624669450514,7.347083333333334,7.38,0.01627993341153561,12.771666666666667,12.93,0.10264826674944613,12.8775,13.0,0.1308798894198266,12.880416666666667,13.0,0.09967247086972078,103.33333333333333,103.7,0.37237973450050815,103.08333333333333,103.7,0.4448356863819569,102.77916666666665,103.7,0.4403350173859262,39.06666666666667,42.7,2.5718994277900302,34.125,42.7,5.954696389481962,,,,-3.0999999999999943,0.9146005509641875,5.7826193e-05,0.000117255186,0.0006997538,0.037131287,NO SIGNIFICANT RISK,LOW,-4.399999999999999,0.0,-0.2400000000000002,0.0020000000000000018,0.29000000000000004,False
2022-09-26 05:00:00+00:00,6.09,0.036,7.31,12.71,102.4,23.5,15,False,2022-09-26 05:00:00+00:00,5,0,9,269,0.9659258262890683,0.25881904510252074,-1.0,-1.8369701987210297e-16,6.22,6.43,6.16,5.35,5.91,0.035,0.034,0.032,0.038,0.037,7.34,7.33,7.33,7.35,7.38,12.69,12.68,12.85,12.98,12.8,102.5,103.0,103.7,102.5,102.6,33.2,37.6,38.4,27.4,29.2,-0.33999999999999986,-0.07000000000000028,0.7400000000000002,0.17999999999999972,0.001999999999999995,0.003999999999999997,-0.0020000000000000018,-0.0010000000000000009,-0.020000000000000462,-0.020000000000000462,-0.040000000000000036,-0.07000000000000028,0.030000000000001137,-0.1399999999999988,-0.2699999999999996,-0.08999999999999986,-0.5999999999999943,-1.2999999999999972,-0.09999999999999432,-0.19999999999998863,-14.100000000000001,-14.899999999999999,-3.8999999999999986,-5.699999999999999,6.316666666666666,6.43,0.10557777543908121,5.928333333333334,6.43,0.44170811698004414,5.742083333333333,6.43,0.3783485759554761,0.03333333333333333,0.035,0.0012110601416389529,0.034666666666666665,0.038,0.002146173479954653,0.036375,0.039,0.002318404623873929,7.335000000000001,7.35,0.010488088481698103,7.339166666666667,7.36,0.01083624669450514,7.345416666666666,7.38,0.014738050920237228,12.731666666666667,12.85,0.07026141662865248,12.854166666666666,13.0,0.13767275648721697,12.877083333333333,13.0,0.10473482734014981,103.13333333333333,103.7,0.4501851470969015,103.08333333333333,103.7,0.4448356863819569,102.77499999999999,103.7,0.4425715368360499,38.333333333333336,42.7,3.524580353271389,34.21666666666667,42.7,5.929101316746311,,,,-9.700000000000003,0.7078313253012047,7.4811695e-05,0.00012351749,0.0004319198,0.02689574,NO SIGNIFICANT RISK,LOW,-14.899999999999999,-0.020000000000000462,-0.1399999999999988,0.003999999999999997,-0.07000000000000028,False
2022-09-26 06:00:00+00:00,5.99,0.036,7.32,12.75,102.4,33.5,15,False,2022-09-26 06:00:00+00:00,6,0,9,269,1.0,6.123233995736766e-17,-1.0,-1.8369701987210297e-16,6.09,6.36,6.33,5.35,5.79,0.036,0.034,0.032,0.038,0.038,7.31,7.34,7.32,7.34,7.36,12.71,12.67,12.78,12.99,12.82,102.4,102.8,103.5,102.6,102.5,23.5,36.3,42.7,26.9,33.0,-0.3700000000000001,-0.33999999999999986,0.6400000000000006,0.20000000000000018,0.001999999999999995,0.003999999999999997,-0.0020000000000000018,-0.0020000000000000018,-0.019999999999999574,0.0,-0.019999999999999574,-0.040000000000000036,0.08000000000000007,-0.02999999999999936,-0.2400000000000002,-0.07000000000000028,-0.3999999999999915,-1.0999999999999943,-0.19999999999998863,-0.09999999999999432,-2.799999999999997,-9.200000000000003,6.600000000000001,0.5,6.305,6.43,0.12786711852543808,5.989999999999999,6.43,0.40364250609576285,5.749583333333334,6.43,0.3835699490276864,0.033999999999999996,0.036,0.0014142135623730677,0.0345,0.038,0.0019306145983268626,0.036333333333333336,0.039,0.002315668119696716,7.331666666666666,7.35,0.01471960144387776,7.335833333333333,7.36,0.013113721705511798,7.3425,7.37,0.01452134860188101,12.708333333333334,12.78,0.03970726214012814,12.831666666666665,13.0,0.13730081992295537,12.873333333333333,13.0,0.10913361043938848,102.91666666666667,103.5,0.4355073669487623,103.075,103.7,0.45751304005273846,102.76666666666667,103.7,0.44786126216157435,35.85,42.7,7.001928305831186,33.891666666666666,42.7,6.4230350137516155,,,,10.0,1.425531914893617,0.00010565138,0.00016659923,0.0017027184,0.06319806,NO SIGNIFICANT RISK,LOW,-9.200000000000003,0.0,-0.02999999999999936,0.003999999999999997,-0.33999999999999986,False
2022-09-26 07:00:00+00:00,5.91,0.037,7.34,12.76,102.2,27.0,15,False,2022-09-26 07:00:00+00:00,7,0,9,269,0.9659258262890683,-0.25881904510252063,-1.0,-1.8369701987210297e-16,5.99,6.22,6.4,5.39,5.7,0.036,0.035,0.033,0.037,0.038,7.32,7.34,7.35,7.33,7.37,12.75,12.69,12.72,13.0,12.86,102.4,102.5,103.3,102.8,102.5,33.5,33.2,41.8,25.5,31.1,-0.3099999999999996,-0.4900000000000002,0.5200000000000005,0.20999999999999996,0.001999999999999995,0.003999999999999997,0.0,-0.0010000000000000009,0.0,-0.009999999999999787,0.009999999999999787,-0.03000000000000025,0.07000000000000028,0.03999999999999915,-0.2400000000000002,-0.09999999999999964,-0.29999999999999716,-1.0999999999999943,-0.5999999999999943,-0.29999999999999716,-6.200000000000003,-14.799999999999997,1.5,-4.100000000000001,6.248333333333334,6.43,0.17949001829256456,6.043333333333333,6.43,0.3501255186184999,5.757916666666667,6.43,0.3866464418748649,0.034666666666666665,0.036,0.0012110601416389756,0.034333333333333334,0.037,0.001669694219873466,0.036250000000000004,0.039,0.0022889146849069367,7.331666666666666,7.35,0.01471960144387776,7.334166666666666,7.36,0.01378954368902099,7.340833333333333,7.37,0.014719601443878159,12.703333333333333,12.75,0.02943920288772817,12.811666666666667,13.0,0.1293925200404758,12.870416666666666,13.0,0.11153003754756957,102.73333333333335,103.3,0.36696957185389617,103.05833333333334,103.7,0.4795041630938735,102.7625,103.7,0.45090488730034284,34.31666666666666,41.8,6.1583818220914655,34.44166666666667,42.7,6.041140520454659,,,,-6.5,0.8059701492537313,4.4439454e-05,0.00019411708,0.00055296125,0.01541072,NO SIGNIFICANT RISK,LOW,-14.799999999999997,-0.009999999999999787,0.03999999999999915,0.003999999999999997,-0.4900000000000002,False
2022-09-26 08:00:00+00:00,5.83,0.037,7.35,12.79,102.3,23.1,15,False,2022-09-26 08:00:00+00:00,8,0,9,269,0.8660254037844387,-0.4999999999999998,-1.0,-1.8369701987210297e-16,5.91,6.09,6.43,5.5,5.6,0.037,0.036,0.034,0.036,0.038,7.34,7.31,7.33,7.36,7.35,12.76,12.71,12.68,13.0,12.89,102.2,102.4,103.0,103.2,102.5,27.0,23.5,37.6,28.3,,-0.2599999999999998,-0.5999999999999996,0.33000000000000007,0.23000000000000043,0.0010000000000000009,0.0029999999999999957,0.0010000000000000009,-0.0010000000000000009,0.040000000000000036,0.019999999999999574,-0.010000000000000675,0.0,0.0799999999999983,0.10999999999999943,-0.21000000000000085,-0.10000000000000142,-0.10000000000000853,-0.7000000000000028,-0.9000000000000057,-0.20000000000000284,-0.3999999999999986,-14.5,-5.199999999999999,,6.166666666666667,6.43,0.20617144968851842,6.086666666666666,6.43,0.28870662471011893,5.766666666666667,6.43,0.3876536628471879,0.035333333333333335,0.037,0.001211060141638985,0.034333333333333334,0.037,0.001669694219873466,0.036208333333333335,0.039,0.002264646371601052,7.330000000000001,7.34,0.012649110640671495,7.335,7.36,0.01381698559415184,7.339583333333333,7.36,0.013344650993745624,12.709999999999999,12.76,0.0374165738677156,12.791666666666666,13.0,0.11543068233465113,12.86625,13.0,0.11378135019489734,102.55,103.0,0.29495762407497134,103.00833333333333,103.7,0.5367551216394381,102.75,103.7,0.46250734424254336,31.849999999999998,37.6,5.489171157834293,34.56666666666667,42.7,5.851858031791512,,,,-3.8999999999999986,0.8555555555555556,6.2347004e-05,0.00023521834,0.0010767725,0.009176709,NO SIGNIFICANT RISK,LOW,-14.5,0.019999999999999574,0.10999999999999943,0.0029999999999999957,-0.5999999999999996,False
2022-09-26 09:00:00+00:00,5.77,0.037,7.37,12.81,102.3,24.6,15,False,2022-09-26 09:00:00+00:00,9,0,9,269,0.7071067811865476,-0.7071067811865475,-1.0,-1.8369701987210297e-16,5.83,5.99,6.36,5.72,5.56,0.037,0.036,0.034,0.034,0.038,7.35,7.32,7.34,7.34,7.36,12.79,12.75,12.67,12.96,12.89,102.3,102.4,102.8,103.4,102.4,23.1,33.5,36.3,34.9,,-0.22000000000000064,-0.5900000000000007,0.04999999999999982,0.20999999999999996,0.0010000000000000009,0.0029999999999999957,0.0029999999999999957,-0.0010000000000000009,0.04999999999999982,0.03000000000000025,0.03000000000000025,0.009999999999999787,0.0600000000000005,0.14000000000000057,-0.15000000000000036,-0.08000000000000007,-0.10000000000000853,-0.5,-1.1000000000000085,-0.10000000000000853,-8.899999999999999,-11.699999999999996,-10.299999999999997,,6.066666666666666,6.36,0.19825908974537745,6.114166666666666,6.43,0.2392206411485205,5.77625,6.43,0.3861945049481862,0.03583333333333333,0.037,0.0011690451944500065,0.03441666666666667,0.037,0.001781640374554443,0.036166666666666666,0.039,0.002239306310807702,7.333333333333333,7.35,0.01505545305417965,7.334166666666666,7.35,0.012401124093717462,7.339583333333334,7.36,0.013344650993745624,12.728333333333333,12.79,0.045789372857302564,12.774166666666668,12.96,0.09510361175947903,12.862083333333333,13.0,0.11470109232134668,102.43333333333332,102.8,0.2065591117975935,102.93333333333334,103.7,0.5694228870027309,102.74166666666667,103.7,0.4689643229840767,29.433333333333337,36.3,5.6411582734990215,34.13333333333333,42.7,6.513249898662314,,,,1.5,1.0649350649350648,5.2577612e-05,0.00016889462,0.0009753123,0.0118289,NO SIGNIFICANT RISK,LOW,-11.699999999999996,0.03000000000000025,0.14000000000000057,0.0029999999999999957,-0.5900000000000007,False
2022-09-26 10:00:00+00:00,5.71,0.037,7.36,12.82,102.2,19.1,15,False,2022-09-26 10:00:00+00:00,10,0,9,269,0.49999999999999994,-0.8660254037844387,-1.0,-1.8369701987210297e-16,5.77,5.91,6.22,5.93,5.54,0.037,0.037,0.035,0.033,0.038,7.37,7.34,7.34,7.34,7.36,12.81,12.76,12.69,12.93,12.9,102.3,102.2,102.5,103.7,102.4,24.6,27.0,33.2,37.6,,-0.20000000000000018,-0.5099999999999998,-0.21999999999999975,0.16999999999999993,0.0,0.001999999999999995,0.003999999999999997,-0.0010000000000000009,0.020000000000000462,0.020000000000000462,0.020000000000000462,0.0,0.0600000000000005,0.13000000000000078,-0.10999999999999943,-0.08000000000000007,0.0,-0.29999999999999716,-1.5,-0.20000000000000284,-7.899999999999999,-14.100000000000001,-18.5,,5.968333333333334,6.22,0.16762060334775666,6.118333333333332,6.43,0.23205929231881495,5.785,6.43,0.3834511476168723,0.036333333333333336,0.037,0.0008164965809277293,0.034666666666666665,0.037,0.0019227505550564166,0.036125,0.039,0.0022128576841800723,7.338333333333334,7.37,0.021369760566431317,7.336666666666667,7.37,0.016143297699230473,7.34,7.37,0.014142135623729138,12.751666666666665,12.81,0.045789372857306006,12.761666666666665,12.93,0.0764951969179497,12.85875,13.0,0.11501653945335874,102.35000000000001,102.5,0.10488088481672801,102.84166666666665,103.7,0.5759708536397624,102.7375,103.7,0.4725623952361567,27.483333333333334,33.5,4.7435921690915235,33.275,42.7,7.058859681280004,,,,-5.5,0.7764227642276423,5.295385e-05,0.00029825518,0.0013340076,0.017207898,NO SIGNIFICANT RISK,LOW,-14.100000000000001,0.020000000000000462,0.13000000000000078,0.001999999999999995,-0.5099999999999998,False
2022-09-26 11:00:00+00:00,5.64,0.036,7.36,12.86,102.4,24.7,15,False,2022-09-26 11:00:00+00:00,11,0,9,269,0.258819045102521,-0.9659258262890682,-1.0,-1.8369701987210297e-16,5.71,5.83,6.09,6.16,5.51,0.037,0.037,0.036,0.032,0.039,7.36,7.35,7.31,7.33,7.36,12.82,12.79,12.71,12.85,12.9,102.2,102.3,102.4,103.7,102.4,19.1,23.1,23.5,38.4,30.5,-0.1900000000000004,-0.4500000000000002,-0.5200000000000005,0.1299999999999999,-0.0010000000000000009,0.0,0.003999999999999997,-0.0030000000000000027,0.010000000000000675,0.05000000000000071,0.03000000000000025,0.0,0.07000000000000028,0.14999999999999858,0.009999999999999787,-0.040000000000000924,0.10000000000000853,0.0,-1.2999999999999972,0.0,1.5999999999999979,1.1999999999999993,-13.7,-5.800000000000001,5.883333333333333,6.09,0.14179797835888316,6.1000000000000005,6.43,0.255769782848123,5.792083333333334,6.43,0.38028569542506896,0.03666666666666667,0.037,0.0005163977794943425,0.035,0.037,0.001954016841836801,0.036083333333333335,0.039,0.002185260240529852,7.341666666666666,7.37,0.023166067138523927,7.338333333333334,7.37,0.017494587907708508,7.34,7.37,0.014142135623729138,12.773333333333333,12.82,0.04131182235953345,12.7525,12.85,0.05910314558619179,12.855416666666665,13.0,0.11492830153079592,102.3,102.4,0.08944271909964202,102.71666666666665,103.7,0.5339958006872303,102.72916666666667,103.7,0.4804700295287847,25.133333333333336,33.5,4.836803352077316,31.733333333333334,42.7,7.987528157108843,30.770833333333332,42.7,6.143747558125321,5.599999999999998,1.2931937172774868,6.471212e-05,0.00033663958,0.0013023224,0.061541446,NO SIGNIFICANT RISK,LOW,1.1999999999999993,0.05000000000000071,0.14999999999999858,0.0,-0.4500000000000002,False
2022-09-26 12:00:00+00:00,5.59,0.035,7.35,12.9,102.5,39.0,15,False,2022-09-26 12:00:00+00:00,12,0,9,269,1.2246467991473532e-16,-1.0,-1.0,-1.8369701987210297e-16,5.64,5.77,5.99,6.33,5.46,0.036,0.037,0.036,0.032,0.039,7.36,7.37,7.32,7.32,7.34,12.86,12.81,12.75,12.78,12.92,102.4,102.3,102.4,103.5,102.4,24.7,24.6,33.5,42.7,31.2,-0.17999999999999972,-0.40000000000000036,-0.7400000000000002,0.1299999999999999,-0.001999999999999995,-0.000999999999999994,0.0030000000000000027,-0.003999999999999997,-0.020000000000000462,0.02999999999999936,0.02999999999999936,0.009999999999999787,0.08999999999999986,0.15000000000000036,0.120000000000001,-0.019999999999999574,0.20000000000000284,0.09999999999999432,-1.0,0.09999999999999432,14.399999999999999,5.5,-3.700000000000003,7.800000000000001,5.808333333333334,5.99,0.12906070922889953,6.0566666666666675,6.43,0.2868427929699165,5.797499999999999,6.43,0.37700478603812576,0.03666666666666667,0.037,0.0005163977794943425,0.035333333333333335,0.037,0.0017232808737106685,0.035958333333333335,0.039,0.0020951116327353994,7.3500000000000005,7.37,0.0178885438199956,7.340833333333333,7.37,0.01831955405041345,7.340000000000001,7.37,0.014142135623729138,12.798333333333332,12.86,0.04070217029429698,12.753333333333332,12.86,0.06065301211637101,12.85375,13.0,0.11454304298233084,102.30000000000001,102.4,0.08944271909964202,102.60833333333333,103.5,0.4399552318823776,102.72916666666667,103.7,0.4804700295287847,25.333333333333332,33.5,4.780237093143641,30.59166666666667,42.7,7.926876988315093,30.52916666666667,42.7,6.267686569024975,14.3,1.5789473684210527,9.978424e-05,0.0005520515,0.024485268,0.15852454,24h,LOW,5.5,0.02999999999999936,0.15000000000000036,-0.000999999999999994,-0.40000000000000036,False
2022-09-26 13:00:00+00:00,5.57,0.034,7.33,12.89,102.4,36.3,15,False,2022-09-26 13:00:00+00:00,13,0,9,269,-0.2588190451025208,-0.9659258262890683,-1.0,-1.8369701987210297e-16,5.59,5.71,5.91,6.4,5.43,0.035,0.037,0.037,0.033,0.038,7.35,7.36,7.34,7.35,7.33,12.9,12.82,12.76,12.72,12.94,102.5,102.2,102.2,103.3,102.4,39.0,19.1,27.0,41.8,28.8,-0.13999999999999968,-0.33999999999999986,-0.8300000000000001,0.14000000000000057,-0.0029999999999999957,-0.0029999999999999957,0.0010000000000000009,-0.003999999999999997,-0.03000000000000025,-0.009999999999999787,-0.019999999999999574,0.0,0.07000000000000028,0.13000000000000078,0.16999999999999993,-0.049999999999998934,0.20000000000000284,0.20000000000000284,-0.8999999999999915,0.0,17.199999999999996,9.299999999999997,-5.5,7.4999999999999964,5.741666666666667,5.91,0.11940128419186574,5.995000000000001,6.43,0.30188799849672504,5.802916666666667,6.43,0.3728559480161412,0.0365,0.037,0.0008366600265340841,0.035583333333333335,0.037,0.0013789543689024589,0.035791666666666666,0.038,0.0019995470501583843,7.355,7.37,0.010488088481696288,7.343333333333333,7.37,0.017232808737106167,7.340416666666667,7.37,0.014288690166233438,12.823333333333332,12.9,0.05006662228137865,12.763333333333334,12.9,0.07389591369356541,12.852916666666667,13.0,0.11411204130596565,102.31666666666666,102.5,0.11690451944473627,102.52499999999999,103.3,0.3387812380767135,102.73333333333333,103.7,0.47791819080411513,26.25,39.0,6.771927347513389,30.28333333333333,41.8,7.471988092911193,30.854166666666668,42.7,6.501837811537294,-2.700000000000003,0.9307692307692307,5.7259895e-05,0.0019488836,0.059992403,0.22633855,24h,LOW,9.299999999999997,-0.009999999999999787,0.13000000000000078,-0.0029999999999999957,-0.33999999999999986,False
2022-09-26 14:00:00+00:00,5.53,0.034,7.32,12.9,102.4,61.0,15,False,2022-09-26 14:00:00+00:00,14,0,9,269,-0.4999999999999997,-0.8660254037844388,-1.0,-1.8369701987210297e-16,5.57,5.64,5.83,6.43,5.41,0.034,0.036,0.037,0.034,0.038,7.33,7.36,7.35,7.33,7.33,12.89,12.86,12.79,12.68,12.95,102.4,102.4,102.3,103.0,102.5,36.3,24.7,23.1,37.6,27.8,-0.10999999999999943,-0.2999999999999998,-0.8999999999999995,0.1200000000000001,-0.001999999999999995,-0.0029999999999999957,0.0,-0.003999999999999997,-0.040000000000000036,-0.02999999999999936,-0.009999999999999787,-0.009999999999999787,0.040000000000000924,0.11000000000000121,0.22000000000000064,-0.049999999999998934,0.0,0.10000000000000853,-0.5999999999999943,-0.09999999999999432,36.3,37.9,23.4,33.2,5.685,5.83,0.10310189135025623,5.925833333333333,6.43,0.29567975100015,5.80875,6.43,0.367829266868772,0.036,0.037,0.0012649110640673522,0.035666666666666666,0.037,0.001230914909793337,0.035625,0.038,0.0019740159904202323,7.353333333333333,7.37,0.01366260102127552,7.341666666666668,7.37,0.017494587907709455,7.340416666666666,7.37,0.014288690166233438,12.845,12.9,0.0450555213042731,12.777499999999998,12.9,0.08080560286605334,12.850833333333334,13.0,0.11290306217846915,102.35000000000001,102.5,0.10488088481672865,102.45,103.0,0.23548788812718807,102.73333333333333,103.7,0.47791819080411513,27.8,39.0,7.941284530855179,29.825000000000003,39.0,6.843593553629067,31.166666666666668,42.7,6.578599472113544,24.700000000000003,1.6804407713498624,0.00011020868,0.08521883,0.40589863,0.5715695,12h,MEDIUM,37.9,-0.02999999999999936,0.11000000000000121,-0.0029999999999999957,-0.2999999999999998,False
2022-09-26 15:00:00+00:00,5.53,0.033,7.31,12.9,102.3,65.0,15,False,2022-09-26 15:00:00+00:00,15,0,9,269,-0.7071067811865471,-0.7071067811865479,-1.0,-1.8369701987210297e-16,5.53,5.59,5.77,6.36,5.39,0.034,0.035,0.037,0.034,0.038,7.32,7.35,7.37,7.34,7.34,12.9,12.9,12.81,12.67,12.96,102.4,102.5,102.3,102.8,102.5,61.0,39.0,24.6,36.3,26.7,-0.05999999999999961,-0.23999999999999932,-0.8300000000000001,0.14000000000000057,-0.0020000000000000018,-0.003999999999999997,-0.0010000000000000009,-0.0049999999999999975,-0.040000000000000036,-0.0600000000000005,-0.03000000000000025,-0.03000000000000025,0.0,0.08999999999999986,0.23000000000000043,-0.0600000000000005,-0.20000000000000284,0.0,-0.5,-0.20000000000000284,26.0,40.4,28.700000000000003,38.3,5.635000000000001,5.77,0.09071934744033429,5.850833333333333,6.36,0.26912174782338055,5.81375,6.43,0.36295660897688714,0.0355,0.037,0.0013784048752090185,0.035666666666666666,0.037,0.001230914909793337,0.035458333333333335,0.038,0.001933214639035121,7.348333333333333,7.37,0.019407902170676943,7.340833333333333,7.37,0.01831955405041345,7.340000000000001,7.37,0.014744195615487956,12.863333333333335,12.9,0.040331955899344296,12.795833333333333,12.9,0.08162645887137186,12.84875,13.0,0.11144554138973925,102.36666666666667,102.5,0.10327955589857792,102.39999999999999,102.8,0.15954480704366103,102.72916666666667,103.7,0.4804700295287847,34.11666666666667,61.0,15.205711646176464,31.775000000000002,61.0,11.204635810072729,32.55,61.0,8.915448243992236,4.0,1.0655737704918034,0.00015147998,0.4048598,0.72347903,0.5649293,6h,HIGH,40.4,-0.0600000000000005,0.08999999999999986,-0.003999999999999997,-0.23999999999999932,False
2022-09-26 16:00:00+00:00,5.67,0.032,7.28,12.84,102.3,83.7,15,False,2022-09-26 16:00:00+00:00,16,0,9,269,-0.8660254037844385,-0.5000000000000004,-1.0,-1.8369701987210297e-16,5.53,5.57,5.71,6.22,5.37,0.033,0.034,0.037,0.035,0.038,7.31,7.33,7.36,7.34,7.34,12.9,12.89,12.82,12.69,12.97,102.3,102.4,102.2,102.5,102.5,65.0,36.3,19.1,33.2,32.1,0.09999999999999964,-0.040000000000000036,-0.5499999999999998,0.2999999999999998,-0.0020000000000000018,-0.0049999999999999975,-0.0030000000000000027,-0.005999999999999998,-0.04999999999999982,-0.08000000000000007,-0.05999999999999961,-0.05999999999999961,-0.05000000000000071,0.019999999999999574,0.15000000000000036,-0.13000000000000078,-0.10000000000000853,0.09999999999999432,-0.20000000000000284,-0.20000000000000284,47.400000000000006,64.6,50.5,51.6,5.595,5.71,0.06978538528947274,5.781666666666666,6.22,0.2302107071727252,5.819583333333333,6.43,0.35692502155844125,0.034833333333333334,0.037,0.0014719601443879662,0.035583333333333335,0.037,0.0013789543689024589,0.03525,0.038,0.0019167454300136563,7.338333333333334,7.36,0.021369760566431202,7.338333333333334,7.37,0.02037526724122789,7.33875,7.37,0.0159653156670256,12.878333333333332,12.9,0.0325064096243618,12.815,12.9,0.0762173924317277,12.84625,13.0,0.10949736943435384,102.36666666666667,102.5,0.10327955589857792,102.35833333333333,102.5,0.09962049198981406,102.72083333333335,103.7,0.4863163817808673,40.85,65.0,18.693608533399857,34.166666666666664,65.0,14.757945985026849,34.145833333333336,65.0,11.005570888405112,18.700000000000003,1.2876923076923077,0.00038151263,0.7503974,0.88950086,0.78486115,6h,HIGH,64.6,-0.08000000000000007,0.019999999999999574,-0.0049999999999999975,-0.040000000000000036,False
2022-09-26 17:00:00+00:00,6.11,0.03,7.27,12.7,102.4,156.4,15,False,2022-09-26 17:00:00+00:00,17,0,9,269,-0.9659258262890683,-0.25881904510252063,-1.0,-1.8369701987210297e-16,5.67,5.53,5.64,6.09,5.35,0.032,0.034,0.036,0.036,0.038,7.28,7.32,7.36,7.31,7.35,12.84,12.9,12.86,12.71,12.98,102.3,102.4,102.4,102.4,102.5,83.7,61.0,24.7,23.5,27.4,0.5800000000000001,0.47000000000000064,0.020000000000000462,0.7600000000000007,-0.0040000000000000036,-0.005999999999999998,-0.005999999999999998,-0.008,-0.05000000000000071,-0.09000000000000075,-0.040000000000000036,-0.08000000000000007,-0.20000000000000107,-0.16000000000000014,-0.010000000000001563,-0.28000000000000114,0.0,0.0,0.0,-0.09999999999999432,95.4,131.70000000000002,132.9,129.0,5.588333333333334,5.67,0.057416606192519246,5.735833333333333,6.09,0.18539678987772848,5.832083333333333,6.43,0.34556795300624826,0.034,0.036,0.001414213562373083,0.035333333333333335,0.037,0.0017232808737106685,0.035,0.038,0.0019336831267771288,7.325,7.36,0.028809720581775184,7.333333333333333,7.37,0.026400183654088177,7.33625,7.37,0.0199591975093523,12.881666666666668,12.9,0.025625508125046787,12.8275,12.9,0.06538348415311863,12.840833333333334,13.0,0.10627759658663596,102.38333333333333,102.5,0.0752772652705222,102.34166666666665,102.5,0.09003366373812255,102.71249999999999,103.7,0.4919460026926183,51.61666666666667,83.7,21.976297838049675,38.375,83.7,20.52905369116038,36.295833333333334,83.7,14.929267408761854,72.7,1.8685782556750299,0.13729285,0.9924474,0.9710534,0.8986688,6h,HIGH,131.70000000000002,-0.09000000000000075,-0.16000000000000014,-0.005999999999999998,0.47000000000000064,False
2022-09-26 18:00:00+00:00,6.51,0.029,7.25,12.6,102.5,139.7,15,False,2022-09-26 18:00:00+00:00,18,0,9,269,-1.0,-1.8369701987210297e-16,-1.0,-1.8369701987210297e-16,6.11,5.53,5.59,5.99,5.35,0.03,0.033,0.035,0.036,0.038,7.27,7.31,7.35,7.32,7.34,12.7,12.9,12.9,12.75,12.99,102.4,102.3,102.5,102.4,102.6,156.4,65.0,39.0,33.5,26.9,0.9799999999999995,0.9199999999999999,0.5199999999999996,1.1600000000000001,-0.004,-0.006000000000000002,-0.006999999999999996,-0.008999999999999998,-0.05999999999999961,-0.09999999999999964,-0.07000000000000028,-0.08999999999999986,-0.3000000000000007,-0.3000000000000007,-0.15000000000000036,-0.39000000000000057,0.20000000000000284,0.0,0.09999999999999432,-0.09999999999999432,74.69999999999999,100.69999999999999,106.19999999999999,112.79999999999998,5.666666666666667,6.11,0.22321887614327526,5.7375,6.11,0.18892639259293226,5.86375,6.43,0.334102464106059,0.033,0.035,0.0017888543819998225,0.034833333333333334,0.037,0.002289634084831962,0.034666666666666665,0.038,0.0020781820371926266,7.31,7.35,0.030331501776206304,7.329999999999999,7.37,0.03162277660168157,7.332916666666667,7.37,0.023861769799638954,12.855000000000002,12.9,0.07943550843294227,12.826666666666666,12.9,0.06705944897604538,12.829166666666666,13.0,0.105703303665481,102.38333333333333,102.5,0.0752772652705222,102.34166666666665,102.5,0.09003366373812255,102.70833333333333,103.7,0.4942422101752019,73.56666666666668,156.4,44.22445778827217,49.449999999999996,156.4,39.16472206649058,41.670833333333334,156.4,28.573938858408344,-16.700000000000017,0.8932225063938618,0.06433937,0.99361694,0.95288295,0.8873547,6h,HIGH,100.69999999999999,-0.09999999999999964,-0.3000000000000007,-0.006000000000000002,0.9199999999999999,False
2022-09-26 19:00:00+00:00,6.96,0.029,7.28,12.47,102.6,295.9,15,False,2022-09-26 19:00:00+00:00,19,0,9,269,-0.9659258262890684,0.2588190451025203,-1.0,-1.8369701987210297e-16,6.51,5.67,5.57,5.91,5.39,0.029,0.032,0.034,0.037,0.037,7.25,7.28,7.33,7.34,7.33,12.6,12.84,12.89,12.76,13.0,102.5,102.3,102.4,102.2,102.8,139.7,83.7,36.3,27.0,25.5,1.29,1.3899999999999997,1.0499999999999998,1.5700000000000003,-0.002999999999999999,-0.005000000000000001,-0.007999999999999997,-0.007999999999999997,0.0,-0.04999999999999982,-0.05999999999999961,-0.04999999999999982,-0.3699999999999992,-0.41999999999999993,-0.28999999999999915,-0.5299999999999994,0.29999999999999716,0.19999999999998863,0.3999999999999915,-0.20000000000000284,212.2,259.59999999999997,268.9,270.4,5.82,6.51,0.40333608814486216,5.780833333333334,6.51,0.28652965365602034,5.9120833333333325,6.51,0.3403959225049157,0.032,0.034,0.0020976176963402953,0.034249999999999996,0.037,0.0028001623329566385,0.034291666666666665,0.037,0.0022550265913146485,7.293333333333333,7.33,0.031411250638373675,7.324166666666667,7.37,0.03918680977836627,7.329166666666667,7.37,0.029179603756087313,12.805,12.9,0.12613484847574707,12.814166666666667,12.9,0.09199390625405492,12.812916666666666,13.0,0.10980136875153161,102.38333333333333,102.5,0.0752772652705222,102.35000000000001,102.5,0.10000000000024777,102.70416666666667,103.7,0.49561482823967445,90.35000000000001,156.4,47.471454580621405,58.300000000000004,156.4,46.537785234639756,46.37083333333334,156.4,34.666228136161656,156.2,2.1181102362204722,0.6959003,0.9959623,0.96243453,0.92885864,1h,HIGH,259.59999999999997,-0.04999999999999982,-0.41999999999999993,-0.005000000000000001,1.3899999999999997,False
2022-09-26 20:00:00+00:00,7.36,0.029,7.31,12.36,102.7,435.0,15,True,2022-09-26 20:00:00+00:00,20,0,9,269,-0.8660254037844386,0.5000000000000001,-1.0,-1.8369701987210297e-16,6.96,6.11,5.53,5.83,5.5,0.029,0.03,0.034,0.037,0.036,7.28,7.27,7.32,7.35,7.36,12.47,12.7,12.9,12.79,13.0,102.6,102.4,102.4,102.3,103.2,295.9,156.4,61.0,23.1,28.3,1.25,1.83,1.5300000000000002,1.8600000000000003,-0.0009999999999999974,-0.005000000000000001,-0.007999999999999997,-0.006999999999999996,0.040000000000000036,-0.010000000000000675,-0.040000000000000036,-0.05000000000000071,-0.33999999999999986,-0.5400000000000009,-0.4299999999999997,-0.6400000000000006,0.29999999999999716,0.29999999999999716,0.4000000000000057,-0.5,278.6,374.0,411.9,406.7,6.051666666666667,6.96,0.5879597491892338,5.868333333333333,6.96,0.44568299645973614,5.9775,6.96,0.3837939891230169,0.031166666666666665,0.034,0.0021369760566432735,0.03358333333333333,0.037,0.003028901190901169,0.03395833333333333,0.037,0.002422344654087919,7.285,7.32,0.02588435821109126,7.319166666666667,7.37,0.04077841080619181,7.327083333333333,7.37,0.030854379812647846,12.735,12.9,0.1761533422901731,12.790000000000001,12.9,0.13537825795626682,12.790833333333332,13.0,0.12303822900668286,102.41666666666667,102.6,0.11690451944475937,102.38333333333333,102.6,0.11146408580477779,102.69583333333333,103.7,0.4956148282396741,133.61666666666667,295.9,88.73000432022229,80.70833333333333,295.9,81.61544482102228,57.637499999999996,295.9,61.298590752650014,139.10000000000002,1.47009124704292,0.97609794,0.99591535,0.9684788,0.97681296,1h,HIGH,374.0,-0.010000000000000675,-0.5400000000000009,-0.005000000000000001,1.83,True
2022-09-26 21:00:00+00:00,7.45,0.031,7.36,12.31,102.5,598.6,15,True,2022-09-26 21:00:00+00:00,21,0,9,269,-0.7071067811865477,0.7071067811865474,-1.0,-1.8369701987210297e-16,7.36,6.51,5.53,5.77,5.72,0.029,0.029,0.033,0.037,0.034,7.31,7.25,7.31,7.37,7.34,12.36,12.6,12.9,12.81,12.96,102.7,102.5,102.3,102.3,103.4,435.0,139.7,65.0,24.6,34.9,0.9400000000000004,1.92,1.6800000000000006,1.7300000000000004,0.0019999999999999983,-0.0020000000000000018,-0.005999999999999998,-0.0030000000000000027,0.11000000000000032,0.05000000000000071,-0.009999999999999787,0.020000000000000462,-0.28999999999999915,-0.5899999999999999,-0.5,-0.6500000000000004,0.0,0.20000000000000284,0.20000000000000284,-0.9000000000000057,458.90000000000003,533.6,574.0,563.7,6.3566666666666665,7.36,0.7224864473930753,5.995833333333334,7.36,0.6189060485806323,6.055,7.36,0.4628362467486208,0.030333333333333334,0.033,0.0017511900715418175,0.03291666666666667,0.037,0.003088345639315474,0.03366666666666667,0.037,0.0025819888974715913,7.283333333333334,7.31,0.023380903889002047,7.315833333333334,7.37,0.03964807305493449,7.325,7.37,0.03021660931111909,12.645000000000001,12.9,0.20973793171479024,12.754166666666665,12.9,0.18367255118990042,12.764166666666666,12.96,0.14340325224213898,102.46666666666668,102.7,0.16329931618538202,102.41666666666667,102.7,0.14034589305364456,102.67500000000001,103.7,0.4838702664791822,195.95000000000002,435.0,142.55604862649636,115.03333333333335,435.0,128.3947346225221,74.58333333333333,435.0,98.0400967956996,163.60000000000002,1.3760919540229886,0.9924481,0.9942002,0.97834057,0.9743619,1h,HIGH,533.6,0.05000000000000071,-0.5899999999999999,-0.0020000000000000018,1.92,True
2022-09-26 22:00:00+00:00,7.38,0.035,7.48,12.27,102.0,963.7,15,True,2022-09-26 22:00:00+00:00,22,0,9,269,-0.5000000000000004,0.8660254037844384,-1.0,-1.8369701987210297e-16,7.45,6.96,5.67,5.71,5.93,0.031,0.029,0.032,0.037,0.033,7.36,7.28,7.28,7.36,7.34,12.31,12.47,12.84,12.82,12.93,102.5,102.6,102.3,102.2,103.7,598.6,295.9,83.7,19.1,37.6,0.41999999999999993,1.71,1.67,1.4500000000000002,0.006000000000000002,0.0030000000000000027,-0.001999999999999995,0.0020000000000000018,0.20000000000000018,0.20000000000000018,0.1200000000000001,0.14000000000000057,-0.20000000000000107,-0.5700000000000003,-0.5500000000000007,-0.6600000000000001,-0.5999999999999943,-0.29999999999999716,-0.20000000000000284,-1.7000000000000028,667.8000000000001,880.0,944.6,926.1,6.676666666666667,7.45,0.7081713540285766,6.135833333333334,7.45,0.7411227150667241,6.127083333333332,7.45,0.537146074915478,0.03,0.032,0.00126491106406734,0.03241666666666667,0.037,0.002843120351538686,0.03354166666666667,0.037,0.002637178443891772,7.291666666666667,7.36,0.03868677637987868,7.315,7.36,0.03849439156316019,7.325833333333333,7.37,0.030915968389316498,12.546666666666667,12.84,0.2045156880698,12.7125,12.9,0.2224706313610448,12.737083333333333,12.93,0.16462022609806765,102.5,102.7,0.14142135623712743,102.43333333333334,102.7,0.13706888336867545,102.6375,103.7,0.45950114727588026,284.8833333333333,598.6,199.56724597655463,162.86666666666667,598.6,185.7514190981315,98.07083333333333,598.6,144.59111608757047,365.1,1.6099231540260608,0.9997167,0.99822885,0.9925237,0.9635838,1h,HIGH,880.0,0.20000000000000018,-0.5700000000000003,0.0030000000000000027,1.71,True
2022-09-26 23:00:00+00:00,7.25,0.038,7.57,12.3,101.9,1081.2,15,True,2022-09-26 23:00:00+00:00,23,0,9,269,-0.25881904510252157,0.9659258262890681,-1.0,-1.8369701987210297e-16,7.38,7.36,6.11,5.64,6.16,0.035,0.029,0.03,0.036,0.032,7.48,7.31,7.27,7.36,7.33,12.27,12.36,12.7,12.86,12.85,102.0,102.7,102.4,102.4,103.7,963.7,435.0,156.4,24.7,38.4,-0.11000000000000032,1.1399999999999997,1.6100000000000003,1.0899999999999999,0.008999999999999998,0.008,0.0020000000000000018,0.005999999999999998,0.2600000000000007,0.3000000000000007,0.20999999999999996,0.2400000000000002,-0.05999999999999872,-0.3999999999999986,-0.5599999999999987,-0.5499999999999989,-0.7999999999999972,-0.5,-0.5,-1.7999999999999972,646.2,924.8000000000001,1056.5,1042.8,6.961666666666666,7.45,0.5479933089615858,6.2749999999999995,7.45,0.8076959373877771,6.1875,7.45,0.5926891552767031,0.0305,0.035,0.0023452078799117092,0.03225,0.036,0.002598076211353342,0.033624999999999995,0.037,0.002650881723699376,7.324999999999999,7.48,0.08502940667792534,7.325,7.48,0.06052798000624312,7.331666666666667,7.48,0.04410133259020454,12.451666666666666,12.7,0.17057745063947635,12.666666666666666,12.9,0.25288636806185266,12.709583333333333,12.9,0.18487314491332685,102.45,102.7,0.24289915602970924,102.41666666666667,102.7,0.17494587907726233,102.56666666666668,103.7,0.41772329791766205,431.55,963.7,313.1728260880883,241.58333333333334,963.7,290.1173581762241,136.65833333333333,963.7,227.53622151527716,117.5,1.1219259105530768,0.99957615,0.99810153,0.99486345,0.9844019,1h,HIGH,924.8000000000001,0.3000000000000007,-0.3999999999999986,0.008,1.1399999999999997,True
2022-09-27 00:00:00+00:00,7.05,0.043,7.69,12.33,101.7,1259.7,15,True,2022-09-27 00:00:00+00:00,0,1,9,270,0.0,1.0,-1.0,-1.8369701987210297e-16,7.25,7.45,6.51,5.59,6.33,0.038,0.031,0.029,0.035,0.032,7.57,7.36,7.25,7.35,7.32,12.3,12.31,12.6,12.9,12.78,101.9,102.5,102.5,102.5,103.5,1081.2,598.6,139.7,39.0,42.7,-0.40000000000000036,0.54,1.46,0.7199999999999998,0.011999999999999997,0.013999999999999995,0.007999999999999993,0.010999999999999996,0.33000000000000007,0.4400000000000004,0.34000000000000075,0.3700000000000001,0.019999999999999574,-0.2699999999999996,-0.5700000000000003,-0.4499999999999993,-0.7999999999999972,-0.7999999999999972,-0.7999999999999972,-1.7999999999999972,661.1,1120.0,1220.7,1217.0,7.151666666666666,7.45,0.3585201063631837,6.409166666666667,7.45,0.8261351235870763,6.232916666666667,7.45,0.6310135336980882,0.03183333333333333,0.038,0.0038166302763912863,0.03241666666666667,0.038,0.002906367096044446,0.033875,0.038,0.0027711636231169874,7.375,7.57,0.1250199984002556,7.3425,7.57,0.0931396800509855,7.341666666666666,7.57,0.06565169401878528,12.385,12.6,0.12660963628411456,12.62,12.9,0.26532998322843054,12.686666666666667,12.9,0.2001665972800294,102.36666666666667,102.7,0.33266599866323243,102.375,102.7,0.23011854652460662,102.49166666666666,103.5,0.3634576306467877,585.6833333333333,1081.2,372.60735052688733,329.625,1081.2,368.13419520851113,180.10833333333335,1081.2,296.938541315944,178.5,1.1650943396226414,0.99959296,0.9991053,0.9977787,0.9945056,1h,HIGH,1120.0,0.4400000000000004,-0.2699999999999996,0.013999999999999995,0.54,True
2022-09-27 01:00:00+00:00,6.9,0.044,7.7,12.36,101.6,1229.2,15,True,2022-09-27 01:00:00+00:00,1,1,9,270,0.25881904510252074,0.9659258262890683,-1.0,-1.8369701987210297e-16,7.05,7.38,6.96,5.57,6.4,0.043,0.035,0.029,0.034,0.033,7.69,7.48,7.28,7.33,7.35,12.33,12.27,12.47,12.89,12.72,101.7,102.0,102.6,102.4,103.3,1259.7,963.7,295.9,36.3,41.8,-0.47999999999999954,-0.05999999999999961,1.33,0.5,0.008999999999999994,0.014999999999999996,0.009999999999999995,0.010999999999999996,0.21999999999999975,0.41999999999999993,0.3700000000000001,0.35000000000000053,0.08999999999999986,-0.11000000000000121,-0.5300000000000011,-0.3600000000000012,-0.4000000000000057,-1.0,-0.8000000000000114,-1.7000000000000028,265.5,933.3000000000001,1192.9,1187.4,7.241666666666667,7.45,0.19630758178600433,6.530833333333333,7.45,0.8016739116411677,6.2629166666666665,7.45,0.6525766932550638,0.034166666666666665,0.043,0.005600595206463915,0.03308333333333333,0.043,0.004187825066532613,0.034333333333333334,0.043,0.0033056824154603843,7.448333333333334,7.69,0.16092441289831216,7.370833333333334,7.69,0.1370108378814241,7.357083333333333,7.69,0.09652569681140634,12.340000000000002,12.47,0.07042726744660333,12.5725,12.9,0.2616425389377977,12.667916666666665,12.9,0.21178289060644584,102.23333333333335,102.7,0.41793141383078564,102.30833333333334,102.7,0.29682665076793285,102.41666666666667,103.3,0.33056824154605535,772.35,1259.7,384.84070860552157,431.3500000000001,1259.7,441.8094560492628,230.8166666666667,1259.7,367.89013679850564,-30.5,0.9757878860046043,0.99957675,0.999443,0.9982439,0.9960763,1h,HIGH,933.3000000000001,0.41999999999999993,-0.11000000000000121,0.014999999999999996,-0.05999999999999961,True
2022-09-27 02:00:00+00:00,6.67,0.044,7.63,12.41,101.4,1200.7,15,True,2022-09-27 02:00:00+00:00,2,1,9,270,0.49999999999999994,0.8660254037844387,-1.0,-1.8369701987210297e-16,6.9,7.25,7.36,5.53,6.43,0.044,0.038,0.029,0.034,0.034,7.7,7.57,7.31,7.32,7.33,12.36,12.3,12.36,12.9,12.68,101.6,101.9,102.7,102.4,103.0,1229.2,1081.2,435.0,61.0,37.6,-0.5800000000000001,-0.6900000000000004,1.1399999999999997,0.2400000000000002,0.005999999999999998,0.014999999999999996,0.009999999999999995,0.009999999999999995,0.05999999999999961,0.3200000000000003,0.3099999999999996,0.2999999999999998,0.10999999999999943,0.05000000000000071,-0.4900000000000002,-0.2699999999999996,-0.5,-1.2999999999999972,-1.0,-1.5999999999999943,119.5,765.7,1139.7,1163.1000000000001,7.2316666666666665,7.45,0.21423507338124795,6.641666666666667,7.45,0.7468215477893051,6.28375,7.45,0.6650061294258247,0.03666666666666667,0.044,0.006153589738247631,0.033916666666666664,0.044,0.0052476545987592245,0.034791666666666665,0.044,0.0038332545675587634,7.5183333333333335,7.7,0.16436747447918745,7.401666666666666,7.7,0.16563010998406594,7.371666666666667,7.7,0.11918807449342109,12.321666666666667,12.36,0.035449494589653095,12.528333333333334,12.9,0.2475271641046602,12.652916666666668,12.9,0.22050296590071747,102.06666666666666,102.7,0.4412104562072338,102.24166666666667,102.7,0.3579190699112083,102.34583333333335,103.0,0.3148210902093249,927.9000000000001,1259.7,339.7188131381598,530.7583333333333,1259.7,477.5950613768061,280.2916666666667,1259.7,417.8198008884844,-28.5,0.9768141880898145,0.99954575,0.99948126,0.99887437,0.9971494,1h,HIGH,765.7,0.3200000000000003,0.05000000000000071,0.014999999999999996,-0.6900000000000004,True
2022-09-27 03:00:00+00:00,6.52,0.043,7.59,12.47,101.5,1181.9,15,True,2022-09-27 03:00:00+00:00,3,1,9,270,0.7071067811865476,0.7071067811865476,-1.0,-1.8369701987210297e-16,6.67,7.05,7.45,5.53,6.36,0.044,0.043,0.031,0.033,0.034,7.63,7.69,7.36,7.31,7.34,12.41,12.33,12.31,12.9,12.67,101.4,101.7,102.5,102.3,102.8,1200.7,1259.7,598.6,65.0,36.3,-0.5300000000000002,-0.9300000000000006,0.9899999999999993,0.15999999999999925,0.0,0.011999999999999997,0.009999999999999995,0.008999999999999994,-0.10000000000000053,0.22999999999999954,0.28000000000000025,0.25,0.14000000000000057,0.16000000000000014,-0.4299999999999997,-0.1999999999999993,-0.20000000000000284,-1.0,-0.7999999999999972,-1.2999999999999972,-77.79999999999995,583.3000000000001,1116.9,1145.6000000000001,7.116666666666667,7.45,0.2997109718823593,6.736666666666667,7.45,0.6600183652173859,6.293749999999999,7.45,0.6690929128954815,0.03916666666666666,0.044,0.005419102016632136,0.03475,0.044,0.006001893640571056,0.035208333333333335,0.044,0.004262874786957197,7.571666666666666,7.7,0.13197221929885905,7.427499999999999,7.7,0.17560932880583832,7.384166666666666,7.7,0.12988010078418546,12.33,12.41,0.04939635614086623,12.487500000000002,12.9,0.21946733034988838,12.641666666666667,12.9,0.22588312997166365,101.85000000000001,102.5,0.3834057902535118,102.15833333333335,102.7,0.4273774855459189,102.27916666666668,102.8,0.3387690847076055,1055.5166666666667,1259.7,249.31815350404497,625.7333333333333,1259.7,488.8737898724399,328.75416666666666,1259.7,454.3066097186546,-18.799999999999955,0.9843424668943117,0.999652,0.99962354,0.99940133,0.9985141,1h,HIGH,583.3000000000001,0.22999999999999954,0.16000000000000014,0.011999999999999997,-0.9300000000000006,True
2022-09-27 04:00:00+00:00,6.4,0.043,7.55,12.51,101.5,1129.4,15,True,2022-09-27 04:00:00+00:00,4,1,9,270,0.8660254037844386,0.5000000000000001,-1.0,-1.8369701987210297e-16,6.52,6.9,7.38,5.67,6.22,0.043,0.044,0.035,0.032,0.035,7.59,7.7,7.48,7.28,7.34,12.47,12.36,12.27,12.84,12.69,101.5,101.6,102.0,102.3,102.5,1181.9,1229.2,963.7,83.7,33.2,-0.5,-0.9799999999999995,0.7300000000000004,0.1800000000000006,-0.0010000000000000009,0.007999999999999993,0.010999999999999996,0.007999999999999993,-0.15000000000000036,0.0699999999999994,0.2699999999999996,0.20999999999999996,0.15000000000000036,0.2400000000000002,-0.33000000000000007,-0.17999999999999972,-0.09999999999999432,-0.5,-0.7999999999999972,-1.0,-99.79999999999995,165.70000000000005,1045.7,1096.2,6.961666666666666,7.38,0.33162730084639874,6.819166666666667,7.45,0.5478131455379924,6.300416666666667,7.45,0.6705771632586826,0.041166666666666664,0.044,0.003763863263545375,0.035583333333333335,0.044,0.0064167158597091085,0.035583333333333335,0.044,0.004538881941113069,7.609999999999999,7.7,0.08221921916437411,7.450833333333333,7.7,0.1771726601797026,7.394583333333333,7.7,0.13606197969616865,12.356666666666667,12.47,0.0736659125149638,12.451666666666668,12.84,0.1769865600101884,12.633333333333333,12.9,0.2284668497819184,101.68333333333334,102.0,0.2316606713850791,102.09166666666668,102.7,0.464089202501869,102.22500000000001,102.7,0.3553932298540462,1152.7333333333333,1259.7,110.7168761601703,718.8083333333334,1259.7,478.62657954977306,376.4875,1259.7,481.60593968648726,-52.5,0.9555799983078095,0.99964523,0.99971646,0.99959606,0.9990495,1h,HIGH,165.70000000000005,0.0699999999999994,0.2400000000000002,0.007999999999999993,-0.9799999999999995,True
2022-09-27 05:00:00+00:00,6.28,0.041,7.51,12.56,101.7,994.2,15,True,2022-09-27 05:00:00+00:00,5,1,9,270,0.9659258262890683,0.25881904510252074,-1.0,-1.8369701987210297e-16,6.4,6.67,7.25,6.11,6.09,0.043,0.044,0.038,0.03,0.036,7.55,7.63,7.57,7.27,7.31,12.51,12.41,12.3,12.7,12.71,101.5,101.4,101.9,102.4,102.4,1129.4,1200.7,1081.2,156.4,23.5,-0.3899999999999997,-0.9699999999999998,0.16999999999999993,0.1900000000000004,-0.0029999999999999957,0.0030000000000000027,0.011000000000000003,0.0050000000000000044,-0.1200000000000001,-0.0600000000000005,0.2400000000000002,0.20000000000000018,0.15000000000000036,0.2599999999999998,-0.1399999999999988,-0.15000000000000036,0.29999999999999716,-0.20000000000000284,-0.7000000000000028,-0.7000000000000028,-206.5,-87.0,837.8000000000001,970.7,6.798333333333333,7.25,0.32566342543593574,6.88,7.45,0.438157298446351,6.307916666666667,7.45,0.670645238730499,0.0425,0.044,0.002258317958127191,0.0365,0.044,0.0066400985753909585,0.035916666666666666,0.044,0.004781455724000773,7.621666666666667,7.7,0.06274286147974166,7.473333333333333,7.7,0.17052503592959292,7.403333333333333,7.7,0.13911730010464488,12.396666666666667,12.51,0.0818942407417192,12.424166666666666,12.7,0.13076407161082051,12.625833333333333,12.9,0.22947798353553325,101.60000000000001,101.9,0.17888543819975902,102.02500000000002,102.7,0.48827153399427314,102.18333333333334,102.7,0.37954969505256436,1180.3500000000001,1259.7,65.61386286448777,805.9499999999999,1259.7,446.60500241468213,422.16249999999997,1259.7,499.28995044920066,-135.20000000000005,0.8802904196918717,0.9997837,0.9997248,0.9996904,0.9991517,1h,HIGH,-87.0,-0.0600000000000005,0.2599999999999998,0.0030000000000000027,-0.9699999999999998,True
2022-09-27 06:00:00+00:00,6.11,0.041,7.5,12.64,101.8,940.7,15,True,2022-09-27 06:00:00+00:00,6,1,9,270,1.0,6.123233995736766e-17,-1.0,-1.8369701987210297e-16,6.28,6.52,7.05,6.51,5.99,0.041,0.043,0.043,0.029,0.036,7.51,7.59,7.69,7.25,7.32,12.56,12.47,12.33,12.6,12.75,101.7,101.5,101.7,102.5,102.4,994.2,1181.9,1259.7,139.7,33.5,-0.40999999999999925,-0.9399999999999995,-0.39999999999999947,0.1200000000000001,-0.001999999999999995,-0.001999999999999995,0.012,0.0050000000000000044,-0.08999999999999986,-0.1900000000000004,0.25,0.17999999999999972,0.16999999999999993,0.3100000000000005,0.040000000000000924,-0.10999999999999943,0.29999999999999716,0.09999999999999432,-0.7000000000000028,-0.6000000000000085,-241.20000000000005,-319.0,801.0,907.2,6.636666666666667,7.05,0.2960180174696579,6.894166666666667,7.45,0.41302560636737506,6.315833333333334,7.45,0.6690805934861017,0.043000000000000003,0.044,0.0010954451150102225,0.03741666666666666,0.044,0.006416715859709104,0.036125,0.044,0.004892874144233061,7.611666666666667,7.7,0.07600438583835871,7.493333333333333,7.7,0.15813304716618168,7.411666666666666,7.7,0.1392734771924482,12.44,12.56,0.08899438184512812,12.412500000000001,12.6,0.10821905394319874,12.619583333333333,12.9,0.22912838942518207,101.56666666666666,101.7,0.1211060141635682,101.96666666666668,102.7,0.4811602139778167,102.15416666666665,102.7,0.38895530833767794,1165.8500000000001,1259.7,94.95840668418889,875.7666666666668,1259.7,398.7533717915769,462.60833333333335,1259.7,504.8768596457924,-53.5,0.9461878897606115,0.99761224,0.9995828,0.9994265,0.9989794,1h,HIGH,-319.0,-0.1900000000000004,0.3100000000000005,-0.001999999999999995,-0.9399999999999995,True
2022-09-27 07:00:00+00:00,5.96,0.041,7.49,12.7,101.9,831.3,15,True,2022-09-27 07:00:00+00:00,7,1,9,270,0.9659258262890683,-0.25881904510252063,-1.0,-1.8369701987210297e-16,6.11,6.4,6.9,6.96,5.91,0.041,0.043,0.044,0.029,0.037,7.5,7.55,7.7,7.28,7.34,12.64,12.51,12.36,12.47,12.76,101.8,101.5,101.6,102.6,102.2,940.7,1129.4,1229.2,295.9,27.0,-0.4400000000000004,-0.9400000000000004,-1.0,0.04999999999999982,-0.001999999999999995,-0.0029999999999999957,0.012,0.0040000000000000036,-0.05999999999999961,-0.20999999999999996,0.20999999999999996,0.15000000000000036,0.1899999999999995,0.33999999999999986,0.22999999999999865,-0.0600000000000005,0.4000000000000057,0.30000000000001137,-0.6999999999999886,-0.29999999999999716,-298.10000000000014,-397.9000000000001,535.4,804.3,6.4799999999999995,6.9,0.2819219750214574,6.860833333333333,7.45,0.4602856491222222,6.320833333333333,7.45,0.6669848878195923,0.042666666666666665,0.044,0.0013662601021278593,0.03841666666666667,0.044,0.005900051360844747,0.03633333333333333,0.044,0.004992748364566768,7.579999999999999,7.7,0.07641989269816821,7.514166666666667,7.7,0.13839721051664766,7.4191666666666665,7.7,0.13896876929936364,12.491666666666667,12.64,0.1014724921674034,12.415833333333332,12.64,0.11492751338705066,12.615000000000002,12.9,0.2275005972280701,101.58333333333333,101.8,0.14719601443852237,101.90833333333335,102.7,0.45218325595904413,102.12916666666666,102.7,0.3917398944804259,1112.6833333333334,1229.2,118.33007084704414,942.5166666666668,1259.7,324.4578998697347,500.4083333333333,1259.7,505.3135194817318,-109.40000000000009,0.883703624960136,0.9993899,0.9993956,0.9989459,0.9985942,1h,HIGH,-397.9000000000001,-0.20999999999999996,0.33999999999999986,-0.0029999999999999957,-0.9400000000000004,True
2022-09-27 08:00:00+00:00,5.81,0.04,7.47,12.75,102.0,763.4,15,True,2022-09-27 08:00:00+00:00,8,1,9,270,0.8660254037844387,-0.4999999999999998,-1.0,-1.8369701987210297e-16,5.96,6.28,6.67,7.36,5.83,0.041,0.041,0.044,0.029,0.037,7.49,7.51,7.63,7.31,7.35,12.7,12.56,12.41,12.36,12.79,101.9,101.7,101.4,102.7,102.3,831.3,994.2,1200.7,435.0,23.1,-0.47000000000000064,-0.8600000000000003,-1.5500000000000007,-0.020000000000000462,-0.0010000000000000009,-0.003999999999999997,0.011,0.0030000000000000027,-0.040000000000000036,-0.16000000000000014,0.16000000000000014,0.1200000000000001,0.1899999999999995,0.33999999999999986,0.39000000000000057,-0.03999999999999915,0.29999999999999716,0.5999999999999943,-0.7000000000000028,-0.29999999999999716,-230.80000000000007,-437.30000000000007,328.4,740.3,6.323333333333333,6.67,0.26234836890414426,6.7775,7.45,0.5264654870842881,6.322916666666667,7.45,0.6657227466162793,0.042166666666666665,0.044,0.001329160135825039,0.03941666666666666,0.044,0.005124953806148049,0.0365,0.044,0.005081937323159528,7.545000000000001,7.63,0.055767373974391764,7.531666666666666,7.7,0.11784684462420013,7.425416666666667,7.7,0.13862615245662557,12.548333333333334,12.7,0.10796604404471045,12.435,12.7,0.14100290132410648,12.612499999999999,12.9,0.2261636575579687,101.63333333333333,101.9,0.19663841604982832,101.85000000000001,102.7,0.3965762565670713,102.11666666666667,102.7,0.39416027049993,1046.3666666666668,1200.7,147.79923770664888,987.1333333333333,1259.7,257.32372371757486,533.9208333333333,1259.7,499.18542601632663,-67.89999999999998,0.9183207025141346,0.99916065,0.99835193,0.997778,0.9976781,1h,HIGH,-437.30000000000007,-0.16000000000000014,0.33999999999999986,-0.003999999999999997,-0.8600000000000003,True
2022-09-27 09:00:00+00:00,5.69,0.039,7.45,12.79,101.9,656.8,15,True,2022-09-27 09:00:00+00:00,9,1,9,270,0.7071067811865476,-0.7071067811865475,-1.0,-1.8369701987210297e-16,5.81,6.11,6.52,7.45,5.77,0.04,0.041,0.043,0.031,0.037,7.47,7.5,7.59,7.36,7.37,12.75,12.64,12.47,12.31,12.81,102.0,101.8,101.5,102.5,102.3,763.4,940.7,1181.9,598.6,24.6,-0.41999999999999993,-0.8299999999999992,-1.7599999999999998,-0.07999999999999918,-0.0020000000000000018,-0.003999999999999997,0.008,0.0020000000000000018,-0.04999999999999982,-0.13999999999999968,0.08999999999999986,0.08000000000000007,0.14999999999999858,0.3199999999999985,0.47999999999999865,-0.02000000000000135,0.10000000000000853,0.4000000000000057,-0.5999999999999943,-0.3999999999999915,-283.9000000000001,-525.1000000000001,58.19999999999993,632.1999999999999,6.18,6.52,0.2698888660171023,6.648333333333333,7.45,0.5596562797960374,6.322083333333334,7.45,0.6663787874818654,0.0415,0.043,0.0012247448713914979,0.04033333333333333,0.044,0.003938927711338626,0.036625,0.044,0.005131424922877712,7.5183333333333335,7.59,0.044007575105502704,7.544999999999999,7.7,0.0978403151708382,7.430416666666666,7.7,0.13795018529595557,12.604999999999999,12.75,0.11004544515789104,12.467500000000001,12.75,0.16504131714099432,12.610833333333334,12.9,0.2249428268745571,101.73333333333333,102.0,0.20655911179753086,101.79166666666667,102.5,0.29987371079216646,102.10416666666667,102.7,0.39284820242038193,973.4833333333335,1181.9,163.46409289708402,1014.5,1259.7,205.5123663609388,564.7666666666667,1259.7,489.0170999647876,-106.60000000000002,0.8603615404768142,0.9978235,0.99717844,0.99791723,0.9965462,1h,HIGH,-525.1000000000001,-0.13999999999999968,0.3199999999999985,-0.003999999999999997,-0.8299999999999992,True
2022-09-27 10:00:00+00:00,5.58,0.039,7.43,12.85,102.2,630.3,15,True,2022-09-27 10:00:00+00:00,10,1,9,270,0.49999999999999994,-0.8660254037844387,-1.0,-1.8369701987210297e-16,5.69,5.96,6.4,7.38,5.71,0.039,0.041,0.043,0.035,0.037,7.45,7.49,7.55,7.48,7.36,12.79,12.7,12.51,12.27,12.82,101.9,101.9,101.5,102.0,102.2,656.8,831.3,1129.4,963.7,19.1,-0.3799999999999999,-0.8200000000000003,-1.7999999999999998,-0.1299999999999999,-0.0020000000000000018,-0.003999999999999997,0.003999999999999997,0.0020000000000000018,-0.0600000000000005,-0.1200000000000001,-0.05000000000000071,0.0699999999999994,0.15000000000000036,0.33999999999999986,0.5800000000000001,0.02999999999999936,0.29999999999999716,0.7000000000000028,0.20000000000000284,0.0,-201.0,-499.10000000000014,-333.4000000000001,611.1999999999999,6.041666666666667,6.4,0.2734532257382662,6.501666666666666,7.38,0.5610839077314034,6.3187500000000005,7.45,0.6694534597584902,0.04083333333333333,0.043,0.0013291601358250429,0.041,0.044,0.0026967994498529337,0.036708333333333336,0.044,0.005153969906499411,7.495,7.55,0.034496376621319255,7.552499999999999,7.7,0.08497325782536708,7.433750000000001,7.7,0.1373922502719229,12.658333333333333,12.79,0.10907184176800946,12.5075,12.79,0.18081255990162917,12.61,12.9,0.22420875365915,101.8,102.0,0.17888543819975503,101.74166666666667,102.0,0.20652243256250477,102.08750000000002,102.7,0.39266370166937087,885.9666666666667,1129.4,169.99904313456162,1019.35,1259.7,195.23479337826691,591.1083333333333,1259.7,475.4953736497537,-26.5,0.959652862362972,0.9940006,0.99700207,0.99677426,0.99235404,1h,HIGH,-499.10000000000014,-0.1200000000000001,0.33999999999999986,-0.003999999999999997,-0.8200000000000003,True
2022-09-27 11:00:00+00:00,5.49,0.039,7.43,12.9,102.3,559.3,15,True,2022-09-27 11:00:00+00:00,11,1,9,270,0.258819045102521,-0.9659258262890682,-1.0,-1.8369701987210297e-16,5.58,5.81,6.28,7.25,5.64,0.039,0.04,0.041,0.038,0.036,7.43,7.47,7.51,7.57,7.36,12.85,12.75,12.56,12.3,12.86,102.2,102.0,101.7,101.9,102.4,630.3,763.4,994.2,1081.2,24.7,-0.3199999999999994,-0.79,-1.7599999999999998,-0.14999999999999947,-0.0010000000000000009,-0.0020000000000000018,0.0010000000000000009,0.0030000000000000027,-0.040000000000000036,-0.08000000000000007,-0.14000000000000057,0.0699999999999994,0.15000000000000036,0.33999999999999986,0.5999999999999996,0.040000000000000924,0.29999999999999716,0.5999999999999943,0.3999999999999915,-0.10000000000000853,-204.10000000000002,-434.9000000000001,-521.9000000000001,534.5999999999999,5.905,6.28,0.2632679243660261,6.351666666666667,7.25,0.5453078085454105,6.313333333333333,7.45,0.6750952697126604,0.04016666666666667,0.041,0.0009831920802500635,0.041333333333333326,0.044,0.002059714602177703,0.03679166666666667,0.044,0.005175016628132645,7.474999999999999,7.51,0.030822070014845115,7.548333333333333,7.7,0.08993263472110952,7.4366666666666665,7.7,0.13649865954642598,12.714999999999998,12.85,0.10483320084782174,12.555833333333332,12.85,0.18889431067679,12.61125,12.9,0.22551029090563898,101.91666666666667,102.2,0.17224014243661478,101.75833333333334,102.2,0.23532698077102884,102.08749999999999,102.7,0.39266370166937087,802.7833333333333,994.2,147.70729726952075,991.5666666666667,1259.7,225.28424200766844,616.575,1259.7,459.6303706335077,-71.0,0.8873552276693638,0.99226815,0.99680245,0.9937762,0.9878856,1h,HIGH,-434.9000000000001,-0.08000000000000007,0.33999999999999986,-0.0020000000000000018,-0.79,True
2022-09-27 12:00:00+00:00,5.43,0.039,7.41,12.92,102.3,533.6,15,True,2022-09-27 12:00:00+00:00,12,1,9,270,1.2246467991473532e-16,-1.0,-1.0,-1.8369701987210297e-16,5.49,5.69,6.11,7.05,5.59,0.039,0.039,0.041,0.043,0.035,7.43,7.45,7.5,7.69,7.35,12.9,12.79,12.64,12.33,12.9,102.3,101.9,101.8,101.7,102.5,559.3,656.8,940.7,1259.7,39.0,-0.2600000000000007,-0.6800000000000006,-1.62,-0.16000000000000014,0.0,-0.0020000000000000018,-0.003999999999999997,0.003999999999999997,-0.040000000000000036,-0.08999999999999986,-0.28000000000000025,0.0600000000000005,0.13000000000000078,0.27999999999999936,0.5899999999999999,0.019999999999999574,0.3999999999999915,0.5,0.5999999999999943,-0.20000000000000284,-123.19999999999993,-407.1,-726.1,494.6,5.773333333333333,6.11,0.23415094846415113,6.205000000000001,7.05,0.5177135044860878,6.307083333333334,7.45,0.6822563534948295,0.03983333333333333,0.041,0.0009831920802500615,0.041416666666666664,0.044,0.001928651593652098,0.03691666666666667,0.044,0.005191269147551391,7.461666666666666,7.5,0.0299443929086358,7.536666666666666,7.7,0.09575853470943763,7.439583333333332,7.7,0.1355337008200216,12.771666666666667,12.9,0.09579491983746947,12.605833333333335,12.9,0.1943501214225745,12.612916666666665,12.9,0.2275670788192285,102.01666666666667,102.3,0.19407902170658045,101.79166666666667,102.3,0.28109633849478205,102.08333333333333,102.7,0.38972305291195064,730.3000000000001,940.7,141.56837217401326,948.0749999999999,1259.7,254.84485877775631,638.85,1259.7,442.3277350759178,-25.699999999999932,0.9540497049883785,0.984189,0.9957504,0.992856,0.98287684,1h,HIGH,-407.1,-0.08999999999999986,0.27999999999999936,-0.0020000000000000018,-0.6800000000000006,True
2022-09-27 13:00:00+00:00,5.35,0.039,7.39,12.97,102.5,552.7,15,True,2022-09-27 13:00:00+00:00,13,1,9,270,-0.2588190451025208,-0.9659258262890683,-1.0,-1.8369701987210297e-16,5.43,5.58,5.96,6.9,5.57,0.039,0.039,0.041,0.044,0.034,7.41,7.43,7.49,7.7,7.33,12.92,12.85,12.7,12.36,12.89,102.3,102.2,101.9,101.6,102.4,533.6,630.3,831.3,1229.2,36.3,-0.23000000000000043,-0.6100000000000003,-1.5500000000000007,-0.22000000000000064,0.0,-0.0020000000000000018,-0.0049999999999999975,0.0049999999999999975,-0.040000000000000036,-0.10000000000000053,-0.3100000000000005,0.05999999999999961,0.120000000000001,0.27000000000000135,0.6100000000000012,0.08000000000000007,0.29999999999999716,0.5999999999999943,0.9000000000000057,0.09999999999999432,-77.59999999999991,-278.5999999999999,-676.5,516.4000000000001,5.66,5.96,0.20079840636816418,6.07,6.9,0.4876846969470736,6.300416666666667,7.45,0.6903022599882831,0.0395,0.041,0.00083666002653394,0.04108333333333333,0.044,0.0019752253419584725,0.037083333333333336,0.044,0.005191269147551392,7.446666666666666,7.49,0.029439202887762278,7.513333333333333,7.7,0.08886489575175918,7.442083333333333,7.7,0.13435770448181716,12.818333333333333,12.92,0.08658329323066814,12.655,12.92,0.192849446695886,12.613749999999998,12.92,0.22869787360468063,102.10000000000001,102.3,0.18973665960987526,101.84166666666665,102.3,0.3146667308680342,102.075,102.7,0.38249751349006583,662.4499999999999,831.3,115.76615653981072,887.5666666666667,1229.2,260.27069940678484,659.4583333333334,1259.7,424.32056372170024,19.100000000000023,1.0357946026986506,0.97990006,0.99611676,0.9920398,0.97982967,1h,HIGH,-278.5999999999999,-0.10000000000000053,0.27000000000000135,-0.0020000000000000018,-0.6100000000000003,True
2022-09-27 14:00:00+00:00,5.29,0.039,7.35,13.0,102.6,508.6,15,True,2022-09-27 14:00:00+00:00,14,1,9,270,-0.4999999999999997,-0.8660254037844388,-1.0,-1.8369701987210297e-16,5.35,5.49,5.81,6.67,5.53,0.039,0.039,0.04,0.044,0.034,7.39,7.43,7.47,7.63,7.32,12.97,12.9,12.75,12.41,12.9,102.5,102.3,102.0,101.4,102.4,552.7,559.3,763.4,1200.7,61.0,-0.20000000000000018,-0.5199999999999996,-1.38,-0.2400000000000002,0.0,-0.0010000000000000009,-0.0049999999999999975,0.0049999999999999975,-0.08000000000000007,-0.1200000000000001,-0.28000000000000025,0.02999999999999936,0.09999999999999964,0.25,0.5899999999999999,0.09999999999999964,0.29999999999999716,0.5999999999999943,1.1999999999999886,0.19999999999998863,-50.69999999999993,-254.79999999999995,-692.1,447.6,5.558333333333333,5.81,0.17069465916267176,5.940833333333333,6.67,0.4518136851187699,6.291250000000001,7.45,0.7017884761218262,0.03916666666666667,0.04,0.00040824829046357756,0.04066666666666666,0.044,0.0018257418583505043,0.03729166666666667,0.044,0.005162398891875822,7.43,7.47,0.02828427124746621,7.4875,7.63,0.07337636478520825,7.444583333333334,7.7,0.1327298389395831,12.863333333333332,12.97,0.08286535263105106,12.705833333333333,12.97,0.1883641701759155,12.617083333333333,12.97,0.23343333778276826,102.2,102.5,0.21908902300186348,101.91666666666667,102.5,0.3563280749109246,102.07916666666667,102.7,0.38671320309665086,616.0166666666667,763.4,86.72649921832806,831.1916666666666,1200.7,252.70066179117322,680.975,1259.7,403.9512704684112,-44.10000000000002,0.9202098787769133,0.983706,0.99087477,0.988853,0.97177774,1h,HIGH,-254.79999999999995,-0.1200000000000001,0.25,-0.0010000000000000009,-0.5199999999999996,True
2022-09-27 15:00:00+00:00,5.27,0.039,7.39,13.0,102.5,469.0,15,True,2022-09-27 15:00:00+00:00,15,1,9,270,-0.7071067811865471,-0.7071067811865479,-1.0,-1.8369701987210297e-16,5.29,5.43,5.69,6.52,5.53,0.039,0.039,0.039,0.043,0.033,7.35,7.41,7.45,7.59,7.31,13.0,12.92,12.79,12.47,12.9,102.6,102.3,101.9,101.5,102.3,508.6,533.6,656.8,1181.9,65.0,-0.16000000000000014,-0.4200000000000008,-1.25,-0.2600000000000007,0.0,0.0,-0.003999999999999997,0.005999999999999998,-0.020000000000000462,-0.0600000000000005,-0.20000000000000018,0.08000000000000007,0.08000000000000007,0.21000000000000085,0.5299999999999994,0.09999999999999964,0.20000000000000284,0.5999999999999943,1.0,0.20000000000000284,-64.60000000000002,-187.79999999999995,-712.9000000000001,404.0,5.471666666666667,5.69,0.1478400036074824,5.825833333333333,6.52,0.42412387412884317,6.28125,7.45,0.7146985530551562,0.039,0.039,0.0,0.04025,0.043,0.0015447859516332545,0.0375,0.044,0.005124536034141778,7.41,7.45,0.03577708764000106,7.464166666666667,7.59,0.0682852750443282,7.445833333333333,7.7,0.13164235695598772,12.905,13.0,0.07713624310272255,12.755,13.0,0.18098216888562896,12.621250000000002,13.0,0.2395160428501751,102.30000000000001,102.6,0.24494897427812662,102.01666666666667,102.6,0.3663910810083362,102.08749999999999,102.7,0.39597156243960974,573.55,656.8,57.62536767778595,773.5166666666665,1181.9,239.32594295165094,699.625,1259.7,383.9190848286292,-39.60000000000002,0.9221392056626032,0.9799682,0.9825587,0.98501796,0.9418101,1h,HIGH,-187.79999999999995,-0.0600000000000005,0.21000000000000085,0.0,-0.4200000000000008,True
2022-09-27 16:00:00+00:00,5.23,0.04,7.41,13.01,102.5,481.9,15,True,2022-09-27 16:00:00+00:00,16,1,9,270,-0.8660254037844385,-0.5000000000000004,-1.0,-1.8369701987210297e-16,5.27,5.35,5.58,6.4,5.67,0.039,0.039,0.039,0.043,0.032,7.39,7.39,7.43,7.55,7.28,13.0,12.97,12.85,12.51,12.84,102.5,102.5,102.2,101.5,102.3,469.0,552.7,630.3,1129.4,83.7,-0.11999999999999922,-0.34999999999999964,-1.17,-0.4399999999999995,0.0010000000000000009,0.0010000000000000009,-0.0029999999999999957,0.008,0.020000000000000462,-0.019999999999999574,-0.13999999999999968,0.1299999999999999,0.03999999999999915,0.16000000000000014,0.5,0.16999999999999993,0.0,0.29999999999999716,1.0,0.20000000000000284,-70.80000000000007,-148.39999999999998,-647.5000000000001,398.2,5.401666666666667,5.58,0.12073386710720457,5.721666666666667,6.4,0.390287384403137,6.270416666666667,7.45,0.7284198452915024,0.039,0.039,0.0,0.03991666666666666,0.043,0.0013113721705514403,0.03775,0.044,0.005041135137869351,7.400000000000001,7.43,0.030331501776211738,7.447500000000001,7.55,0.05848465222137444,7.449166666666667,7.7,0.12904049471139858,12.94,13.0,0.0603324125160161,12.799166666666665,13.0,0.16940850753207012,12.625416666666666,13.0,0.24537423355509821,102.39999999999999,102.6,0.15491933384799053,102.10000000000001,102.6,0.35161962919666384,102.09583333333332,102.7,0.40268572994513446,542.25,630.3,54.268618924752815,714.1083333333332,1129.4,216.09072782402077,716.4583333333334,1259.7,363.1802282454344,12.899999999999977,1.0275053304904052,0.9949765,0.9876622,0.9746684,0.9317752,1h,HIGH,-148.39999999999998,-0.019999999999999574,0.16000000000000014,0.0010000000000000009,-0.34999999999999964,True
2022-09-27 17:00:00+00:00,5.19,0.04,7.39,13.02,102.4,331.2,15,True,2022-09-27 17:00:00+00:00,17,1,9,270,-0.9659258262890683,-0.25881904510252063,-1.0,-1.8369701987210297e-16,5.23,5.29,5.49,6.28,6.11,0.04,0.039,0.039,0.041,0.03,7.41,7.35,7.43,7.51,7.27,13.01,13.0,12.9,12.56,12.7,102.5,102.6,102.3,101.7,102.4,481.9,508.6,559.3,994.2,156.4,-0.09999999999999964,-0.2999999999999998,-1.0899999999999999,-0.9199999999999999,0.0010000000000000009,0.0010000000000000009,-0.0010000000000000009,0.010000000000000002,0.040000000000000036,-0.040000000000000036,-0.1200000000000001,0.1200000000000001,0.019999999999999574,0.11999999999999922,0.4599999999999991,0.3200000000000003,-0.19999999999998863,0.10000000000000853,0.7000000000000028,0.0,-177.40000000000003,-228.09999999999997,-663.0,174.79999999999998,5.343333333333334,5.49,0.10013324456273226,5.624166666666667,6.28,0.34942702016908056,6.252083333333332,7.45,0.749422845561355,0.03916666666666666,0.04,0.0004082482904638628,0.03966666666666667,0.041,0.000887625364598499,0.03808333333333333,0.044,0.004907108124438235,7.396666666666666,7.43,0.02732520204256522,7.435833333333334,7.51,0.049443876968714794,7.454583333333335,7.7,0.12427106300925202,12.966666666666667,13.01,0.046332134277084075,12.840833333333334,13.01,0.15246211650668573,12.6325,13.01,0.25413536276695925,102.44999999999999,102.6,0.12247448713876828,102.18333333333334,102.6,0.31285585799026977,102.10416666666667,102.7,0.4091126842396775,517.5166666666667,559.3,37.2674343987713,660.15,994.2,180.94769460210878,733.0500000000001,1259.7,341.46264039072963,-150.7,0.687279518572318,0.9959785,0.98446727,0.9655231,0.9732102,1h,HIGH,-228.09999999999997,-0.040000000000000036,0.11999999999999922,0.0010000000000000009,-0.2999999999999998,True
2022-09-27 18:00:00+00:00,5.19,0.04,7.39,13.02,102.4,390.1,15,True,2022-09-27 18:00:00+00:00,18,1,9,270,-1.0,-1.8369701987210297e-16,-1.0,-1.8369701987210297e-16,5.19,5.27,5.43,6.11,6.51,0.04,0.039,0.039,0.041,0.029,7.39,7.39,7.41,7.5,7.25,13.02,13.0,12.92,12.64,12.6,102.4,102.5,102.3,101.8,102.5,331.2,469.0,533.6,940.7,139.7,-0.07999999999999918,-0.23999999999999932,-0.9199999999999999,-1.3199999999999994,0.0010000000000000009,0.0010000000000000009,-0.0010000000000000009,0.011,0.0,-0.020000000000000462,-0.11000000000000032,0.13999999999999968,0.019999999999999574,0.09999999999999964,0.379999999999999,0.41999999999999993,-0.09999999999999432,0.10000000000000853,0.6000000000000085,-0.09999999999999432,-78.89999999999998,-143.5,-550.6,250.40000000000003,5.293333333333333,5.43,0.08617811013627388,5.533333333333334,6.11,0.30188297953567184,6.21375,7.45,0.7799153382147396,0.03933333333333334,0.04,0.0005163977794943206,0.03958333333333334,0.041,0.0007929614610986522,0.0385,0.044,0.004606233961095338,7.390000000000001,7.41,0.021908902300214503,7.425833333333333,7.5,0.045016831868929595,7.459583333333334,7.7,0.11881586655378894,12.986666666666666,13.02,0.036696957185439985,12.879166666666665,13.02,0.1318717237134367,12.645833333333334,13.02,0.2659505783880268,102.46666666666665,102.6,0.10327955589839631,102.24166666666666,102.6,0.27784342658593325,102.10416666666667,102.7,0.4091126842396775,479.5,552.7,79.04525286188967,604.9,940.7,170.6007300421335,740.3333333333335,1259.7,330.31012919569304,58.900000000000034,1.177838164251208,0.975902,0.97848415,0.9737994,0.9792819,1h,HIGH,-143.5,-0.020000000000000462,0.09999999999999964,0.0010000000000000009,-0.23999999999999932,True
2022-09-27 19:00:00+00:00,5.23,0.04,7.37,13.01,102.5,343.6,15,True,2022-09-27 19:00:00+00:00,19,1,9,270,-0.9659258262890684,0.2588190451025203,-1.0,-1.8369701987210297e-16,5.19,5.23,5.35,5.96,6.96,0.04,0.04,0.039,0.041,0.029,7.39,7.41,7.39,7.49,7.28,13.02,13.01,12.97,12.7,12.47,102.4,102.5,102.5,101.9,102.6,390.1,481.9,552.7,831.3,295.9,0.0,-0.11999999999999922,-0.7299999999999995,-1.7299999999999995,0.0,0.0010000000000000009,-0.0010000000000000009,0.011,-0.040000000000000036,-0.019999999999999574,-0.1200000000000001,0.08999999999999986,0.0,0.03999999999999915,0.3100000000000005,0.5399999999999991,0.0,0.0,0.5999999999999943,-0.09999999999999432,-138.29999999999995,-209.10000000000002,-487.69999999999993,47.700000000000045,5.253333333333333,5.35,0.06250333324439289,5.456666666666667,5.96,0.2553547740028821,6.15875,7.45,0.804278301930696,0.0395,0.04,0.0005477225575051629,0.0395,0.041,0.0006741998624631169,0.03895833333333334,0.044,0.004143923436705318,7.386666666666667,7.41,0.01966384160501213,7.416666666666667,7.49,0.0393892771133893,7.465416666666666,7.7,0.11127635659129112,13.003333333333336,13.02,0.018618986725121352,12.910833333333334,13.02,0.11357483182573527,12.663333333333332,13.02,0.27641598561126646,102.48333333333335,102.6,0.07527726527025921,102.29166666666667,102.6,0.2429303429281678,102.10000000000001,102.7,0.4053983548153019,455.5833333333333,552.7,81.08547136612549,559.0166666666668,831.3,144.0532529898909,750.7666666666668,1259.7,314.0687029057935,-46.5,0.8807997949243783,0.9157409,0.90362376,0.83766437,0.9399393,1h,HIGH,-209.10000000000002,-0.019999999999999574,0.03999999999999915,0.0010000000000000009,-0.11999999999999922,True
2022-09-27 20:00:00+00:00,5.31,0.04,7.37,13.0,102.6,327.5,15,True,2022-09-27 20:00:00+00:00,20,1,9,270,-0.8660254037844386,0.5000000000000001,-1.0,-1.8369701987210297e-16,5.23,5.19,5.29,5.81,7.36,0.04,0.04,0.039,0.04,0.029,7.37,7.39,7.35,7.47,7.31,13.01,13.02,13.0,12.75,12.36,102.5,102.4,102.6,102.0,102.7,343.6,331.2,508.6,763.4,435.0,0.11999999999999922,0.019999999999999574,-0.5,-2.0500000000000007,0.0,0.0010000000000000009,0.0,0.011,-0.019999999999999574,0.020000000000000462,-0.09999999999999964,0.0600000000000005,-0.019999999999999574,0.0,0.25,0.6400000000000006,0.19999999999998863,0.0,0.5999999999999943,-0.10000000000000853,-3.6999999999999886,-181.10000000000002,-435.9,-107.5,5.233333333333333,5.29,0.04082482904629947,5.395833333333333,5.81,0.20690174801904515,6.086666666666667,7.45,0.8068654683762172,0.03966666666666666,0.04,0.0005163977794943156,0.03941666666666667,0.04,0.0005149286505442729,0.03941666666666666,0.044,0.0035620788589111447,7.383333333333333,7.41,0.020655911179780984,7.406666666666667,7.47,0.033933982252533586,7.469166666666666,7.7,0.10615479536841696,13.01,13.02,0.0089442719102054,12.936666666666666,13.02,0.09499601267550203,12.685833333333335,13.02,0.2819176053954114,102.48333333333335,102.6,0.07527726527025921,102.34166666666668,102.6,0.21514618004493508,102.09583333333335,102.7,0.4005204946899267,420.73333333333335,508.6,75.75718227776674,518.375,763.4,128.17244154937157,752.7541666666666,1259.7,311.2029017680276,-16.100000000000023,0.9531431897555296,0.92333996,0.673518,0.85017353,0.9152022,1h,HIGH,-181.10000000000002,0.020000000000000462,0.0,0.0010000000000000009,0.019999999999999574,True
2022-09-27 21:00:00+00:00,5.47,0.04,7.41,12.96,102.7,326.1,15,True,2022-09-27 21:00:00+00:00,21,1,9,270,-0.7071067811865477,0.7071067811865474,-1.0,-1.8369701987210297e-16,5.31,5.19,5.27,5.69,7.45,0.04,0.04,0.039,0.039,0.031,7.37,7.39,7.39,7.45,7.36,13.0,13.02,13.0,12.79,12.31,102.6,102.4,102.5,101.9,102.5,327.5,390.1,469.0,656.8,598.6,0.27999999999999936,0.20000000000000018,-0.22000000000000064,-1.9800000000000004,0.0,0.0010000000000000009,0.0010000000000000009,0.009000000000000001,0.020000000000000462,0.020000000000000462,-0.040000000000000036,0.04999999999999982,-0.05999999999999872,-0.03999999999999915,0.1700000000000017,0.6500000000000004,0.29999999999999716,0.20000000000000284,0.7999999999999972,0.20000000000000284,-64.0,-142.89999999999998,-330.69999999999993,-272.5,5.236666666666667,5.31,0.04676180777792476,5.354166666666667,5.69,0.16121461321839037,6.00125,7.45,0.7740481532038309,0.03983333333333333,0.04,0.0004082482904638506,0.03941666666666666,0.04,0.0005149286505442729,0.039875,0.044,0.00278680899019405,7.386666666666666,7.41,0.015055453054192694,7.398333333333333,7.45,0.02886751345948184,7.471666666666667,7.7,0.10289997957775208,13.01,13.02,0.0089442719102054,12.957499999999998,13.02,0.0758137670395628,12.7125,13.02,0.28001940926517294,102.48333333333333,102.6,0.07527726527025921,102.39166666666667,102.6,0.19752253419598215,102.09166666666665,102.6,0.3944359392156397,390.55,481.9,69.57219990772268,482.04999999999995,656.8,113.3265073701959,748.275,1259.7,316.7002797187162,-1.3999999999999773,0.9957251908396947,0.9346524,0.86166084,0.85948753,0.89801425,1h,HIGH,-142.89999999999998,0.020000000000000462,-0.03999999999999915,0.0010000000000000009,0.20000000000000018,True
2022-09-27 22:00:00+00:00,5.56,0.04,7.4,12.93,102.7,295.6,15,False,2022-09-27 22:00:00+00:00,22,1,9,270,-0.5000000000000004,0.8660254037844384,-1.0,-1.8369701987210297e-16,5.47,5.23,5.23,5.58,7.38,0.04,0.04,0.04,0.039,0.035,7.41,7.37,7.41,7.43,7.48,12.96,13.01,13.01,12.85,12.27,102.7,102.5,102.5,102.2,102.0,326.1,343.6,481.9,630.3,963.7,0.3299999999999992,0.3299999999999992,-0.020000000000000462,-1.8200000000000003,0.0,0.0,0.0010000000000000009,0.0049999999999999975,0.03000000000000025,-0.009999999999999787,-0.02999999999999936,-0.08000000000000007,-0.08000000000000007,-0.08000000000000007,0.08000000000000007,0.6600000000000001,0.20000000000000284,0.20000000000000284,0.5,0.7000000000000028,-48.0,-186.29999999999995,-334.69999999999993,-668.1,5.2700000000000005,5.47,0.1073312629199576,5.335833333333333,5.58,0.1288027620633789,5.91875,7.38,0.7162845712121134,0.04,0.04,0.0,0.0395,0.04,0.0005222329678669311,0.04025,0.044,0.0020483291175768976,7.39,7.41,0.0178885438200076,7.3950000000000005,7.43,0.02430862174021987,7.47375,7.7,0.10103002136687723,13.003333333333336,13.02,0.022509257354925302,12.971666666666666,13.02,0.054578272955359615,12.739583333333334,13.02,0.27067514889971594,102.51666666666667,102.7,0.11690451944457952,102.45833333333333,102.7,0.14433756729759975,102.09999999999998,102.7,0.4053983548153019,366.73333333333335,481.9,61.3146855709691,454.49166666666673,630.3,107.00092147719795,736.9208333333335,1259.7,327.01639764652504,-30.5,0.9064704078503527,0.7878219,0.8164174,0.6604614,0.83079267,1h,HIGH,-186.29999999999995,-0.009999999999999787,-0.08000000000000007,0.0,0.3299999999999992,False
2022-09-27 23:00:00+00:00,5.64,0.041,7.39,12.89,102.6,309.6,15,False,2022-09-27 23:00:00+00:00,23,1,9,270,-0.25881904510252157,0.9659258262890681,-1.0,-1.8369701987210297e-16,5.56,5.31,5.19,5.49,7.25,0.04,0.04,0.04,0.039,0.038,7.4,7.37,7.39,7.43,7.57,12.93,13.0,13.02,12.9,12.3,102.7,102.6,102.4,102.3,101.9,295.6,327.5,331.2,559.3,1081.2,0.33000000000000007,0.4499999999999993,0.14999999999999947,-1.6100000000000003,0.0010000000000000009,0.0010000000000000009,0.0020000000000000018,0.0030000000000000027,0.019999999999999574,0.0,-0.040000000000000036,-0.1800000000000006,-0.10999999999999943,-0.129999999999999,-0.009999999999999787,0.5899999999999999,0.0,0.19999999999998863,0.29999999999999716,0.6999999999999886,-17.899999999999977,-21.599999999999966,-249.69999999999993,-771.6,5.325,5.56,0.1561729810178232,5.334166666666667,5.56,0.12544164404459132,5.842916666666667,7.25,0.6479363842006506,0.04,0.04,0.0,0.03958333333333334,0.04,0.0005149286505442729,0.04045833333333333,0.044,0.0017189270330435365,7.388333333333333,7.41,0.016020819787607634,7.392499999999999,7.43,0.021794494717702895,7.470416666666666,7.7,0.10212861314631054,12.99,13.02,0.036878177829218095,12.978333333333333,13.02,0.04174235549685846,12.767083333333334,13.02,0.25389965780182466,102.55000000000001,102.7,0.13784048752054234,102.5,102.7,0.13483997249286417,102.12916666666666,102.7,0.42270265699647813,335.68333333333334,390.1,31.01428165646956,426.59999999999997,559.3,100.42809277379313,709.0833333333334,1259.7,335.20601798409535,14.0,1.047361299052774,0.37956306,0.639939,0.4831326,0.7990126,1h,MEDIUM,-21.599999999999966,0.0,-0.129999999999999,0.0010000000000000009,0.4499999999999993,False
2022-09-28 00:00:00+00:00,5.76,0.041,7.39,12.85,102.6,279.3,15,False,2022-09-28 00:00:00+00:00,0,2,9,271,0.0,1.0,-1.0,-1.8369701987210297e-16,5.64,5.47,5.19,5.43,7.05,0.041,0.04,0.04,0.039,0.043,7.39,7.41,7.39,7.41,7.69,12.89,12.96,13.02,12.92,12.33,102.6,102.7,102.4,102.3,101.7,309.6,326.1,390.1,533.6,1259.7,0.29000000000000004,0.5699999999999994,0.33000000000000007,-1.29,0.0010000000000000009,0.0010000000000000009,0.0020000000000000018,-0.001999999999999995,-0.020000000000000462,0.0,-0.020000000000000462,-0.3000000000000007,-0.11000000000000121,-0.16999999999999993,-0.07000000000000028,0.5199999999999996,-0.10000000000000853,0.19999999999998863,0.29999999999999716,0.8999999999999915,-46.80000000000001,-110.80000000000001,-254.3,-980.4000000000001,5.3999999999999995,5.64,0.18395651660105403,5.346666666666667,5.64,0.14785332617364338,5.775833333333334,7.05,0.5751817608121907,0.04016666666666666,0.041,0.0004082482904638628,0.03975,0.041,0.0006215815605079252,0.04058333333333333,0.044,0.0016396358733272985,7.388333333333333,7.41,0.016020819787607634,7.389166666666667,7.41,0.018319554050413182,7.4629166666666675,7.7,0.10110172091025353,12.968333333333334,13.02,0.051153364177440375,12.9775,13.02,0.04351070923558577,12.791666666666666,13.02,0.2345331471273286,102.58333333333333,102.7,0.11690451944457463,102.52499999999999,102.7,0.12154310870134419,102.15833333333335,102.7,0.43028470520834355,332.0833333333333,390.1,32.83872206202345,405.7916666666667,552.7,96.21363027926412,676.9333333333333,1259.7,334.96657155299994,-30.30000000000001,0.9021317829457364,0.24842338,0.74816054,0.6577766,0.86106735,6h,HIGH,-110.80000000000001,0.0,-0.16999999999999993,0.0010000000000000009,0.5699999999999994,False
2022-09-28 01:00:00+00:00,5.8,0.041,7.4,12.81,102.3,317.8,15,False,2022-09-28 01:00:00+00:00,1,2,9,271,0.25881904510252074,0.9659258262890683,-1.0,-1.8369701987210297e-16,5.76,5.56,5.23,5.35,6.9,0.041,0.04,0.04,0.039,0.044,7.39,7.4,7.37,7.39,7.7,12.85,12.93,13.01,12.97,12.36,102.6,102.7,102.5,102.5,101.6,279.3,295.6,343.6,552.7,1229.2,0.2400000000000002,0.5699999999999994,0.4500000000000002,-1.1000000000000005,0.0010000000000000009,0.0010000000000000009,0.0020000000000000018,-0.0029999999999999957,0.0,0.03000000000000025,0.010000000000000675,-0.2999999999999998,-0.11999999999999922,-0.1999999999999993,-0.16000000000000014,0.45000000000000107,-0.4000000000000057,-0.20000000000000284,-0.20000000000000284,0.7000000000000028,22.19999999999999,-25.80000000000001,-234.90000000000003,-911.4000000000001,5.495,5.76,0.20027481119700166,5.3741666666666665,5.76,0.189566890728865,5.722083333333333,6.9,0.5071915783029587,0.04033333333333333,0.041,0.0005163977794943206,0.03991666666666667,0.041,0.0006685579234213947,0.0405,0.044,0.001560378995211091,7.388333333333333,7.41,0.016020819787607634,7.387499999999999,7.41,0.01712255291075933,7.4504166666666665,7.7,0.08970866695886444,12.939999999999998,13.01,0.06260990337001729,12.97166666666667,13.02,0.055075705472878204,12.813333333333334,13.02,0.2130659556317607,102.61666666666666,102.7,0.07527726527024536,102.55000000000001,102.7,0.1000000000003033,102.19583333333333,102.7,0.42781463546592297,313.61666666666673,343.6,23.519984410429238,384.59999999999997,552.7,93.47037449957438,636.0833333333334,1229.2,320.26523201961794,38.5,1.137844611528822,0.018691264,0.66565806,0.57457685,0.78384596,6h,HIGH,-25.80000000000001,0.03000000000000025,-0.1999999999999993,0.0010000000000000009,0.5699999999999994,False
2022-09-28 02:00:00+00:00,5.79,0.041,7.38,12.8,102.3,251.1,15,False,2022-09-28 02:00:00+00:00,2,2,9,271,0.49999999999999994,0.8660254037844387,-1.0,-1.8369701987210297e-16,5.8,5.64,5.31,5.29,6.67,0.041,0.041,0.04,0.039,0.044,7.4,7.39,7.37,7.35,7.63,12.81,12.89,13.0,13.0,12.41,102.3,102.6,102.6,102.6,101.4,317.8,309.6,327.5,508.6,1200.7,0.15000000000000036,0.4800000000000004,0.5,-0.8799999999999999,0.0,0.0010000000000000009,0.0020000000000000018,-0.0029999999999999957,-0.009999999999999787,0.009999999999999787,0.03000000000000025,-0.25,-0.08999999999999986,-0.1999999999999993,-0.1999999999999993,0.39000000000000057,-0.29999999999999716,-0.29999999999999716,-0.29999999999999716,0.8999999999999915,-58.50000000000003,-76.4,-257.5,-949.6,5.59,5.8,0.18395651660105852,5.411666666666666,5.8,0.2254624876411512,5.67625,6.67,0.4415763511704853,0.0405,0.041,0.0005477225575051629,0.04008333333333334,0.041,0.0006685579234213947,0.040375,0.044,0.0013772215255488493,7.3933333333333335,7.41,0.013662601021291264,7.3883333333333345,7.41,0.01749458790770871,7.437916666666666,7.63,0.07271021497918286,12.906666666666666,13.0,0.07061633427663336,12.958333333333334,13.02,0.0722160059484974,12.832083333333335,13.02,0.18998808124325314,102.58333333333333,102.7,0.14719601443846286,102.53333333333335,102.7,0.12309149097957503,102.22500000000001,102.7,0.4088690658921001,309.31666666666666,327.5,18.833525072774787,365.02500000000003,508.6,78.45686857931877,598.1083333333333,1200.7,300.2906069513137,-66.70000000000002,0.790119572057898,0.08257878,0.1687041,0.4013576,0.8197997,12h,MEDIUM,-76.4,0.009999999999999787,-0.1999999999999993,0.0010000000000000009,0.4800000000000004,False
2022-09-28 03:00:00+00:00,5.65,0.041,7.37,12.82,102.1,265.6,15,False,2022-09-28 03:00:00+00:00,3,2,9,271,0.7071067811865476,0.7071067811865476,-1.0,-1.8369701987210297e-16,5.79,5.76,5.47,5.27,6.52,0.041,0.041,0.04,0.039,0.043,7.38,7.39,7.41,7.39,7.59,12.8,12.85,12.96,13.0,12.47,102.3,102.6,102.7,102.5,101.5,251.1,279.3,326.1,469.0,1181.9,-0.10999999999999943,0.1800000000000006,0.3800000000000008,-0.8699999999999992,0.0,0.0010000000000000009,0.0020000000000000018,-0.001999999999999995,-0.019999999999999574,-0.040000000000000036,-0.019999999999999574,-0.21999999999999975,-0.02999999999999936,-0.14000000000000057,-0.17999999999999972,0.34999999999999964,-0.5,-0.6000000000000085,-0.4000000000000057,0.5999999999999943,-13.699999999999989,-60.5,-203.39999999999998,-916.3000000000001,5.669999999999999,5.8,0.1359411637437174,5.453333333333333,5.8,0.2461829819586703,5.639583333333333,6.52,0.3888609807101201,0.04066666666666667,0.041,0.0005163977794943156,0.04025,0.041,0.0006215815605079252,0.04025,0.043,0.0011515584902739647,7.395,7.41,0.010488088481716796,7.390833333333333,7.41,0.01311372170551343,7.427499999999999,7.59,0.060952583138899334,12.873333333333335,12.96,0.0647044563122886,12.941666666666668,13.02,0.08386497083607207,12.848333333333334,13.02,0.16768673346365376,102.53333333333335,102.7,0.18618986724999256,102.50833333333333,102.7,0.13789543689045491,102.26249999999999,102.7,0.36926778312245817,296.5833333333333,326.1,27.78211055097946,343.56666666666666,481.9,70.42073988577775,558.5416666666666,1181.9,279.2643969534911,14.500000000000028,1.0577459179609718,0.103523985,0.20551126,0.5500133,0.78133726,6h,HIGH,-60.5,-0.040000000000000036,-0.14000000000000057,0.0010000000000000009,0.1800000000000006,False
2022-09-28 04:00:00+00:00,5.53,0.041,7.38,12.85,102.0,261.6,15,False,2022-09-28 04:00:00+00:00,4,2,9,271,0.8660254037844386,0.5000000000000001,-1.0,-1.8369701987210297e-16,5.65,5.8,5.56,5.23,6.4,0.041,0.041,0.04,0.04,0.043,7.37,7.4,7.4,7.41,7.55,12.82,12.81,12.93,13.01,12.51,102.1,102.3,102.7,102.5,101.5,265.6,317.8,295.6,481.9,1129.4,-0.2699999999999996,-0.02999999999999936,0.2999999999999998,-0.8700000000000001,0.0,0.0010000000000000009,0.0010000000000000009,-0.001999999999999995,-0.020000000000000462,-0.020000000000000462,-0.03000000000000025,-0.16999999999999993,0.03999999999999915,-0.08000000000000007,-0.16000000000000014,0.33999999999999986,-0.29999999999999716,-0.7000000000000028,-0.5,0.5,-56.19999999999999,-34.0,-220.29999999999995,-867.8000000000001,5.7,5.8,0.09736529155708633,5.484999999999999,5.8,0.24489329772929522,5.603333333333333,6.4,0.3408004218545324,0.04083333333333333,0.041,0.0004082482904638506,0.04041666666666667,0.041,0.0005149286505442727,0.04016666666666667,0.043,0.0010072203103708242,7.388333333333333,7.4,0.011690451944514539,7.389166666666667,7.41,0.014433756729738728,7.418333333333333,7.55,0.05121707142933046,12.85,12.93,0.05099019513594674,12.926666666666668,13.02,0.08845474788977856,12.862916666666669,13.02,0.1473380958637447,102.43333333333334,102.7,0.23380903888980148,102.47499999999998,102.7,0.18153386861575255,102.28750000000001,102.7,0.33403006894069076,286.5,317.8,25.837646951690143,326.6166666666667,481.9,61.38369391611779,520.3625000000001,1129.4,251.60299267678235,-4.0,0.9849397590361446,0.14653587,0.436736,0.53324735,0.6123579,6h,HIGH,-34.0,-0.020000000000000462,-0.08000000000000007,0.0010000000000000009,-0.02999999999999936,False
2022-09-28 05:00:00+00:00,5.4,0.041,7.38,12.89,102.0,235.2,15,False,2022-09-28 05:00:00+00:00,5,2,9,271,0.9659258262890683,0.25881904510252074,-1.0,-1.8369701987210297e-16,5.53,5.79,5.64,5.19,6.28,0.041,0.041,0.041,0.04,0.041,7.38,7.38,7.39,7.39,7.51,12.85,12.8,12.89,13.02,12.56,102.0,102.3,102.6,102.4,101.7,261.6,251.1,309.6,331.2,994.2,-0.3899999999999997,-0.23999999999999932,0.20999999999999996,-0.8799999999999999,0.0,0.0,0.0010000000000000009,0.0,0.0,-0.009999999999999787,-0.009999999999999787,-0.1299999999999999,0.08999999999999986,0.0,-0.129999999999999,0.33000000000000007,-0.29999999999999716,-0.5999999999999943,-0.4000000000000057,0.29999999999999716,-15.900000000000006,-74.40000000000003,-96.0,-759.0,5.695,5.8,0.10634848376914617,5.510000000000001,5.8,0.23143819123826126,5.567083333333333,6.28,0.29565666290282633,0.041,0.041,0.0,0.0405,0.041,0.0005222329678669311,0.04008333333333334,0.041,0.0008297022339982923,7.385000000000001,7.4,0.010488088481717868,7.386666666666667,7.41,0.013026778945575836,7.41125,7.51,0.04337024626249617,12.836666666666668,12.89,0.03326659986635977,12.913333333333332,13.02,0.08679477710862085,12.877083333333333,13.02,0.12685079104367555,102.31666666666666,102.6,0.24832774042900346,102.43333333333332,102.7,0.22696949467980249,102.30833333333334,102.7,0.29623238038473587,280.8333333333333,317.8,27.138361532466416,308.2583333333333,390.1,39.906081977408306,484.2041666666667,994.2,220.734610432423,-26.400000000000034,0.8990825688073393,0.12682986,0.014947845,0.23488519,0.6537731,12h,LOW,-74.40000000000003,-0.009999999999999787,0.0,0.0,-0.23999999999999932,False
2022-09-28 06:00:00+00:00,5.29,0.042,7.38,12.92,102.0,257.3,15,False,2022-09-28 06:00:00+00:00,6,2,9,271,1.0,6.123233995736766e-17,-1.0,-1.8369701987210297e-16,5.4,5.65,5.76,5.19,6.11,0.041,0.041,0.041,0.04,0.041,7.38,7.37,7.39,7.39,7.5,12.89,12.82,12.85,13.02,12.64,102.0,102.1,102.6,102.4,101.8,235.2,265.6,279.3,390.1,940.7,-0.3600000000000003,-0.46999999999999975,0.09999999999999964,-0.8200000000000003,0.0010000000000000009,0.0010000000000000009,0.0020000000000000018,0.0010000000000000009,0.009999999999999787,-0.009999999999999787,-0.009999999999999787,-0.1200000000000001,0.09999999999999964,0.07000000000000028,-0.09999999999999964,0.27999999999999936,-0.09999999999999432,-0.5999999999999943,-0.4000000000000057,0.20000000000000284,-8.300000000000011,-22.0,-132.8,-683.4000000000001,5.655,5.8,0.1618332475111217,5.5275,5.8,0.2121802407045858,5.5304166666666665,6.11,0.25519777780595165,0.041,0.041,0.0,0.04058333333333333,0.041,0.0005149286505442727,0.04008333333333333,0.041,0.0008297022339982923,7.383333333333333,7.4,0.010327955589903282,7.385833333333333,7.41,0.013113721705512144,7.405833333333334,7.5,0.038325456027425334,12.836666666666668,12.89,0.03326659986635977,12.902500000000002,13.02,0.08012773892639408,12.890833333333333,13.02,0.10737648785897237,102.21666666666665,102.6,0.23166067138506422,102.39999999999999,102.7,0.25936986577622884,102.32083333333334,102.7,0.27501646854509626,268.43333333333334,317.8,28.336454730026848,300.2583333333333,390.1,44.27255374553479,452.57916666666665,940.7,197.65479564825526,22.100000000000023,1.0939625850340138,0.048689637,0.03819373,0.5448108,0.38182116,12h,HIGH,-22.0,-0.009999999999999787,0.07000000000000028,0.0010000000000000009,-0.46999999999999975,False
2022-09-28 07:00:00+00:00,5.2,0.042,7.36,12.95,102.0,175.7,15,False,2022-09-28 07:00:00+00:00,7,2,9,271,0.9659258262890683,-0.25881904510252063,-1.0,-1.8369701987210297e-16,5.29,5.53,5.8,5.23,5.96,0.042,0.041,0.041,0.04,0.041,7.38,7.38,7.4,7.37,7.49,12.92,12.85,12.81,13.01,12.7,102.0,102.0,102.3,102.5,101.9,257.3,261.6,317.8,343.6,831.3,-0.33000000000000007,-0.5999999999999996,-0.03000000000000025,-0.7599999999999998,0.0010000000000000009,0.0010000000000000009,0.0020000000000000018,0.0010000000000000009,-0.019999999999999574,-0.040000000000000036,-0.009999999999999787,-0.1299999999999999,0.09999999999999964,0.1399999999999988,-0.0600000000000005,0.25,0.0,-0.29999999999999716,-0.5,0.09999999999999432,-85.90000000000003,-142.10000000000002,-167.90000000000003,-655.5999999999999,5.576666666666667,5.8,0.20800641015762478,5.535833333333333,5.8,0.1992923085380507,5.49625,5.96,0.22763075554405918,0.04116666666666667,0.042,0.0004082482904638628,0.04075,0.042,0.0006215815605079252,0.040125,0.042,0.0008998792189488332,7.381666666666667,7.4,0.009831920802519737,7.385000000000001,7.41,0.013142574813452315,7.400833333333334,7.49,0.03295803216300856,12.848333333333334,12.92,0.04792355023022201,12.894166666666665,13.01,0.07153617436252849,12.902499999999998,13.02,0.09321550533459107,102.11666666666667,102.3,0.14719601443851268,102.36666666666666,102.7,0.28391206491819043,102.32916666666667,102.7,0.26123314036161244,264.7666666666667,317.8,28.07124269901251,289.19166666666666,343.6,35.502738904156644,424.1041666666667,831.3,171.81420824773784,-81.60000000000002,0.6828604741546832,0.007738295,0.01606124,0.16082054,0.41819113,12h,LOW,-142.10000000000002,-0.040000000000000036,0.1399999999999988,0.0010000000000000009,-0.5999999999999996,False
2022-09-28 08:00:00+00:00,5.14,0.042,7.36,12.98,102.0,239.4,15,False,2022-09-28 08:00:00+00:00,8,2,9,271,0.8660254037844387,-0.4999999999999998,-1.0,-1.8369701987210297e-16,5.2,5.4,5.79,5.31,5.81,0.042,0.041,0.041,0.04,0.04,7.36,7.38,7.38,7.37,7.47,12.95,12.89,12.8,13.0,12.75,102.0,102.0,102.3,102.6,102.0,175.7,235.2,251.1,327.5,763.4,-0.2600000000000007,-0.6500000000000004,-0.16999999999999993,-0.6699999999999999,0.0010000000000000009,0.0010000000000000009,0.0020000000000000018,0.0020000000000000018,-0.019999999999999574,-0.019999999999999574,-0.009999999999999787,-0.10999999999999943,0.08999999999999986,0.17999999999999972,-0.019999999999999574,0.23000000000000043,0.0,-0.29999999999999716,-0.5999999999999943,0.0,4.200000000000017,-11.699999999999989,-88.1,-524.0,5.476666666666667,5.79,0.2228601953392784,5.533333333333334,5.8,0.20361877629680283,5.464583333333334,5.81,0.2126842764504913,0.04133333333333333,0.042,0.0005163977794943206,0.040916666666666664,0.042,0.0006685579234213947,0.04016666666666667,0.042,0.0009630868246863154,7.375,7.38,0.00836660026536246,7.384166666666666,7.41,0.014433756729737584,7.395416666666667,7.47,0.027971906195891977,12.871666666666668,12.95,0.05845225972251918,12.889166666666668,13.0,0.06444988656925403,12.912916666666666,13.02,0.08301278930626523,102.06666666666666,102.3,0.12110601416355916,102.32499999999999,102.7,0.298861475968767,102.33333333333333,102.7,0.25480882290824575,241.08333333333334,265.6,33.74880244789255,275.2,327.5,44.144164650914135,396.78749999999997,763.4,155.61242074182368,63.70000000000002,1.3625498007968129,0.08381317,0.17826915,0.34512466,0.32300025,12h,MEDIUM,-11.699999999999989,-0.019999999999999574,0.17999999999999972,0.0010000000000000009,-0.6500000000000004,False
2022-09-28 09:00:00+00:00,5.05,0.043,7.36,13.0,102.0,150.5,15,False,2022-09-28 09:00:00+00:00,9,2,9,271,0.7071067811865476,-0.7071067811865475,-1.0,-1.8369701987210297e-16,5.14,5.29,5.65,5.47,5.69,0.042,0.042,0.041,0.04,0.039,7.36,7.38,7.37,7.41,7.45,12.98,12.92,12.82,12.96,12.79,102.0,102.0,102.1,102.7,101.9,239.4,257.3,265.6,326.1,656.8,-0.2400000000000002,-0.6000000000000005,-0.41999999999999993,-0.6400000000000006,0.000999999999999994,0.001999999999999995,0.0029999999999999957,0.003999999999999997,-0.019999999999999574,-0.009999999999999787,-0.04999999999999982,-0.08999999999999986,0.08000000000000007,0.17999999999999972,0.03999999999999915,0.21000000000000085,0.0,-0.09999999999999432,-0.7000000000000028,0.09999999999999432,-106.80000000000001,-115.10000000000002,-175.60000000000002,-506.29999999999995,5.368333333333333,5.65,0.1965112380162027,5.519166666666667,5.8,0.22532636263200817,5.436666666666667,5.8,0.20931911702856137,0.0415,0.042,0.0005477225575051629,0.04108333333333334,0.042,0.0006685579234213947,0.04025,0.042,0.001032093693084433,7.371666666666666,7.38,0.009831920802520626,7.383333333333334,7.41,0.0155699788832274,7.390833333333333,7.45,0.023941353466271763,12.901666666666666,12.98,0.060470378423399425,12.887500000000001,12.98,0.06151496491986935,12.9225,13.02,0.07639997723651314,102.01666666666667,102.1,0.040824829045393855,102.27499999999999,102.7,0.29886147596876267,102.33333333333333,102.7,0.25480882290824575,239.13333333333333,265.6,33.390397821332996,267.85833333333335,326.1,41.92561504580988,374.95416666666665,656.8,137.6630447684761,-88.9,0.6286549707602339,0.00074632803,0.0028894916,0.013675855,0.060889725,NO SIGNIFICANT RISK,LOW,-115.10000000000002,-0.009999999999999787,0.17999999999999972,0.001999999999999995,-0.6000000000000005,False
2022-09-28 10:00:00+00:00,4.95,0.043,7.37,13.03,101.9,178.0,15,False,2022-09-28 10:00:00+00:00,10,2,9,271,0.49999999999999994,-0.8660254037844387,-1.0,-1.8369701987210297e-16,5.05,5.2,5.53,5.56,5.58,0.043,0.042,0.041,0.04,0.039,7.36,7.36,7.38,7.4,7.43,13.0,12.95,12.85,12.93,12.85,102.0,102.0,102.0,102.7,102.2,150.5,175.7,261.6,295.6,630.3,-0.25,-0.5800000000000001,-0.6099999999999994,-0.6299999999999999,0.000999999999999994,0.001999999999999995,0.0029999999999999957,0.003999999999999997,0.009999999999999787,-0.009999999999999787,-0.03000000000000025,-0.05999999999999961,0.08000000000000007,0.17999999999999972,0.09999999999999964,0.17999999999999972,-0.09999999999999432,-0.09999999999999432,-0.7999999999999972,-0.29999999999999716,2.3000000000000114,-83.60000000000002,-117.60000000000002,-452.29999999999995,5.2683333333333335,5.53,0.17611549240955493,5.484166666666667,5.8,0.2631093216735529,5.41,5.8,0.2162928771264678,0.041833333333333333,0.043,0.000752772652709073,0.04133333333333334,0.043,0.0007784989441614137,0.04041666666666667,0.043,0.0011389036172019488,7.37,7.38,0.010954451150120417,7.379166666666666,7.4,0.014433756729736279,7.387083333333333,7.43,0.02115762102732871,12.931666666666667,13.0,0.05636192568276376,12.890833333333333,13.0,0.06666856057917248,12.93125,13.02,0.07249062907954676,102.0,102.0,0.0,102.21666666666665,102.7,0.2757908737805659,102.33750000000002,102.7,0.2481452940446859,219.94999999999996,261.6,45.87368526726652,253.225,317.8,49.67769071268504,353.85833333333335,630.3,131.23781903448207,27.5,1.1827242524916943,0.0003398,0.0033161887,0.005171883,0.021912819,NO SIGNIFICANT RISK,LOW,-83.60000000000002,-0.009999999999999787,0.17999999999999972,0.001999999999999995,-0.5800000000000001,False
2022-09-28 11:00:00+00:00,4.86,0.043,7.35,13.07,101.9,246.3,15,False,2022-09-28 11:00:00+00:00,11,2,9,271,0.258819045102521,-0.9659258262890682,-1.0,-1.8369701987210297e-16,4.95,5.14,5.4,5.64,5.49,0.043,0.042,0.041,0.041,0.039,7.37,7.36,7.38,7.39,7.43,13.03,12.98,12.89,12.89,12.9,101.9,102.0,102.0,102.6,102.3,178.0,239.4,235.2,309.6,559.3,-0.27999999999999936,-0.54,-0.7799999999999994,-0.6299999999999999,0.000999999999999994,0.001999999999999995,0.001999999999999995,0.003999999999999997,-0.010000000000000675,-0.03000000000000025,-0.040000000000000036,-0.08000000000000007,0.08999999999999986,0.17999999999999972,0.17999999999999972,0.16999999999999993,-0.09999999999999432,-0.09999999999999432,-0.6999999999999886,-0.3999999999999915,6.900000000000006,11.100000000000023,-63.30000000000001,-312.99999999999994,5.171666666666667,5.4,0.16240894885029994,5.433333333333334,5.8,0.3030251514713672,5.38375,5.8,0.2323942022026027,0.042166666666666665,0.043,0.0007527726527090688,0.04158333333333333,0.043,0.0007929614610986518,0.04058333333333334,0.043,0.0012128538629010293,7.368333333333333,7.38,0.009831920802521033,7.376666666666666,7.4,0.013026778945573123,7.384583333333334,7.43,0.019332146390346337,12.961666666666668,13.03,0.05192943930632835,12.899166666666666,13.03,0.07739606911951862,12.93875,13.03,0.07302843400973118,101.98333333333333,102.0,0.04082482904638398,102.14999999999999,102.6,0.24308621740227632,102.32499999999999,102.7,0.26251293963967254,206.01666666666665,257.3,43.31796009355588,243.42499999999998,317.8,52.098929058960955,335.0125,559.3,121.96214420698395,68.30000000000001,1.3837078651685395,0.0008556059,0.009901579,0.027490964,0.066238604,NO SIGNIFICANT RISK,LOW,11.100000000000023,-0.03000000000000025,0.17999999999999972,0.001999999999999995,-0.54,False
2022-09-28 12:00:00+00:00,4.77,0.043,7.35,13.1,101.9,222.2,15,False,2022-09-28 12:00:00+00:00,12,2,9,271,1.2246467991473532e-16,-1.0,-1.0,-1.8369701987210297e-16,4.86,5.05,5.29,5.76,5.43,0.043,0.043,0.042,0.041,0.039,7.35,7.36,7.38,7.39,7.41,13.07,13.0,12.92,12.85,12.92,101.9,102.0,102.0,102.6,102.3,246.3,150.5,257.3,279.3,533.6,-0.28000000000000025,-0.5200000000000005,-0.9900000000000002,-0.6600000000000001,0.0,0.000999999999999994,0.001999999999999995,0.003999999999999997,-0.010000000000000675,-0.03000000000000025,-0.040000000000000036,-0.0600000000000005,0.09999999999999964,0.17999999999999972,0.25,0.17999999999999972,-0.09999999999999432,-0.09999999999999432,-0.6999999999999886,-0.3999999999999915,71.69999999999999,-35.10000000000002,-57.10000000000002,-311.40000000000003,5.081666666666667,5.29,0.1601769854462829,5.368333333333333,5.8,0.3364745926740307,5.357500000000001,5.8,0.25440894843434825,0.0425,0.043,0.0005477225575051456,0.04175,0.043,0.0008660254037843397,0.04075,0.043,0.0012597446256045158,7.363333333333333,7.38,0.010327955589905154,7.373333333333334,7.4,0.014354811251300057,7.3812500000000005,7.41,0.018012676695563896,12.991666666666665,13.07,0.05419102016635166,12.914166666666667,13.07,0.0915977702520826,12.945833333333335,13.07,0.07723012853559054,101.96666666666668,102.0,0.05163977794942975,102.09166666666668,102.6,0.20652243256254252,102.30833333333334,102.7,0.27649462085602927,207.86666666666667,257.3,45.01727075986392,238.15,317.8,47.81832094690856,321.97083333333336,552.7,113.36792153893404,-24.100000000000023,0.9021518473406414,0.0019995007,0.045715813,0.06894794,0.05922749,NO SIGNIFICANT RISK,LOW,-35.10000000000002,-0.03000000000000025,0.17999999999999972,0.000999999999999994,-0.5200000000000005,False
2022-09-28 13:00:00+00:00,4.69,0.043,7.35,13.13,102.0,406.3,15,True,2022-09-28 13:00:00+00:00,13,2,9,271,-0.2588190451025208,-0.9659258262890683,-1.0,-1.8369701987210297e-16,4.77,4.95,5.2,5.8,5.35,0.043,0.043,0.042,0.041,0.039,7.35,7.37,7.36,7.4,7.39,13.1,13.03,12.95,12.81,12.97,101.9,101.9,102.0,102.3,102.5,222.2,178.0,175.7,317.8,552.7,-0.2599999999999998,-0.5099999999999998,-1.1099999999999994,-0.6599999999999993,0.0,0.000999999999999994,0.001999999999999995,0.003999999999999997,-0.020000000000000462,-0.010000000000000675,-0.05000000000000071,-0.040000000000000036,0.10000000000000142,0.1800000000000015,0.3200000000000003,0.16000000000000014,0.09999999999999432,0.0,-0.29999999999999716,-0.5,228.3,230.60000000000002,88.5,-146.40000000000003,4.995,5.2,0.16549924471124214,5.285833333333334,5.8,0.35268988008611163,5.329999999999999,5.8,0.28055844930825596,0.042666666666666665,0.043,0.0005163977794942989,0.041916666666666665,0.043,0.0009003366373784236,0.040916666666666664,0.043,0.0012825472842091323,7.358333333333333,7.37,0.0075277265271167185,7.37,7.4,0.01477097891751419,7.37875,7.41,0.01801267669556317,13.021666666666668,13.1,0.05636192568277017,12.935000000000002,13.1,0.10335288182639105,12.953333333333333,13.1,0.08312728148770959,101.95,102.0,0.0547722557505148,102.03333333333332,102.3,0.1370688833685846,102.29166666666667,102.7,0.28880061824976877,202.01666666666665,246.3,39.2153753860256,233.39166666666665,317.8,46.163631067465516,308.99583333333334,552.7,105.65108069229207,184.10000000000002,1.8285328532853287,0.014750392,0.2505275,0.14570473,0.038169827,6h,LOW,230.60000000000002,-0.010000000000000675,0.1800000000000015,0.000999999999999994,-0.5099999999999998,True
2022-09-28 14:00:00+00:00,4.6,0.044,7.33,13.15,101.9,283.0,15,False,2022-09-28 14:00:00+00:00,14,2,9,271,-0.4999999999999997,-0.8660254037844388,-1.0,-1.8369701987210297e-16,4.69,4.86,5.14,5.79,5.29,0.043,0.043,0.042,0.041,0.039,7.35,7.35,7.36,7.38,7.35,13.13,13.07,12.98,12.8,13.0,102.0,101.9,102.0,102.3,102.6,406.3,246.3,239.4,251.1,508.6,-0.2600000000000007,-0.54,-1.1900000000000004,-0.6900000000000004,0.0010000000000000009,0.001999999999999995,0.0029999999999999957,0.0049999999999999975,-0.019999999999999574,-0.03000000000000025,-0.04999999999999982,-0.019999999999999574,0.08000000000000007,0.16999999999999993,0.34999999999999964,0.15000000000000036,0.0,-0.09999999999999432,-0.3999999999999915,-0.6999999999999886,36.69999999999999,43.599999999999994,31.900000000000006,-225.60000000000002,4.91,5.14,0.17005881335582418,5.193333333333333,5.79,0.351136682357419,5.3025,5.8,0.3093787604075244,0.042833333333333334,0.043,0.000408248290463832,0.042083333333333334,0.043,0.0009003366373784229,0.04108333333333333,0.043,0.0012825472842091347,7.3566666666666665,7.37,0.008164965809301141,7.365833333333334,7.38,0.012401124093713668,7.377083333333332,7.41,0.018761469921701905,13.051666666666668,13.13,0.05845225972253105,12.961666666666668,13.13,0.10928139934328258,12.959999999999999,13.13,0.09060185236613338,101.95,102.0,0.0547722557505148,102.00833333333333,102.3,0.10836246694522278,102.27083333333333,102.7,0.2911434229956454,240.44999999999996,406.3,89.29234569659494,240.76666666666668,406.3,64.35817859071905,302.8958333333333,508.6,94.61887153971564,-123.30000000000001,0.6965296578882599,0.0045501636,0.015041682,0.11865271,0.048455965,NO SIGNIFICANT RISK,LOW,43.599999999999994,-0.03000000000000025,0.16999999999999993,0.001999999999999995,-0.54,False
2022-09-28 15:00:00+00:00,4.52,0.044,7.35,13.18,101.9,183.1,15,False,2022-09-28 15:00:00+00:00,15,2,9,271,-0.7071067811865471,-0.7071067811865479,-1.0,-1.8369701987210297e-16,4.6,4.77,5.05,5.65,5.27,0.044,0.043,0.043,0.041,0.039,7.33,7.35,7.36,7.37,7.39,13.15,13.1,13.0,12.82,13.0,101.9,101.9,102.0,102.1,102.5,283.0,222.2,150.5,265.6,469.0,-0.25,-0.5300000000000002,-1.1300000000000008,-0.75,0.0010000000000000009,0.0010000000000000009,0.0029999999999999957,0.0049999999999999975,0.0,-0.010000000000000675,-0.020000000000000462,-0.040000000000000036,0.08000000000000007,0.17999999999999972,0.35999999999999943,0.17999999999999972,0.0,-0.09999999999999432,-0.19999999999998863,-0.5999999999999943,-39.099999999999994,32.599999999999994,-82.50000000000003,-285.9,4.819999999999999,5.05,0.1668532289168855,5.094166666666667,5.65,0.3349751234544735,5.27375,5.8,0.34103184219555815,0.043166666666666666,0.044,0.0004082482904638628,0.042333333333333334,0.044,0.0009847319278345728,0.041291666666666664,0.044,0.0013344650993748865,7.351666666666667,7.37,0.013291601358265836,7.361666666666667,7.38,0.015275252316512328,7.37625,7.41,0.020390215044597825,13.08,13.15,0.057965506984789285,12.990833333333335,13.15,0.10891684345352874,12.96625,13.15,0.09832565678707396,101.93333333333334,102.0,0.05163977794942975,101.97500000000001,102.1,0.06215815605102888,102.24166666666667,102.7,0.2917960375608763,247.7166666666667,406.3,90.94854406018206,243.42499999999998,406.3,65.47296631573641,293.49583333333334,481.9,83.8927393819896,-99.9,0.6469964664310954,0.0013087447,0.0029383376,0.010293755,0.00919064,NO SIGNIFICANT RISK,LOW,32.599999999999994,-0.010000000000000675,0.17999999999999972,0.0010000000000000009,-0.5300000000000002,False
2022-09-28 16:00:00+00:00,4.44,0.044,7.35,13.2,101.9,296.6,15,False,2022-09-28 16:00:00+00:00,16,2,9,271,-0.8660254037844385,-0.5000000000000004,-1.0,-1.8369701987210297e-16,4.52,4.69,4.95,5.53,5.23,0.044,0.043,0.043,0.041,0.04,7.35,7.35,7.37,7.38,7.41,13.18,13.13,13.03,12.85,13.01,101.9,102.0,101.9,102.0,102.5,183.1,406.3,178.0,261.6,481.9,-0.25,-0.5099999999999998,-1.0899999999999999,-0.79,0.0010000000000000009,0.0010000000000000009,0.0029999999999999957,0.003999999999999997,0.0,-0.020000000000000462,-0.03000000000000025,-0.0600000000000005,0.06999999999999851,0.16999999999999993,0.34999999999999964,0.1899999999999995,-0.09999999999999432,0.0,-0.09999999999999432,-0.5999999999999943,-109.69999999999999,118.60000000000002,35.0,-185.29999999999995,4.7316666666666665,4.95,0.16092441289828235,5.0,5.53,0.3231380228604943,5.2425,5.8,0.37414540303027527,0.04333333333333333,0.044,0.0005163977794943206,0.042583333333333334,0.044,0.0009962049198955338,0.0415,0.044,0.0013513278493844844,7.3500000000000005,7.37,0.012649110640688759,7.359999999999999,7.38,0.015374122295708718,7.374583333333334,7.41,0.02084709690280806,13.11,13.18,0.054772255750550745,13.020833333333334,13.18,0.10714971118048913,12.97375,13.18,0.1074532254154092,101.91666666666667,102.0,0.04082482904638399,101.95833333333333,102.0,0.05149286505470123,102.21666666666668,102.7,0.29439202887758636,253.15,406.3,84.74112932927085,236.54999999999998,406.3,67.24040316789863,281.5833333333333,481.9,77.97813331545103,113.50000000000003,1.6198798470780995,0.0020907987,0.011267035,0.006662143,0.008229101,NO SIGNIFICANT RISK,LOW,118.60000000000002,-0.020000000000000462,0.16999999999999993,0.0010000000000000009,-0.5099999999999998,False
2022-09-28 17:00:00+00:00,4.34,0.044,7.36,13.24,101.9,183.6,15,False,2022-09-28 17:00:00+00:00,17,2,9,271,-0.9659258262890683,-0.25881904510252063,-1.0,-1.8369701987210297e-16,4.44,4.6,4.86,5.4,5.19,0.044,0.044,0.043,0.041,0.04,7.35,7.33,7.35,7.38,7.39,13.2,13.15,13.07,12.89,13.02,101.9,101.9,101.9,102.0,102.4,296.6,283.0,246.3,235.2,331.2,-0.2599999999999998,-0.5200000000000005,-1.0600000000000005,-0.8500000000000005,0.0,0.0010000000000000009,0.0029999999999999957,0.003999999999999997,0.03000000000000025,0.010000000000000675,-0.019999999999999574,-0.02999999999999936,0.08999999999999986,0.16999999999999993,0.34999999999999964,0.22000000000000064,0.0,0.0,-0.09999999999999432,-0.5,-99.4,-62.70000000000002,-51.599999999999994,-147.6,4.6466666666666665,4.86,0.15718354451613703,4.909166666666667,5.4,0.3136720445228742,5.209583333333334,5.8,0.40846988252198885,0.043500000000000004,0.044,0.0005477225575051636,0.042833333333333334,0.044,0.0009374368665609986,0.041666666666666664,0.044,0.0014039282363261967,7.346666666666667,7.35,0.008164965809300559,7.357499999999999,7.38,0.014222261679229603,7.372083333333332,7.41,0.019995470501575813,13.138333333333334,13.2,0.0487510683644001,13.049999999999999,13.2,0.10401048898156078,12.981666666666667,13.2,0.11683011325133488,101.91666666666667,102.0,0.04082482904638399,101.95,102.0,0.052223296786957835,102.19166666666668,102.7,0.2947610184047546,272.9166666666667,406.3,77.20278276504588,239.46666666666667,406.3,69.15753207297075,273.8625,406.3,65.44882376795347,-113.00000000000003,0.6190155091031692,0.00042513438,0.0011363584,0.012201348,0.007883051,NO SIGNIFICANT RISK,LOW,-62.70000000000002,0.010000000000000675,0.16999999999999993,0.0010000000000000009,-0.5200000000000005,False
2022-09-28 18:00:00+00:00,4.26,0.045,7.35,13.27,101.9,141.3,15,False,2022-09-28 18:00:00+00:00,18,2,9,271,-1.0,-1.8369701987210297e-16,-1.0,-1.8369701987210297e-16,4.34,4.52,4.77,5.29,5.19,0.044,0.044,0.043,0.042,0.04,7.36,7.35,7.35,7.38,7.39,13.24,13.18,13.1,12.92,13.02,101.9,101.9,101.9,102.0,102.4,183.6,183.1,222.2,257.3,390.1,-0.2599999999999998,-0.5099999999999998,-1.0300000000000002,-0.9300000000000006,0.0010000000000000009,0.0020000000000000018,0.0029999999999999957,0.0049999999999999975,0.0,0.0,-0.03000000000000025,-0.040000000000000036,0.08999999999999986,0.16999999999999993,0.34999999999999964,0.25,0.0,0.0,-0.09999999999999432,-0.5,-41.79999999999998,-80.89999999999998,-116.0,-248.8,4.56,4.77,0.15937377450505874,4.820833333333333,5.29,0.3121322078086859,5.174166666666666,5.8,0.44542033559583877,0.04366666666666666,0.044,0.0005163977794943188,0.04308333333333333,0.044,0.0007929614610986479,0.041833333333333333,0.044,0.0014345630047136728,7.348333333333333,7.36,0.009831920802521328,7.355833333333334,7.38,0.012401124093711238,7.370833333333334,7.41,0.019763089590056297,13.166666666666666,13.24,0.05046450898077346,13.079166666666666,13.24,0.10413787480882523,12.990833333333335,13.24,0.1280596554825907,101.91666666666667,102.0,0.04082482904638399,101.94166666666668,102.0,0.051492865054691604,102.17083333333333,102.7,0.2970568188464637,262.46666666666664,406.3,85.34067416341912,235.16666666666666,406.3,71.02586383376881,267.71250000000003,406.3,66.74858938421502,-42.29999999999998,0.7696078431372549,0.00013450092,0.00042051787,0.0009813869,0.0034179548,NO SIGNIFICANT RISK,LOW,-80.89999999999998,0.0,0.16999999999999993,0.0020000000000000018,-0.5099999999999998,False
2022-09-28 19:00:00+00:00,4.22,0.045,7.35,13.28,101.9,149.8,15,False,2022-09-28 19:00:00+00:00,19,2,9,271,-0.9659258262890684,0.2588190451025203,-1.0,-1.8369701987210297e-16,4.26,4.44,4.69,5.2,5.23,0.045,0.044,0.043,0.042,0.04,7.35,7.35,7.35,7.36,7.37,13.27,13.2,13.13,12.95,13.01,101.9,101.9,102.0,102.0,102.5,141.3,296.6,406.3,175.7,343.6,-0.22000000000000064,-0.47000000000000064,-0.9800000000000004,-1.0100000000000007,0.0010000000000000009,0.0020000000000000018,0.0029999999999999957,0.0049999999999999975,0.0,0.0,-0.010000000000000675,-0.020000000000000462,0.08000000000000007,0.14999999999999858,0.33000000000000007,0.2699999999999996,0.0,-0.09999999999999432,-0.09999999999999432,-0.5999999999999943,-146.8,-256.5,-25.899999999999977,-193.8,4.4750000000000005,4.69,0.16096583488426638,4.735,5.2,0.3130059540531744,5.135416666666667,5.8,0.48286265187908306,0.044000000000000004,0.045,0.0006324555320336726,0.043333333333333335,0.045,0.000887625364598495,0.042041666666666665,0.045,0.0015174110293142166,7.348333333333334,7.36,0.009831920802521328,7.353333333333333,7.37,0.009847319278333266,7.3691666666666675,7.41,0.019763089590055797,13.194999999999999,13.27,0.05319774431311912,13.108333333333334,13.27,0.10451910076270304,13.001249999999999,13.27,0.140133864572419,101.91666666666667,102.0,0.04082482904638399,101.93333333333334,102.0,0.04923659639198945,102.14999999999999,102.7,0.29781815286161467,248.98333333333335,406.3,98.37104079284146,225.5,406.3,75.4930099112115,257.34583333333336,406.3,66.23272525668463,8.5,1.0601556970983723,0.00012522642,0.00011747387,0.00022393033,0.0012400114,NO SIGNIFICANT RISK,LOW,-256.5,0.0,0.14999999999999858,0.0020000000000000018,-0.47000000000000064,False
2022-09-28 20:00:00+00:00,4.32,0.045,7.37,13.27,102.1,139.3,15,False,2022-09-28 20:00:00+00:00,20,2,9,271,-0.8660254037844386,0.5000000000000001,-1.0,-1.8369701987210297e-16,4.22,4.34,4.6,5.14,5.31,0.045,0.044,0.044,0.042,0.04,7.35,7.36,7.33,7.36,7.37,13.28,13.24,13.15,12.98,13.0,101.9,101.9,101.9,102.0,102.6,149.8,183.6,283.0,239.4,327.5,-0.019999999999999574,-0.27999999999999936,-0.8199999999999994,-0.9899999999999993,0.0010000000000000009,0.0010000000000000009,0.0029999999999999957,0.0049999999999999975,0.009999999999999787,0.040000000000000036,0.009999999999999787,0.0,0.02999999999999936,0.11999999999999922,0.28999999999999915,0.2699999999999996,0.19999999999998863,0.19999999999998863,0.09999999999999432,-0.5,-44.29999999999998,-143.7,-100.1,-188.2,4.3966666666666665,4.6,0.14935416521361292,4.653333333333333,5.14,0.30846639225615285,5.093333333333333,5.8,0.5170624944708287,0.04433333333333333,0.045,0.0005163977794943188,0.043583333333333335,0.045,0.0009003366373784218,0.04225,0.045,0.0015673294928415054,7.348333333333334,7.36,0.009831920802521328,7.352499999999999,7.37,0.009653072991620432,7.368333333333333,7.41,0.02014440620740431,13.219999999999999,13.28,0.051768716422218565,13.135833333333332,13.28,0.10246581100173903,13.012499999999998,13.28,0.1512628003925945,101.9,101.9,0.0,101.92500000000001,102.0,0.04522670168694204,102.125,102.7,0.292292289683949,206.23333333333332,296.6,67.09356650728068,223.3416666666667,406.3,77.3925584669504,249.27083333333334,406.3,67.06816441156091,-10.5,0.9299065420560748,6.241113e-05,0.0002408095,0.00014688227,0.0015526948,NO SIGNIFICANT RISK,LOW,-143.7,0.040000000000000036,0.11999999999999922,0.0010000000000000009,-0.27999999999999936,False
2022-09-28 21:00:00+00:00,4.56,0.045,7.37,13.22,102.3,147.9,15,False,2022-09-28 21:00:00+00:00,21,2,9,271,-0.7071067811865477,0.7071067811865474,-1.0,-1.8369701987210297e-16,4.32,4.26,4.52,5.05,5.47,0.045,0.045,0.044,0.043,0.04,7.37,7.35,7.35,7.36,7.41,13.27,13.27,13.18,13.0,12.96,102.1,101.9,101.9,102.0,102.7,139.3,141.3,183.1,150.5,326.1,0.2999999999999998,0.040000000000000036,-0.4900000000000002,-0.9100000000000001,0.0,0.0010000000000000009,0.0020000000000000018,0.0049999999999999975,0.020000000000000462,0.020000000000000462,0.009999999999999787,-0.040000000000000036,-0.049999999999998934,0.040000000000000924,0.22000000000000064,0.2599999999999998,0.3999999999999915,0.3999999999999915,0.29999999999999716,-0.4000000000000057,6.599999999999994,-35.19999999999999,-2.5999999999999943,-178.20000000000002,4.3500000000000005,4.52,0.11224972160316636,4.585,5.05,0.2804055504573423,5.052083333333333,5.8,0.538088235585347,0.044500000000000005,0.045,0.0005477225575051636,0.04383333333333333,0.045,0.0008348471099366162,0.04245833333333333,0.045,0.0015874279625331868,7.355,7.37,0.00836660026536433,7.353333333333333,7.37,0.010730867399760922,7.368333333333333,7.41,0.02014440620740431,13.24,13.28,0.041472882706705516,13.160000000000002,13.28,0.0963893619177492,13.02375,13.28,0.16007640838593437,101.93333333333334,102.1,0.08164965809276796,101.93333333333334,102.1,0.0651338947280834,102.10416666666667,102.7,0.27422486277197455,182.28333333333333,296.6,59.41896722989141,215.0,406.3,80.82293778827271,241.42916666666667,406.3,68.51060520359057,8.599999999999994,1.061737257717157,0.0004097852,0.00023315854,0.00041096157,0.0039191456,NO SIGNIFICANT RISK,LOW,-35.19999999999999,0.020000000000000462,0.040000000000000924,0.0010000000000000009,0.040000000000000036,False
2022-09-28 22:00:00+00:00,4.9,0.046,7.38,13.11,102.4,137.2,15,False,2022-09-28 22:00:00+00:00,22,2,9,271,-0.5000000000000004,0.8660254037844384,-1.0,-1.8369701987210297e-16,4.56,4.22,4.44,4.95,5.56,0.045,0.045,0.044,0.043,0.04,7.37,7.35,7.35,7.37,7.4,13.22,13.28,13.2,13.03,12.93,102.3,101.9,101.9,101.9,102.7,147.9,149.8,296.6,178.0,295.6,0.6800000000000006,0.45999999999999996,-0.04999999999999982,-0.6599999999999993,0.0010000000000000009,0.0020000000000000018,0.0030000000000000027,0.005999999999999998,0.03000000000000025,0.03000000000000025,0.009999999999999787,-0.020000000000000462,-0.16999999999999993,-0.08999999999999986,0.08000000000000007,0.17999999999999972,0.5,0.5,0.5,-0.29999999999999716,-12.600000000000023,-159.40000000000003,-40.80000000000001,-158.40000000000003,4.3566666666666665,4.56,0.12484657250663724,4.5441666666666665,4.95,0.23918263593611097,5.014166666666666,5.8,0.5394193066676296,0.04466666666666666,0.045,0.0005163977794943188,0.04399999999999999,0.045,0.0008528028654223371,0.042666666666666665,0.045,0.00157884566161129,7.358333333333333,7.37,0.00983192080252184,7.354166666666667,7.37,0.01164500152880196,7.366666666666667,7.4,0.018097962092005544,13.246666666666668,13.28,0.032041639575259434,13.178333333333335,13.28,0.08321203292940425,13.034583333333332,13.28,0.16431621600006852,102.0,102.3,0.16733200530681233,101.95833333333333,102.3,0.1240112409373117,102.08750000000002,102.7,0.24726767752339682,176.41666666666666,296.6,61.037870757972144,214.78333333333333,406.3,81.0148228113303,234.0041666666667,406.3,68.59160475417931,-10.700000000000017,0.9276538201487491,0.0002814909,0.00017502999,0.00037885926,0.0025620235,NO SIGNIFICANT RISK,LOW,-159.40000000000003,0.03000000000000025,-0.08999999999999986,0.0020000000000000018,0.45999999999999996,False
2022-09-28 23:00:00+00:00,5.3,0.046,7.39,12.99,102.5,150.3,15,False,2022-09-28 23:00:00+00:00,23,2,9,271,-0.25881904510252157,0.9659258262890681,-1.0,-1.8369701987210297e-16,4.9,4.32,4.34,4.86,5.64,0.046,0.045,0.044,0.043,0.041,7.38,7.37,7.36,7.35,7.39,13.11,13.27,13.24,13.07,12.89,102.4,102.1,101.9,101.9,102.6,137.2,139.3,183.6,246.3,309.6,0.9799999999999995,0.96,0.4399999999999995,-0.33999999999999986,0.0010000000000000009,0.0020000000000000018,0.0030000000000000027,0.0049999999999999975,0.019999999999999574,0.02999999999999936,0.040000000000000036,0.0,-0.27999999999999936,-0.25,-0.08000000000000007,0.09999999999999964,0.4000000000000057,0.5999999999999943,0.5999999999999943,-0.09999999999999432,11.0,-33.29999999999998,-96.0,-159.3,4.433333333333334,4.9,0.2572676945647378,4.54,4.9,0.2317914423081354,4.986666666666667,5.8,0.5270646084203191,0.045000000000000005,0.046,0.0006324555320336726,0.044250000000000005,0.046,0.0009653072991633284,0.042916666666666665,0.046,0.001612900888263973,7.363333333333333,7.38,0.012110601416406127,7.355,7.38,0.013142574813445572,7.365833333333334,7.4,0.01691838893209315,13.231666666666667,13.28,0.06369196704978483,13.185,13.28,0.07280109889281798,13.042083333333332,13.28,0.1634406997012744,102.08333333333333,102.4,0.2228601953392922,102.0,102.4,0.17580981459837575,102.075,102.6,0.22116293423231811,149.85,183.6,17.246999739092452,211.38333333333335,406.3,83.51638743202857,227.40416666666667,406.3,70.01308870903812,13.100000000000023,1.0954810495626823,0.00017329758,0.00028985587,0.0006694219,0.003095702,NO SIGNIFICANT RISK,LOW,-33.29999999999998,0.02999999999999936,-0.25,0.0020000000000000018,0.96,False
2022-09-29 00:00:00+00:00,5.61,0.046,7.42,12.88,102.5,140.3,15,False,2022-09-29 00:00:00+00:00,0,3,9,272,0.0,1.0,-1.0,-1.8369701987210297e-16,5.3,4.56,4.26,4.77,5.76,0.046,0.045,0.045,0.043,0.041,7.39,7.37,7.35,7.35,7.39,12.99,13.22,13.27,13.1,12.85,102.5,102.3,101.9,101.9,102.6,150.3,147.9,141.3,222.2,279.3,1.0500000000000007,1.3500000000000005,0.8400000000000007,-0.14999999999999947,0.0010000000000000009,0.0010000000000000009,0.0030000000000000027,0.0049999999999999975,0.04999999999999982,0.07000000000000028,0.07000000000000028,0.03000000000000025,-0.33999999999999986,-0.3899999999999988,-0.21999999999999886,0.030000000000001137,0.20000000000000284,0.5999999999999943,0.5999999999999943,-0.09999999999999432,-7.599999999999994,-1.0,-81.89999999999998,-139.0,4.593333333333333,5.3,0.4288900402978081,4.576666666666667,5.3,0.30896699833577446,4.9725,5.8,0.5131255461258436,0.04533333333333333,0.046,0.0005163977794943188,0.044500000000000005,0.046,0.0009999999999999072,0.043125,0.046,0.0016762406177801721,7.368333333333333,7.39,0.016020819787609403,7.358333333333333,7.39,0.016422453217979357,7.365833333333332,7.4,0.01691838893209315,13.19,13.28,0.11679041056526974,13.178333333333335,13.28,0.08663752423784064,13.04625,13.28,0.16064577559771984,102.18333333333334,102.5,0.25625508125044055,102.05,102.5,0.22360679775003184,102.07083333333334,102.6,0.21157621027329923,144.29999999999998,150.3,5.720489489567983,203.38333333333333,406.3,84.46024167762103,220.76666666666665,406.3,69.43050743238717,-10.0,0.9334664005322688,0.00033188367,0.00028835287,0.000849104,0.0026857366,NO SIGNIFICANT RISK,LOW,-1.0,0.07000000000000028,-0.3899999999999988,0.0010000000000000009,1.3500000000000005,False
2022-09-29 01:00:00+00:00,5.64,0.046,7.42,12.84,102.2,124.2,15,False,2022-09-29 01:00:00+00:00,1,3,9,272,0.25881904510252074,0.9659258262890683,-1.0,-1.8369701987210297e-16,5.61,4.9,4.22,4.69,5.8,0.046,0.046,0.045,0.043,0.041,7.42,7.38,7.35,7.35,7.4,12.88,13.11,13.28,13.13,12.81,102.5,102.4,101.9,102.0,102.3,140.3,137.2,149.8,406.3,317.8,0.7399999999999993,1.42,0.9499999999999993,-0.16000000000000014,0.0,0.0010000000000000009,0.0030000000000000027,0.0049999999999999975,0.040000000000000036,0.07000000000000028,0.07000000000000028,0.019999999999999574,-0.2699999999999996,-0.4399999999999995,-0.2900000000000009,0.02999999999999936,-0.20000000000000284,0.29999999999999716,0.20000000000000284,-0.09999999999999432,-12.999999999999986,-25.60000000000001,-282.1,-193.60000000000002,4.8183333333333325,5.61,0.5547041253376938,4.6466666666666665,5.61,0.42870488542573243,4.96625,5.8,0.5039480002505323,0.045500000000000006,0.046,0.0005477225575051636,0.04474999999999999,0.046,0.0009653072991633246,0.043333333333333335,0.046,0.0017110044511585783,7.38,7.42,0.02366431913240669,7.364166666666667,7.42,0.023915887961132996,7.367083333333333,7.42,0.019666605256588084,13.125,13.28,0.16281891781978042,13.159999999999998,13.28,0.12113103348328613,13.0475,13.28,0.1591622087546344,102.28333333333335,102.5,0.24013884872438712,102.10000000000001,102.5,0.25226248955480135,102.06666666666668,102.5,0.2014440620741046,144.13333333333335,150.3,5.8387213212247495,196.55833333333337,406.3,86.09473068379316,214.97500000000002,406.3,70.12950287798263,-16.10000000000001,0.8852459016393442,0.00033676685,0.00028402198,0.00051660824,0.00276158,NO SIGNIFICANT RISK,LOW,-25.60000000000001,0.07000000000000028,-0.4399999999999995,0.0010000000000000009,1.42,False
2022-09-29 02:00:00+00:00,5.66,0.046,7.4,12.8,102.0,134.0,15,False,2022-09-29 02:00:00+00:00,2,3,9,272,0.49999999999999994,0.8660254037844387,-1.0,-1.8369701987210297e-16,5.64,5.3,4.32,4.6,5.79,0.046,0.046,0.045,0.044,0.041,7.42,7.39,7.37,7.33,7.38,12.84,12.99,13.27,13.15,12.8,102.2,102.5,102.1,101.9,102.3,124.2,150.3,139.3,283.0,251.1,0.3600000000000003,1.3399999999999999,1.0600000000000005,-0.1299999999999999,0.0,0.0010000000000000009,0.0020000000000000018,0.0049999999999999975,0.010000000000000675,0.03000000000000025,0.07000000000000028,0.020000000000000462,-0.1899999999999995,-0.46999999999999886,-0.34999999999999964,0.0,-0.5,-0.09999999999999432,0.09999999999999432,-0.29999999999999716,-16.30000000000001,-5.300000000000011,-149.0,-117.1,5.055,5.64,0.551280327963904,4.725833333333333,5.64,0.5162180359170639,4.959583333333334,5.79,0.4933865154452208,0.04566666666666666,0.046,0.0005163977794943188,0.04499999999999999,0.046,0.0008528028654223286,0.043541666666666666,0.046,0.0017189270330435651,7.391666666666667,7.42,0.023166067138533683,7.37,7.42,0.028284271247458186,7.367916666666666,7.42,0.02146365313260374,13.051666666666668,13.27,0.17747300264173016,13.135833333333332,13.28,0.15252173218227094,13.048749999999998,13.28,0.1573230545033453,102.33333333333333,102.5,0.16329931618557528,102.11666666666667,102.5,0.25166114784240257,102.0625,102.5,0.19740159904199336,139.86666666666667,150.3,9.235294617223978,173.04999999999998,296.6,57.325061947393,206.90833333333333,406.3,68.91166315537966,9.799999999999997,1.0789049919484701,0.00062893145,0.00052996824,0.0007768654,0.0055804043,NO SIGNIFICANT RISK,LOW,-5.300000000000011,0.03000000000000025,-0.46999999999999886,0.0010000000000000009,1.3399999999999999,False
2022-09-29 03:00:00+00:00,5.61,0.046,7.4,12.8,101.8,129.3,15,False,2022-09-29 03:00:00+00:00,3,3,9,272,0.7071067811865476,0.7071067811865476,-1.0,-1.8369701987210297e-16,5.66,5.61,4.56,4.52,5.65,0.046,0.046,0.045,0.044,0.041,7.4,7.42,7.37,7.35,7.37,12.8,12.88,13.22,13.18,12.82,102.0,102.5,102.3,101.9,102.1,134.0,140.3,147.9,183.1,265.6,0.0,1.0500000000000007,1.0900000000000007,-0.040000000000000036,0.0,0.0010000000000000009,0.0020000000000000018,0.0049999999999999975,-0.019999999999999574,0.03000000000000025,0.05000000000000071,0.03000000000000025,-0.08000000000000007,-0.41999999999999993,-0.379999999999999,-0.019999999999999574,-0.7000000000000028,-0.5,-0.10000000000000853,-0.29999999999999716,-11.0,-18.599999999999994,-53.79999999999998,-136.3,5.278333333333333,5.66,0.4574020842395203,4.814166666666667,5.66,0.57953677949539,4.954166666666667,5.66,0.48450707058748277,0.04583333333333334,0.046,0.00040824829046385755,0.04516666666666667,0.046,0.0008348471099366044,0.04374999999999999,0.046,0.0017003835884371829,7.396666666666666,7.42,0.020655911179782233,7.375833333333333,7.42,0.02644319239884313,7.3687499999999995,7.42,0.022324192375470932,12.973333333333334,13.22,0.16512621435336067,13.106666666666664,13.28,0.18047076486150973,13.048749999999998,13.28,0.1573230545033453,102.31666666666666,102.5,0.19407902170681737,102.125,102.5,0.24541245430355618,102.05000000000001,102.5,0.19110661718114977,138.98333333333335,150.3,9.5484902820774,160.63333333333333,296.6,46.44997961313139,202.02916666666667,406.3,69.78668416131987,-4.699999999999989,0.9649253731343285,0.000961228,0.0009441858,0.0038076385,0.0042198175,NO SIGNIFICANT RISK,LOW,-18.599999999999994,0.03000000000000025,-0.41999999999999993,0.0010000000000000009,1.0500000000000007,False
2022-09-29 04:00:00+00:00,5.54,0.046,7.4,12.82,101.8,141.3,15,False,2022-09-29 04:00:00+00:00,4,3,9,272,0.8660254037844386,0.5000000000000001,-1.0,-1.8369701987210297e-16,5.61,5.64,4.9,4.44,5.53,0.046,0.046,0.046,0.044,0.041,7.4,7.42,7.38,7.35,7.38,12.8,12.84,13.11,13.2,12.85,101.8,102.2,102.4,101.9,102.0,129.3,124.2,137.2,296.6,261.6,-0.09999999999999964,0.6399999999999997,1.0999999999999996,0.009999999999999787,0.0,0.0,0.0020000000000000018,0.0049999999999999975,-0.019999999999999574,0.020000000000000462,0.05000000000000071,0.020000000000000462,-0.019999999999999574,-0.28999999999999915,-0.379999999999999,-0.02999999999999936,-0.4000000000000057,-0.6000000000000085,-0.10000000000000853,-0.20000000000000284,17.10000000000001,4.100000000000023,-155.3,-120.30000000000001,5.453333333333333,5.66,0.3021037349432441,4.905,5.66,0.6136552185655522,4.9525,5.66,0.482072067497027,0.046,0.046,0.0,0.04533333333333334,0.046,0.0007784989441613944,0.04395833333333333,0.046,0.0016544844636865413,7.401666666666667,7.42,0.016020819787609317,7.38,7.42,0.025936986577609577,7.37,7.42,0.023219182474460066,12.903333333333334,13.11,0.12339638028188821,13.075000000000001,13.28,0.19883753075404229,13.047916666666666,13.28,0.1586349149206622,102.23333333333333,102.5,0.2875181153713149,102.11666666666667,102.5,0.25524794837870424,102.03750000000001,102.5,0.19740159904199153,135.88333333333333,150.3,9.082602417089932,156.15,296.6,46.68017877974339,196.35000000000002,406.3,69.93424862279362,12.0,1.0928074245939674,0.0020225046,0.0024448377,0.007398716,0.010910671,NO SIGNIFICANT RISK,LOW,4.100000000000023,0.020000000000000462,-0.28999999999999915,0.0,0.6399999999999997,False
2022-09-29 05:00:00+00:00,5.5,0.046,7.4,12.83,101.8,150.1,15,False,2022-09-29 05:00:00+00:00,5,3,9,272,0.9659258262890683,0.25881904510252074,-1.0,-1.8369701987210297e-16,5.54,5.66,5.3,4.34,5.4,0.046,0.046,0.046,0.044,0.041,7.4,7.4,7.39,7.36,7.38,12.82,12.8,12.99,13.24,12.89,101.8,102.0,102.5,101.9,102.0,141.3,134.0,150.3,183.6,235.2,-0.16000000000000014,0.20000000000000018,1.1600000000000001,0.09999999999999964,0.0,0.0,0.0020000000000000018,0.0049999999999999975,0.0,0.010000000000000675,0.040000000000000036,0.020000000000000462,0.02999999999999936,-0.16000000000000014,-0.41000000000000014,-0.0600000000000005,-0.20000000000000284,-0.7000000000000028,-0.10000000000000853,-0.20000000000000284,16.099999999999994,-0.20000000000001705,-33.5,-85.1,5.56,5.66,0.13371611720354368,4.996666666666667,5.66,0.6200048875662738,4.952916666666667,5.66,0.4825969527883162,0.046,0.046,0.0,0.04549999999999999,0.046,0.000674199862463091,0.04416666666666667,0.046,0.001578845661611307,7.405,7.42,0.012247448713931441,7.384166666666668,7.42,0.024664414311578,7.370833333333334,7.42,0.023941353466267988,12.854999999999999,12.99,0.07259476565156811,13.043333333333331,13.28,0.2072036035722693,13.046666666666667,13.28,0.1603709468068072,102.13333333333334,102.5,0.32041639575195036,102.10833333333333,102.5,0.2644319239885097,102.02916666666665,102.5,0.20319013727059973,136.5666666666667,150.3,9.351719984416107,143.20833333333334,183.6,14.935951644098958,191.3375,406.3,69.36303872599785,8.799999999999983,1.0622788393489029,0.0004907685,0.0028542234,0.0032100927,0.002845379,NO SIGNIFICANT RISK,LOW,-0.20000000000001705,0.010000000000000675,-0.16000000000000014,0.0,0.20000000000000018,False
2022-09-29 06:00:00+00:00,5.43,0.046,7.39,12.85,101.8,118.0,15,False,2022-09-29 06:00:00+00:00,6,3,9,272,1.0,6.123233995736766e-17,-1.0,-1.8369701987210297e-16,5.5,5.61,5.61,4.26,5.29,0.046,0.046,0.046,0.045,0.042,7.4,7.4,7.42,7.35,7.38,12.83,12.8,12.88,13.27,12.92,101.8,101.8,102.5,101.9,102.0,150.1,129.3,140.3,141.3,257.3,-0.1800000000000006,-0.1800000000000006,1.17,0.13999999999999968,0.0,0.0,0.0010000000000000009,0.003999999999999997,-0.010000000000000675,-0.03000000000000025,0.040000000000000036,0.009999999999999787,0.049999999999998934,-0.030000000000001137,-0.41999999999999993,-0.07000000000000028,0.0,-0.7000000000000028,-0.10000000000000853,-0.20000000000000284,-11.300000000000011,-22.30000000000001,-23.30000000000001,-139.3,5.593333333333334,5.66,0.06121002096600397,5.093333333333334,5.66,0.5983664631665366,4.957083333333333,5.66,0.48703610406894404,0.046,0.046,0.0,0.04566666666666667,0.046,0.0004923659639171211,0.044375,0.046,0.0014688800821212806,7.406666666666666,7.42,0.0103279555899047,7.387499999999999,7.42,0.02378884383295967,7.371666666666667,7.42,0.024612945810060443,12.828333333333333,12.88,0.02994439290874004,13.009166666666667,13.28,0.20562358961476462,13.044166666666667,13.28,0.16335921120053057,102.01666666666667,102.5,0.28577380332470625,102.09999999999998,102.5,0.2730301348669722,102.02083333333333,102.5,0.20847096902811954,136.53333333333333,150.1,9.293151600341377,140.41666666666666,150.3,8.401280566153318,187.79166666666666,406.3,69.19825906748626,-32.099999999999994,0.7861425716189208,7.488885e-05,0.0008799566,0.0023586373,0.0016203006,NO SIGNIFICANT RISK,LOW,-22.30000000000001,-0.03000000000000025,-0.030000000000001137,0.0,-0.1800000000000006,False
2022-09-29 07:00:00+00:00,5.35,0.046,7.39,12.88,101.8,144.2,15,False,2022-09-29 07:00:00+00:00,7,3,9,272,0.9659258262890683,-0.25881904510252063,-1.0,-1.8369701987210297e-16,5.43,5.54,5.64,4.22,5.2,0.046,0.046,0.046,0.045,0.042,7.39,7.4,7.42,7.35,7.36,12.85,12.82,12.84,13.28,12.95,101.8,101.8,102.2,101.9,102.0,118.0,141.3,124.2,149.8,175.7,-0.1900000000000004,-0.29000000000000004,1.13,0.14999999999999947,0.0,0.0,0.0010000000000000009,0.003999999999999997,-0.010000000000000675,-0.03000000000000025,0.040000000000000036,0.02999999999999936,0.0600000000000005,0.040000000000000924,-0.3999999999999986,-0.06999999999999851,0.0,-0.4000000000000057,-0.10000000000000853,-0.20000000000000284,2.8999999999999773,19.999999999999986,-5.600000000000023,-31.5,5.5633333333333335,5.66,0.08914407813567027,5.190833333333333,5.66,0.5429960377108674,4.962916666666667,5.66,0.4920098900266606,0.046,0.046,0.0,0.045750000000000006,0.046,0.0004522670168664153,0.044541666666666674,0.046,0.001413572921995025,7.401666666666666,7.42,0.009831920802521406,7.390833333333333,7.42,0.020652243256242507,7.372083333333333,7.42,0.024843714394736535,12.823333333333336,12.85,0.02065591117992667,12.974166666666667,13.28,0.19251721686093204,13.04125,13.28,0.16627145170526247,101.89999999999999,102.2,0.16733200530680892,102.09166666666668,102.5,0.2810963384947833,102.01249999999999,102.5,0.21328180990128856,132.81666666666666,150.1,11.646701965231582,138.475,150.3,10.586794948067952,181.98749999999998,406.3,68.95623257450697,26.19999999999999,1.2220338983050847,0.0011426378,0.0023964688,0.0017239231,0.0023581514,NO SIGNIFICANT RISK,LOW,19.999999999999986,-0.03000000000000025,0.040000000000000924,0.0,-0.29000000000000004,False
2022-09-29 08:00:00+00:00,5.3,0.046,7.38,12.91,101.9,146.1,15,False,2022-09-29 08:00:00+00:00,8,3,9,272,0.8660254037844387,-0.4999999999999998,-1.0,-1.8369701987210297e-16,5.35,5.5,5.66,4.32,5.14,0.046,0.046,0.046,0.045,0.042,7.39,7.4,7.4,7.37,7.36,12.88,12.83,12.8,13.27,12.98,101.8,101.8,102.0,102.1,102.0,144.2,150.1,134.0,139.3,239.4,-0.20000000000000018,-0.3600000000000003,0.9799999999999995,0.16000000000000014,0.0,0.0,0.0010000000000000009,0.003999999999999997,-0.020000000000000462,-0.020000000000000462,0.009999999999999787,0.019999999999999574,0.08000000000000007,0.10999999999999943,-0.35999999999999943,-0.07000000000000028,0.10000000000000853,-0.09999999999999432,-0.19999999999998863,-0.09999999999999432,-4.0,12.099999999999994,6.799999999999983,-93.30000000000001,5.515000000000001,5.66,0.11432410069618566,5.285,5.66,0.44921143027633714,4.969166666666667,5.66,0.49608832196333197,0.046,0.046,0.0,0.04583333333333333,0.046,0.000389249472080492,0.04470833333333333,0.046,0.0013344650993749264,7.396666666666667,7.4,0.0051639777949814445,7.394166666666667,7.42,0.016213537179735376,7.373333333333332,7.42,0.02496374182282827,12.83,12.88,0.0309838667697612,12.940833333333332,13.27,0.16779090523263782,13.038333333333334,13.28,0.1685401943200811,101.83333333333333,102.0,0.08164965809274946,102.08333333333333,102.5,0.28867513459485167,102.00416666666666,102.5,0.2176538269954922,136.15,150.1,11.548982639187786,138.00833333333335,150.3,10.156901669055443,180.67499999999998,406.3,69.3795938549527,1.9000000000000057,1.0131761442441054,0.0008028575,0.0016751335,0.0008263301,0.0030418902,NO SIGNIFICANT RISK,LOW,12.099999999999994,-0.020000000000000462,0.10999999999999943,0.0,-0.3600000000000003,False
2022-09-29 09:00:00+00:00,5.24,0.046,7.39,12.92,101.8,136.0,15,False,2022-09-29 09:00:00+00:00,9,3,9,272,0.7071067811865476,-0.7071067811865475,-1.0,-1.8369701987210297e-16,5.3,5.43,5.61,4.56,5.05,0.046,0.046,0.046,0.045,0.043,7.38,7.39,7.4,7.37,7.36,12.91,12.85,12.8,13.22,13.0,101.9,101.8,101.8,102.3,102.0,146.1,118.0,129.3,147.9,150.5,-0.1899999999999995,-0.3700000000000001,0.6800000000000006,0.1900000000000004,0.0,0.0,0.0010000000000000009,0.0030000000000000027,0.0,-0.010000000000000675,0.019999999999999574,0.02999999999999936,0.07000000000000028,0.11999999999999922,-0.3000000000000007,-0.08000000000000007,0.0,0.0,-0.5,-0.20000000000000284,18.0,6.699999999999989,-11.900000000000006,-14.5,5.455000000000001,5.61,0.11743083070468019,5.366666666666667,5.66,0.3314796945195745,4.975833333333333,5.66,0.4995468961461618,0.046,0.046,0.0,0.04591666666666667,0.046,0.00028867513459444573,0.044875,0.046,0.0012269616060045065,7.393333333333334,7.4,0.008164965809301853,7.395,7.42,0.015075567228884108,7.374166666666667,7.42,0.024832774042913636,12.848333333333334,12.91,0.04070217029438175,12.910833333333331,13.22,0.1319406432200986,13.035416666666668,13.28,0.17019117554058266,101.81666666666666,101.9,0.040824829046390364,102.06666666666668,102.5,0.293360880249272,102.0,102.5,0.21869176243404348,138.16666666666666,150.1,12.139796813247187,138.575,150.3,10.421753909259438,176.7875,406.3,68.55503858373447,-10.099999999999994,0.9308692676249145,0.0002953874,0.00044350987,0.0011127553,0.0019357484,NO SIGNIFICANT RISK,LOW,6.699999999999989,-0.010000000000000675,0.11999999999999922,0.0,-0.3700000000000001,False
2022-09-29 10:00:00+00:00,5.21,0.046,7.38,12.94,101.9,136.4,15,False,2022-09-29 10:00:00+00:00,10,3,9,272,0.49999999999999994,-0.8660254037844387,-1.0,-1.8369701987210297e-16,5.24,5.35,5.54,4.9,4.95,0.046,0.046,0.046,0.046,0.043,7.39,7.39,7.4,7.38,7.37,12.92,12.88,12.82,13.11,13.03,101.8,101.8,101.8,102.4,101.9,136.0,144.2,141.3,137.2,178.0,-0.13999999999999968,-0.33000000000000007,0.3099999999999996,0.2599999999999998,0.0,0.0,0.0,0.0030000000000000027,-0.009999999999999787,-0.020000000000000462,0.0,0.009999999999999787,0.05999999999999872,0.11999999999999922,-0.16999999999999993,-0.08999999999999986,0.10000000000000853,0.10000000000000853,-0.5,0.0,-7.799999999999983,-4.900000000000006,-0.799999999999983,-41.599999999999994,5.3933333333333335,5.54,0.11690451944496204,5.423333333333333,5.66,0.220632699024396,4.98375,5.66,0.5022714708549267,0.046,0.046,0.0,0.046,0.046,0.0,0.045000000000000005,0.046,0.0011795356492393747,7.391666666666666,7.4,0.007527726527117704,7.396666666666666,7.42,0.01302677894557409,7.375416666666666,7.42,0.024843714394737676,12.868333333333332,12.92,0.041673332800157926,12.885833333333332,13.11,0.0896922347235077,13.032083333333333,13.28,0.17169181608377906,101.81666666666666,101.9,0.040824829046390364,102.02499999999999,102.5,0.2927145677649797,101.99166666666666,102.5,0.22246966899596565,139.28333333333333,150.1,11.449614258433606,137.58333333333334,150.3,10.011886874490164,176.18333333333337,406.3,68.8599944857654,0.4000000000000057,1.0029411764705882,0.00024917338,0.00040184634,0.00039740608,0.0016412953,NO SIGNIFICANT RISK,LOW,-4.900000000000006,-0.020000000000000462,0.11999999999999922,0.0,-0.33000000000000007,False
2022-09-29 11:00:00+00:00,5.18,0.046,7.38,12.95,101.9,103.6,15,False,2022-09-29 11:00:00+00:00,11,3,9,272,0.258819045102521,-0.9659258262890682,-1.0,-1.8369701987210297e-16,5.21,5.3,5.5,5.3,4.86,0.046,0.046,0.046,0.046,0.043,7.38,7.38,7.4,7.39,7.35,12.94,12.91,12.83,12.99,13.07,101.9,101.9,101.8,102.5,101.9,136.4,146.1,150.1,150.3,246.3,-0.1200000000000001,-0.3200000000000003,-0.1200000000000001,0.3199999999999994,0.0,0.0,0.0,0.0030000000000000027,0.0,-0.020000000000000462,-0.009999999999999787,0.03000000000000025,0.03999999999999915,0.11999999999999922,-0.040000000000000924,-0.120000000000001,0.0,0.10000000000000853,-0.5999999999999943,0.0,-42.5,-46.5,-46.70000000000002,-142.70000000000002,5.338333333333334,5.5,0.111609438071595,5.449166666666667,5.66,0.16489436471618157,4.994583333333334,5.66,0.5043116631837672,0.046,0.046,0.0,0.046,0.046,0.0,0.045125,0.046,0.0011156008324628365,7.388333333333333,7.4,0.007527726527117921,7.396666666666667,7.42,0.01302677894557409,7.375833333333333,7.42,0.024832774042914212,12.888333333333334,12.94,0.04262237284188416,12.871666666666668,12.99,0.059365330153568464,13.02833333333333,13.28,0.17271909002183927,101.83333333333333,101.9,0.05163977794943883,101.98333333333333,102.5,0.2691175253012373,101.99166666666667,102.5,0.22246966899596565,138.46666666666667,150.1,11.451753868597004,137.51666666666668,150.3,10.017333462388049,174.45000000000002,406.3,69.33421891853553,-32.80000000000001,0.7595307917888562,0.00014524843,0.00025513166,0.0006607657,0.0023803215,NO SIGNIFICANT RISK,LOW,-46.5,-0.020000000000000462,0.11999999999999922,0.0,-0.3200000000000003,False
2022-09-29 12:00:00+00:00,5.17,0.046,7.39,12.96,102.0,168.6,15,False,2022-09-29 12:00:00+00:00,12,3,9,272,1.2246467991473532e-16,-1.0,-1.0,-1.8369701987210297e-16,5.18,5.24,5.43,5.61,4.77,0.046,0.046,0.046,0.046,0.043,7.38,7.39,7.39,7.42,7.35,12.95,12.92,12.85,12.88,13.1,101.9,101.8,101.8,102.5,101.9,103.6,136.0,118.0,140.3,222.2,-0.07000000000000028,-0.2599999999999998,-0.4400000000000004,0.40000000000000036,0.0,0.0,0.0,0.0030000000000000027,0.0,0.0,-0.03000000000000025,0.040000000000000036,0.040000000000000924,0.11000000000000121,0.08000000000000007,-0.1399999999999988,0.20000000000000284,0.20000000000000284,-0.5,0.09999999999999432,32.599999999999994,50.599999999999994,28.299999999999983,-53.599999999999994,5.284999999999999,5.43,0.09396807968661623,5.439166666666666,5.66,0.17788956397073621,5.007916666666667,5.66,0.5048286766355616,0.046,0.046,0.0,0.046,0.046,0.0,0.045250000000000005,0.046,0.0010320936930845088,7.385000000000001,7.39,0.0054772255750888685,7.395833333333333,7.42,0.013789543689020089,7.377083333333332,7.42,0.02422344654087502,12.908333333333333,12.95,0.03763863263553134,12.868333333333332,12.95,0.05288638479769075,13.023333333333333,13.28,0.17319671315956447,101.85000000000001,101.9,0.05477225575052621,101.93333333333334,102.5,0.21461734799550994,101.99166666666667,102.5,0.22246966899596565,130.71666666666667,146.1,16.587274238612274,133.625,150.1,13.173673816285682,168.50416666666666,406.3,69.02274659198503,65.0,1.6274131274131274,0.00042025262,0.0050971336,0.0017772585,0.007015538,NO SIGNIFICANT RISK,LOW,50.599999999999994,0.0,0.11000000000000121,0.0,-0.2599999999999998,False
2022-09-29 13:00:00+00:00,5.18,0.046,7.36,12.97,102.0,126.5,15,False,2022-09-29 13:00:00+00:00,13,3,9,272,-0.2588190451025208,-0.9659258262890683,-1.0,-1.8369701987210297e-16,5.17,5.21,5.35,5.64,4.69,0.046,0.046,0.046,0.046,0.043,7.39,7.38,7.39,7.42,7.35,12.96,12.94,12.88,12.84,13.13,102.0,101.9,101.8,102.2,102.0,168.6,136.4,144.2,124.2,406.3,-0.03000000000000025,-0.16999999999999993,-0.45999999999999996,0.4899999999999993,0.0,0.0,0.0,0.0030000000000000027,-0.019999999999999574,-0.02999999999999936,-0.05999999999999961,0.010000000000000675,0.030000000000001137,0.08999999999999986,0.13000000000000078,-0.16000000000000014,0.09999999999999432,0.20000000000000284,-0.20000000000000284,0.0,-9.900000000000006,-17.69999999999999,2.299999999999997,-279.8,5.241666666666666,5.35,0.07082843120284861,5.4025,5.66,0.1846926193337611,5.024583333333333,5.66,0.5032328458094113,0.046,0.046,0.0,0.046,0.046,0.0,0.045375,0.046,0.0009237212077059251,7.385000000000001,7.39,0.0054772255750888685,7.3933333333333335,7.42,0.011547005383786843,7.37875,7.42,0.02364823736422234,12.926666666666668,12.96,0.02943920288785731,12.875,12.96,0.05916079783099452,13.0175,13.28,0.17285958111313834,101.88333333333333,102.0,0.07527726527091666,101.89166666666667,102.2,0.12401124093729585,101.99583333333334,102.5,0.22161299339291027,139.15,168.6,21.082670608826092,135.98333333333332,168.6,16.572037419766275,166.27083333333334,406.3,68.07038224077876,-42.099999999999994,0.7502965599051008,0.0001802262,0.00015406076,0.00070060825,0.005175653,NO SIGNIFICANT RISK,LOW,-17.69999999999999,-0.02999999999999936,0.08999999999999986,0.0,-0.16999999999999993,False
2022-09-29 14:00:00+00:00,5.19,0.045,7.37,12.96,102.0,96.5,15,False,2022-09-29 14:00:00+00:00,14,3,9,272,-0.4999999999999997,-0.8660254037844388,-1.0,-1.8369701987210297e-16,5.18,5.18,5.3,5.66,4.6,0.046,0.046,0.046,0.046,0.044,7.36,7.38,7.38,7.4,7.33,12.97,12.95,12.91,12.8,13.15,102.0,101.9,101.9,102.0,101.9,126.5,103.6,146.1,134.0,283.0,0.010000000000000675,-0.10999999999999943,-0.46999999999999975,0.5900000000000007,-0.0010000000000000009,-0.0010000000000000009,-0.0010000000000000009,0.0010000000000000009,-0.009999999999999787,-0.009999999999999787,-0.03000000000000025,0.040000000000000036,0.010000000000001563,0.05000000000000071,0.16000000000000014,-0.1899999999999995,0.09999999999999432,0.09999999999999432,0.0,0.09999999999999432,-7.099999999999994,-49.599999999999994,-37.5,-186.5,5.213333333333334,5.3,0.049665548085735124,5.364166666666667,5.66,0.1785526829987801,5.045,5.66,0.4989902848230773,0.046,0.046,0.0,0.046,0.046,0.0,0.04549999999999999,0.046,0.0007801894976058005,7.38,7.39,0.010954451150121669,7.388333333333333,7.4,0.011934162828790782,7.379166666666666,7.42,0.023203572938262647,12.941666666666668,12.97,0.023166067138649216,12.885833333333332,12.97,0.06388317936718993,13.010833333333336,13.28,0.17141144669470537,101.91666666666667,102.0,0.07527726527092012,101.875,102.0,0.08660254037856162,101.99583333333334,102.5,0.22161299339291027,136.2,168.6,21.469513268825192,136.175,168.6,16.43610908390095,154.61249999999998,296.6,45.33833498889376,-30.0,0.7628458498023716,0.00014556108,0.00013555464,0.009042223,0.035750493,NO SIGNIFICANT RISK,LOW,-49.599999999999994,-0.009999999999999787,0.05000000000000071,-0.0010000000000000009,-0.10999999999999943,False
2022-09-29 15:00:00+00:00,5.21,0.045,7.36,12.96,102.0,112.4,15,False,2022-09-29 15:00:00+00:00,15,3,9,272,-0.7071067811865471,-0.7071067811865479,-1.0,-1.8369701987210297e-16,5.19,5.17,5.24,5.61,4.52,0.045,0.046,0.046,0.046,0.044,7.37,7.39,7.39,7.4,7.35,12.96,12.96,12.92,12.8,13.18,102.0,102.0,101.8,101.8,101.9,96.5,168.6,136.0,129.3,183.1,0.040000000000000036,-0.03000000000000025,-0.40000000000000036,0.6900000000000004,-0.0010000000000000009,-0.0010000000000000009,-0.0010000000000000009,0.0010000000000000009,-0.02999999999999936,-0.02999999999999936,-0.040000000000000036,0.010000000000000675,0.0,0.040000000000000924,0.16000000000000014,-0.21999999999999886,0.0,0.20000000000000284,0.20000000000000284,0.09999999999999432,-56.19999999999999,-23.599999999999994,-16.900000000000006,-70.69999999999999,5.195,5.24,0.02588435821089001,5.325,5.61,0.15814262837417803,5.069583333333333,5.66,0.4905762287676341,0.04583333333333334,0.046,0.0004082482904638628,0.04591666666666667,0.046,0.0002886751345948135,0.04554166666666667,0.046,0.0007210600087595785,7.378333333333333,7.39,0.011690451944517257,7.385833333333334,7.4,0.01240112409371506,7.3808333333333325,7.42,0.020834057958409046,12.950000000000001,12.97,0.017888543820157792,12.899166666666666,12.97,0.060970683466928535,13.002916666666666,13.28,0.16907624127097065,101.93333333333334,102.0,0.08164965809278646,101.875,102.0,0.08660254037856162,102.0,102.5,0.2206709137469179,127.93333333333332,168.6,25.972113249925044,133.05,168.6,20.053995294515165,146.84166666666667,296.6,37.7188906271759,15.900000000000006,1.1647668393782384,0.00016849942,0.00012576971,0.007793988,0.06817128,NO SIGNIFICANT RISK,LOW,-23.599999999999994,-0.02999999999999936,0.040000000000000924,-0.0010000000000000009,-0.03000000000000025,False
2022-09-29 16:00:00+00:00,5.2,0.044,7.36,12.98,102.1,126.8,15,False,2022-09-29 16:00:00+00:00,16,3,9,272,-0.8660254037844385,-0.5000000000000004,-1.0,-1.8369701987210297e-16,5.21,5.18,5.21,5.54,4.44,0.045,0.046,0.046,0.046,0.044,7.36,7.36,7.38,7.4,7.35,12.96,12.97,12.94,12.82,13.2,102.0,102.0,101.9,101.8,101.9,112.4,126.5,136.4,141.3,296.6,0.020000000000000462,-0.009999999999999787,-0.33999999999999986,0.7599999999999998,-0.0020000000000000018,-0.0020000000000000018,-0.0020000000000000018,0.0,0.0,-0.019999999999999574,-0.040000000000000036,0.010000000000000675,0.009999999999999787,0.040000000000000924,0.16000000000000014,-0.21999999999999886,0.09999999999999432,0.19999999999998863,0.29999999999999716,0.19999999999998863,0.29999999999999716,-9.600000000000009,-14.500000000000014,-169.8,5.1899999999999995,5.21,0.016733200530371542,5.291666666666667,5.54,0.13272208375079933,5.098333333333334,5.66,0.4769984656493923,0.04566666666666666,0.046,0.0005163977794943206,0.04583333333333333,0.046,0.00038924947208076314,0.04558333333333334,0.046,0.0006538625481586616,7.373333333333332,7.39,0.012110601416406307,7.3825,7.4,0.013568010505993246,7.3812500000000005,7.42,0.020283319340732207,12.956666666666669,12.97,0.010327955590160613,12.912500000000001,12.97,0.054460160584682844,12.993749999999999,13.28,0.16497200025933395,101.96666666666665,102.0,0.05163977794945762,101.89166666666667,102.0,0.09003366373796161,102.00416666666666,102.5,0.21964233112762063,124.0,168.6,26.291215262902313,131.64166666666668,168.6,20.9161728783852,143.89583333333334,296.6,37.5243280989186,14.399999999999991,1.1281138790035585,0.00016803668,0.00023524457,0.023076802,0.05071867,NO SIGNIFICANT RISK,LOW,-9.600000000000009,-0.019999999999999574,0.040000000000000924,-0.0020000000000000018,-0.009999999999999787,False
2022-09-29 17:00:00+00:00,5.24,0.043,7.35,12.99,102.3,106.9,15,False,2022-09-29 17:00:00+00:00,17,3,9,272,-0.9659258262890683,-0.25881904510252063,-1.0,-1.8369701987210297e-16,5.2,5.19,5.18,5.5,4.34,0.044,0.045,0.046,0.046,0.044,7.36,7.37,7.38,7.4,7.36,12.98,12.96,12.95,12.83,13.24,102.1,102.0,101.9,101.8,101.9,126.8,96.5,103.6,150.1,183.6,0.04999999999999982,0.0600000000000005,-0.2599999999999998,0.9000000000000004,-0.0020000000000000018,-0.0030000000000000027,-0.0030000000000000027,-0.0010000000000000009,-0.020000000000000462,-0.03000000000000025,-0.05000000000000071,-0.010000000000000675,0.02999999999999936,0.040000000000000924,0.16000000000000014,-0.25,0.29999999999999716,0.3999999999999915,0.5,0.3999999999999915,10.400000000000006,3.3000000000000114,-43.19999999999999,-76.69999999999999,5.1883333333333335,5.21,0.014719601443526936,5.263333333333333,5.5,0.10907323089086773,5.13,5.66,0.45616549247146043,0.04533333333333334,0.046,0.0008164965809277239,0.04566666666666667,0.046,0.0006513389472789317,0.04558333333333334,0.046,0.0006538625481586616,7.37,7.39,0.012649110640689097,7.379166666666666,7.4,0.013789543689018156,7.381666666666667,7.42,0.0197080135249932,12.963333333333333,12.98,0.010327955590159064,12.925833333333335,12.98,0.049074772881123545,12.984583333333333,13.28,0.1590181604796105,102.0,102.1,0.06324555320338637,101.91666666666667,102.1,0.1029857301089774,102.01249999999999,102.5,0.21931216584344784,122.39999999999999,168.6,25.670449937628057,130.4333333333333,168.6,20.72544914890751,136.82083333333335,183.6,18.833480344428843,-19.89999999999999,0.8430599369085174,0.00023018959,0.002846773,0.103582345,0.040810395,NO SIGNIFICANT RISK,LOW,3.3000000000000114,-0.03000000000000025,0.040000000000000924,-0.0030000000000000027,0.0600000000000005,False
2022-09-29 18:00:00+00:00,5.31,0.042,7.36,12.97,102.4,112.7,15,False,2022-09-29 18:00:00+00:00,18,3,9,272,-1.0,-1.8369701987210297e-16,-1.0,-1.8369701987210297e-16,5.24,5.21,5.17,5.43,4.26,0.043,0.045,0.046,0.046,0.045,7.35,7.36,7.39,7.39,7.35,12.99,12.96,12.96,12.85,13.27,102.3,102.0,102.0,101.8,101.9,106.9,112.4,168.6,118.0,141.3,0.09999999999999964,0.13999999999999968,-0.1200000000000001,1.0499999999999998,-0.0029999999999999957,-0.003999999999999997,-0.003999999999999997,-0.0029999999999999957,0.0,-0.02999999999999936,-0.02999999999999936,0.010000000000000675,0.009999999999999787,0.009999999999999787,0.120000000000001,-0.29999999999999893,0.4000000000000057,0.4000000000000057,0.6000000000000085,0.5,0.29999999999999716,-55.89999999999999,-5.299999999999997,-28.60000000000001,5.198333333333333,5.24,0.02483277404271112,5.241666666666666,5.43,0.07963933853584686,5.1675,5.66,0.42427687842399425,0.04483333333333333,0.046,0.0011690451944500102,0.04541666666666666,0.046,0.000996204919895624,0.04554166666666667,0.046,0.0007790276362052207,7.364999999999999,7.39,0.013784048752104717,7.375,7.39,0.01445997610961807,7.3812500000000005,7.42,0.020283319340732207,12.97,12.99,0.01264911064089544,12.939166666666667,12.99,0.04187825066533423,12.974166666666667,13.28,0.14946038203183346,102.06666666666666,102.3,0.12110601416391129,101.95833333333333,102.3,0.14433756729746283,102.02916666666668,102.5,0.22550265913144063,122.94999999999999,168.6,25.218465456888293,126.83333333333333,168.6,20.750699148491922,133.62500000000003,168.6,16.96536753660537,5.799999999999997,1.0542563143124415,0.00036188783,0.019366194,0.05282898,0.09330586,NO SIGNIFICANT RISK,LOW,-55.89999999999999,-0.02999999999999936,0.009999999999999787,-0.003999999999999997,0.13999999999999968,False
2022-09-29 19:00:00+00:00,5.4,0.041,7.34,12.95,102.5,89.6,15,False,2022-09-29 19:00:00+00:00,19,3,9,272,-0.9659258262890684,0.2588190451025203,-1.0,-1.8369701987210297e-16,5.31,5.2,5.18,5.35,4.22,0.042,0.044,0.046,0.046,0.045,7.36,7.36,7.36,7.39,7.35,12.97,12.98,12.97,12.88,13.28,102.4,102.1,102.0,101.8,101.9,112.7,126.8,126.5,144.2,149.8,0.20000000000000018,0.22000000000000064,0.05000000000000071,1.1800000000000006,-0.0029999999999999957,-0.0049999999999999975,-0.0049999999999999975,-0.003999999999999997,-0.020000000000000462,-0.020000000000000462,-0.04999999999999982,-0.009999999999999787,-0.030000000000001137,-0.02000000000000135,0.06999999999999851,-0.33000000000000007,0.4000000000000057,0.5,0.7000000000000028,0.5999999999999943,-37.2,-36.900000000000006,-54.599999999999994,-60.20000000000002,5.221666666666667,5.31,0.047923550230095376,5.2316666666666665,5.35,0.05859465277084921,5.21125,5.66,0.3782719576085908,0.04416666666666667,0.046,0.0014719601443879693,0.045083333333333336,0.046,0.0013789543689024504,0.04541666666666667,0.046,0.0010598058340080868,7.359999999999999,7.37,0.006324555320368856,7.3725,7.39,0.014222261679231627,7.381666666666667,7.42,0.0197080135249932,12.971666666666666,12.99,0.011690451944740238,12.949166666666668,12.99,0.03175426480544192,12.961666666666666,13.28,0.13553971555508576,102.13333333333333,102.4,0.17511900715419443,102.00833333333333,102.4,0.18319554050418438,102.05000000000001,102.5,0.23590712984781403,113.63333333333334,126.8,11.663561491540204,126.39166666666667,168.6,21.010579946700137,132.43333333333334,168.6,17.40166575401396,-23.10000000000001,0.7950310559006211,0.00023471494,0.0020314734,0.031520613,0.11419898,NO SIGNIFICANT RISK,LOW,-36.900000000000006,-0.020000000000000462,-0.02000000000000135,-0.0049999999999999975,0.22000000000000064,False
2022-09-29 20:00:00+00:00,5.45,0.041,7.34,12.96,102.6,103.2,15,False,2022-09-29 20:00:00+00:00,20,3,9,272,-0.8660254037844386,0.5000000000000001,-1.0,-1.8369701987210297e-16,5.4,5.24,5.19,5.3,4.32,0.041,0.043,0.045,0.046,0.045,7.34,7.35,7.37,7.38,7.37,12.95,12.99,12.96,12.91,13.27,102.5,102.3,102.0,101.9,102.1,89.6,106.9,96.5,146.1,139.3,0.20999999999999996,0.2599999999999998,0.15000000000000036,1.13,-0.001999999999999995,-0.003999999999999997,-0.0049999999999999975,-0.003999999999999997,-0.009999999999999787,-0.03000000000000025,-0.040000000000000036,-0.03000000000000025,-0.02999999999999936,0.0,0.05000000000000071,-0.3099999999999987,0.29999999999999716,0.5999999999999943,0.6999999999999886,0.5,-3.700000000000003,6.700000000000003,-42.89999999999999,-36.10000000000001,5.258333333333334,5.4,0.08183316361144001,5.235833333333333,5.4,0.06868350779064279,5.260416666666667,5.66,0.3152704727919907,0.043333333333333335,0.045,0.001632993161855443,0.04466666666666667,0.046,0.0017752507291971913,0.04524999999999999,0.046,0.001390964632438985,7.3566666666666665,7.37,0.010327955589906337,7.368333333333333,7.39,0.01585922922196914,7.3812500000000005,7.42,0.020496553262732586,12.968333333333334,12.99,0.014719601444070852,12.955,12.99,0.02315952582339518,12.94791666666667,13.27,0.1173615434631705,102.21666666666665,102.5,0.21369760566433868,102.06666666666666,102.5,0.21881222058833927,102.075,102.5,0.25065132546330815,107.48333333333335,126.8,13.15529044403592,121.84166666666665,168.6,22.651408077170295,129.92499999999998,168.6,19.05016832060566,13.600000000000009,1.1517857142857144,0.00032881208,0.05982092,0.096779644,0.16672936,24h,LOW,6.700000000000003,-0.03000000000000025,0.0,-0.003999999999999997,0.2599999999999998,False
2022-09-29 21:00:00+00:00,5.53,0.04,7.35,12.95,102.8,93.3,15,False,2022-09-29 21:00:00+00:00,21,3,9,272,-0.7071067811865477,0.7071067811865474,-1.0,-1.8369701987210297e-16,5.45,5.31,5.21,5.24,4.56,0.041,0.042,0.045,0.046,0.045,7.34,7.36,7.36,7.39,7.37,12.96,12.97,12.96,12.92,13.22,102.6,102.4,102.0,101.8,102.3,103.2,112.7,112.4,136.0,147.9,0.22000000000000064,0.3200000000000003,0.29000000000000004,0.9700000000000006,-0.0020000000000000018,-0.0049999999999999975,-0.005999999999999998,-0.0049999999999999975,-0.010000000000000675,-0.010000000000000675,-0.040000000000000036,-0.020000000000000462,-0.02000000000000135,-0.010000000000001563,0.02999999999999936,-0.27000000000000135,0.3999999999999915,0.7999999999999972,1.0,0.5,-19.400000000000006,-19.10000000000001,-42.7,-54.60000000000001,5.301666666666667,5.45,0.10419532938983846,5.248333333333334,5.45,0.09133687230482121,5.3075,5.66,0.2453435922555606,0.042666666666666665,0.045,0.0016329931618554413,0.04424999999999999,0.046,0.002005673770264568,0.04508333333333333,0.046,0.001639635873327341,7.351666666666667,7.36,0.009831920802523125,7.365000000000001,7.39,0.01732050807568309,7.38,7.42,0.022067091374691237,12.968333333333334,12.99,0.014719601444070852,12.959166666666668,12.99,0.01831955405043966,12.935,13.22,0.095371128618217,102.31666666666666,102.6,0.23166067138526159,102.125,102.6,0.25980762113535155,102.09583333333335,102.6,0.2726347559371698,108.60000000000001,126.8,12.29259939965,118.26666666666667,168.6,21.845795656796195,128.42083333333335,168.6,19.692129947874786,-9.900000000000006,0.9040697674418604,0.00039889774,0.04287794,0.07165068,0.22247379,24h,LOW,-19.10000000000001,-0.010000000000000675,-0.010000000000001563,-0.0049999999999999975,0.3200000000000003,False
2022-09-29 22:00:00+00:00,5.74,0.039,7.34,12.87,102.7,129.5,15,False,2022-09-29 22:00:00+00:00,22,3,9,272,-0.5000000000000004,0.8660254037844384,-1.0,-1.8369701987210297e-16,5.53,5.4,5.2,5.21,4.9,0.04,0.041,0.044,0.046,0.046,7.35,7.34,7.36,7.38,7.38,12.95,12.95,12.98,12.94,13.11,102.8,102.5,102.1,101.9,102.4,93.3,89.6,126.8,136.4,137.2,0.33999999999999986,0.54,0.5300000000000002,0.8399999999999999,-0.0020000000000000018,-0.0049999999999999975,-0.006999999999999999,-0.006999999999999999,0.0,-0.020000000000000462,-0.040000000000000036,-0.040000000000000036,-0.08000000000000007,-0.11000000000000121,-0.07000000000000028,-0.2400000000000002,0.20000000000000284,0.6000000000000085,0.7999999999999972,0.29999999999999716,39.900000000000006,2.700000000000003,-6.900000000000006,-7.699999999999989,5.355,5.53,0.12723993083930274,5.2725,5.53,0.12211209455400576,5.347916666666666,5.66,0.19065058333907595,0.041833333333333333,0.044,0.001471960144387963,0.043750000000000004,0.046,0.0022613350843332333,0.044875,0.046,0.001940696871700097,7.3500000000000005,7.36,0.008944271910022727,7.361666666666667,7.39,0.015859229221968946,7.379166666666666,7.42,0.022825741888347323,12.966666666666667,12.99,0.01632993161872706,12.961666666666666,12.99,0.014034589305378585,12.92375,13.11,0.07376888114975143,102.44999999999999,102.8,0.24289915602983247,102.20833333333333,102.8,0.30289011909012775,102.11666666666666,102.8,0.30597906530642105,105.41666666666667,126.8,13.523226932464894,114.70833333333333,168.6,22.169900083146,126.14583333333333,168.6,20.481974666320944,36.2,1.3879957127545552,0.003012236,0.31673777,0.2130312,0.24527687,6h,LOW,2.700000000000003,-0.020000000000000462,-0.11000000000000121,-0.0049999999999999975,0.54,False
2022-09-29 23:00:00+00:00,5.94,0.038,7.33,12.81,102.8,120.3,15,False,2022-09-29 23:00:00+00:00,23,3,9,272,-0.25881904510252157,0.9659258262890681,-1.0,-1.8369701987210297e-16,5.74,5.45,5.24,5.18,5.3,0.039,0.041,0.043,0.046,0.046,7.34,7.34,7.35,7.38,7.39,12.87,12.96,12.99,12.95,12.99,102.7,102.6,102.3,101.9,102.5,129.5,103.2,106.9,103.6,150.3,0.4900000000000002,0.7000000000000002,0.7600000000000007,0.6400000000000006,-0.0030000000000000027,-0.0049999999999999975,-0.008,-0.008,-0.009999999999999787,-0.019999999999999574,-0.04999999999999982,-0.05999999999999961,-0.15000000000000036,-0.17999999999999972,-0.1399999999999988,-0.17999999999999972,0.20000000000000284,0.5,0.8999999999999915,0.29999999999999716,17.099999999999994,13.399999999999991,16.700000000000003,-30.000000000000014,5.445,5.74,0.17694631954350185,5.316666666666666,5.74,0.17971357682983274,5.382916666666667,5.74,0.1817422725267366,0.041,0.043,0.0014142135623730842,0.043166666666666666,0.046,0.002516611478423592,0.044583333333333336,0.046,0.0022634461349450197,7.346666666666667,7.36,0.008164965809303338,7.358333333333333,7.39,0.01585922922196885,7.3775,7.42,0.024182278815187308,12.948333333333332,12.99,0.04119061381762051,12.955833333333333,12.99,0.02968266507680055,12.91375,12.99,0.06288792653877864,102.55,102.8,0.18708286933871737,102.27500000000002,102.8,0.3165869118066625,102.12916666666666,102.8,0.3236734353536261,105.86666666666667,129.5,14.393980223237204,114.13333333333333,168.6,21.639288063115554,125.825,168.6,20.361243021761545,-9.200000000000003,0.9289575289575289,0.0005120338,0.3578718,0.4091078,0.18137223,6h,MEDIUM,13.399999999999991,-0.019999999999999574,-0.17999999999999972,-0.0049999999999999975,0.7000000000000002,False
