timestamp_utc,water_temperature,sp_conductance,ph,do_concentration,do_saturation,turbidity,segment_id,high_turbidity,timestamp,hour,day_of_week,month,day_of_year,hour_sin,hour_cos,month_sin,month_cos,water_temperature_lag_1h,water_temperature_lag_3h,water_temperature_lag_6h,water_temperature_lag_12h,water_temperature_lag_24h,sp_conductance_lag_1h,sp_conductance_lag_3h,sp_conductance_lag_6h,sp_conductance_lag_12h,sp_conductance_lag_24h,ph_lag_1h,ph_lag_3h,ph_lag_6h,ph_lag_12h,ph_lag_24h,do_concentration_lag_1h,do_concentration_lag_3h,do_concentration_lag_6h,do_concentration_lag_12h,do_concentration_lag_24h,do_saturation_lag_1h,do_saturation_lag_3h,do_saturation_lag_6h,do_saturation_lag_12h,do_saturation_lag_24h,turbidity_lag_1h,turbidity_lag_3h,turbidity_lag_6h,turbidity_lag_12h,turbidity_lag_24h,water_temperature_change_3h,water_temperature_change_6h,water_temperature_change_12h,water_temperature_change_24h,sp_conductance_change_3h,sp_conductance_change_6h,sp_conductance_change_12h,sp_conductance_change_24h,ph_change_3h,ph_change_6h,ph_change_12h,ph_change_24h,do_concentration_change_3h,do_concentration_change_6h,do_concentration_change_12h,do_concentration_change_24h,do_saturation_change_3h,do_saturation_change_6h,do_saturation_change_12h,do_saturation_change_24h,turbidity_change_3h,turbidity_change_6h,turbidity_change_12h,turbidity_change_24h,water_temperature_rolling_mean_6h,water_temperature_rolling_max_6h,water_temperature_rolling_std_6h,water_temperature_rolling_mean_12h,water_temperature_rolling_max_12h,water_temperature_rolling_std_12h,water_temperature_rolling_mean_24h,water_temperature_rolling_max_24h,water_temperature_rolling_std_24h,sp_conductance_rolling_mean_6h,sp_conductance_rolling_max_6h,sp_conductance_rolling_std_6h,sp_conductance_rolling_mean_12h,sp_conductance_rolling_max_12h,sp_conductance_rolling_std_12h,sp_conductance_rolling_mean_24h,sp_conductance_rolling_max_24h,sp_conductance_rolling_std_24h,ph_rolling_mean_6h,ph_rolling_max_6h,ph_rolling_std_6h,ph_rolling_mean_12h,ph_rolling_max_12h,ph_rolling_std_12h,ph_rolling_mean_24h,ph_rolling_max_24h,ph_rolling_std_24h,do_concentration_rolling_mean_6h,do_concentration_rolling_max_6h,do_concentration_rolling_std_6h,do_concentration_rolling_mean_12h,do_concentration_rolling_max_12h,do_concentration_rolling_std_12h,do_concentration_rolling_mean_24h,do_concentration_rolling_max_24h,do_concentration_rolling_std_24h,do_saturation_rolling_mean_6h,do_saturation_rolling_max_6h,do_saturation_rolling_std_6h,do_saturation_rolling_mean_12h,do_saturation_rolling_max_12h,do_saturation_rolling_std_12h,do_saturation_rolling_mean_24h,do_saturation_rolling_max_24h,do_saturation_rolling_std_24h,turbidity_rolling_mean_6h,turbidity_rolling_max_6h,turbidity_rolling_std_6h,turbidity_rolling_mean_12h,turbidity_rolling_max_12h,turbidity_rolling_std_12h,turbidity_rolling_mean_24h,turbidity_rolling_max_24h,turbidity_rolling_std_24h,turbidity_change_1h,turbidity_ratio_1h,risk_probability_1h,risk_probability_6h,risk_probability_12h,risk_probability_24h,predicted_risk_horizon,risk_level,turbidity_trend_6h,ph_trend_6h,do_concentration_trend_6h,sp_conductance_trend_6h,water_temperature_trend_6h,actual_high_turbidity,reactive_pump_action,predictive_pump_action
2022-09-24 00:00:00+00:00,5.3,0.037,7.39,12.84,101.3,46.2,15,False,2022-09-24 00:00:00+00:00,0,5,9,267,0.0,1.0,-1.0,-1.8369701987210294e-16,,,,,,,,,,,,,,,,,,,,,,,,,,,,,,,,,,,,,,,,,,,,,,,,,,,,,,,,,,,,,,,,,,,,,,,,,,,,,,,,,,,,,,,,,,,,,,,,,,,,,,,,,,,,,,,6.3976615e-05,6.0806025e-05,0.00039477693,0.0023153718,NO SIGNIFICANT RISK,LOW,,,,,,False,False,False
2022-09-24 01:00:00+00:00,5.42,0.037,7.4,12.8,101.3,50.5,15,False,2022-09-24 01:00:00+00:00,1,5,9,267,0.2588190451025207,0.9659258262890684,-1.0,-1.8369701987210294e-16,5.3,,,,,0.037,,,,,7.39,,,,,12.84,,,,,101.3,,,,,46.2,,,,,,,,,,,,,,,,,,,,,,,,,,,,,,,,,,,,,,,,,,,,,,,,,,,,,,,,,,,,,,,,,,,,,,,,,,,,,,,,,,,4.299999999999997,1.093073593073593,7.762992e-05,5.9342965e-05,0.00055333215,0.0023153718,NO SIGNIFICANT RISK,LOW,,,,,,False,False,False
2022-09-24 02:00:00+00:00,5.52,0.036,7.39,12.78,101.4,46.8,15,False,2022-09-24 02:00:00+00:00,2,5,9,267,0.4999999999999999,0.8660254037844387,-1.0,-1.8369701987210294e-16,5.42,,,,,0.037,,,,,7.4,,,,,12.8,,,,,101.3,,,,,50.5,,,,,,,,,,,,,,,,,,,,,,,,,,,,,,,,,,,,,,,,,,,,,,,,,,,,,,,,,,,,,,,,,,,,,,,,,,,,,,,,,,,-3.700000000000003,0.9267326732673268,4.760618e-05,6.0698847e-05,0.0005092065,0.0023153718,NO SIGNIFICANT RISK,LOW,,,,,,False,False,False
2022-09-24 03:00:00+00:00,5.53,0.036,7.37,12.77,101.4,46.9,15,False,2022-09-24 03:00:00+00:00,3,5,9,267,0.7071067811865476,0.7071067811865476,-1.0,-1.8369701987210294e-16,5.52,5.3,,,,0.036,0.037,,,,7.39,7.39,,,,12.78,12.84,,,,101.4,101.3,,,,46.8,46.2,,,,0.2300000000000004,,,,-0.001,,,,-0.0199999999999995,,,,-0.0700000000000002,,,,0.1000000000000085,,,,0.6999999999999957,,,,,,,,,,,,,,,,,,,,,,,,,,,,,,,,,,,,,,,,,,,,,,,,,,,,,,,,,,0.1000000000000014,1.002136752136752,5.1046336e-05,5.586585e-05,0.0006414717,0.003455851,NO SIGNIFICANT RISK,LOW,,,,,,False,False,False
2022-09-24 04:00:00+00:00,5.55,0.035,7.35,12.78,101.5,42.2,15,False,2022-09-24 04:00:00+00:00,4,5,9,267,0.8660254037844386,0.5000000000000001,-1.0,-1.8369701987210294e-16,5.53,5.42,,,,0.036,0.037,,,,7.37,7.4,,,,12.77,12.8,,,,101.4,101.3,,,,46.9,50.5,,,,0.1299999999999999,,,,-0.0019999999999999,,,,-0.0500000000000007,,,,-0.0200000000000013,,,,0.2000000000000028,,,,-8.299999999999997,,,,,,,,,,,,,,,,,,,,,,,,,,,,,,,,,,,,,,,,,,,,,,,,,,,,,,,,,,-4.699999999999996,0.8997867803837954,5.536894e-05,4.4728524e-05,0.0012893497,0.003391538,NO SIGNIFICANT RISK,LOW,,,,,,False,False,False
2022-09-24 05:00:00+00:00,5.57,0.035,7.36,12.79,101.6,50.2,15,False,2022-09-24 05:00:00+00:00,5,5,9,267,0.9659258262890684,0.2588190451025207,-1.0,-1.8369701987210294e-16,5.55,5.52,,,,0.035,0.036,,,,7.35,7.39,,,,12.78,12.78,,,,101.5,101.4,,,,42.2,46.8,,,,0.0500000000000007,,,,-0.0009999999999999,,,,-0.0299999999999993,,,,0.0099999999999997,,,,0.1999999999999886,,,,3.4000000000000057,,,,,,,,,,,,,,,,,,,,,,,,,,,,,,,,,,,,,,,,,,,,,,,,,,,,,,,,,,8.0,1.1895734597156398,6.278296e-05,6.600744e-05,0.0010443511,0.0041992897,NO SIGNIFICANT RISK,LOW,,,,,,False,False,False
2022-09-24 06:00:00+00:00,5.57,0.034,7.34,12.8,101.7,39.7,15,False,2022-09-24 06:00:00+00:00,6,5,9,267,1.0,6.123233995736766e-17,-1.0,-1.8369701987210294e-16,5.57,5.53,5.3,,,0.035,0.036,0.037,,,7.36,7.37,7.39,,,12.79,12.77,12.84,,,101.6,101.4,101.3,,,50.2,46.9,46.2,,,0.04,0.2700000000000004,,,-0.0019999999999999,-0.0029999999999999,,,-0.0300000000000002,-0.0499999999999998,,,0.0300000000000011,-0.0399999999999991,,,0.2999999999999971,0.4000000000000057,,,-7.199999999999996,-6.5,,,5.4816666666666665,5.57,0.1030372101071584,,,,,,,0.036,0.037,0.0008944271909999,,,,,,,7.376666666666666,7.4,0.0196638416050029,,,,,,,12.793333333333331,12.84,0.0250333111406914,,,,,,,101.41666666666669,101.6,0.1169045194450053,,,,,,,47.13333333333333,50.5,3.0368843683398064,,,,,,,-10.5,0.7908366533864541,3.6218804e-05,8.630265e-05,0.003386597,0.008895399,NO SIGNIFICANT RISK,LOW,-6.5,-0.0499999999999998,-0.0399999999999991,-0.0029999999999999,0.2700000000000004,False,False,False
2022-09-24 07:00:00+00:00,5.56,0.034,7.33,12.82,101.8,45.9,15,False,2022-09-24 07:00:00+00:00,7,5,9,267,0.9659258262890684,-0.2588190451025206,-1.0,-1.8369701987210294e-16,5.57,5.55,5.42,,,0.034,0.035,0.037,,,7.34,7.35,7.4,,,12.8,12.78,12.8,,,101.7,101.5,101.3,,,39.7,42.2,50.5,,,0.0099999999999997,0.1399999999999996,,,-0.001,-0.0029999999999999,,,-0.0199999999999995,-0.0700000000000002,,,0.0400000000000009,0.0199999999999995,,,0.2999999999999971,0.5,,,3.699999999999996,-4.600000000000001,,,5.526666666666666,5.57,0.0560951572479009,,,,,,,0.0355,0.037,0.0010488088481701,,,,,,,7.368333333333333,7.4,0.0231660671385249,,,,,,,12.786666666666669,12.8,0.01211060141639,,,,,,,101.48333333333332,101.7,0.1471960144388081,,,,,,,46.05,50.5,4.323308917946994,,,,,,,6.199999999999996,1.1561712846347605,5.8368863e-05,0.00016967863,0.0046876944,0.010376527,NO SIGNIFICANT RISK,LOW,-4.600000000000001,-0.0700000000000002,0.0199999999999995,-0.0029999999999999,0.1399999999999996,False,False,False
2022-09-24 08:00:00+00:00,5.54,0.034,7.33,12.83,101.9,40.6,15,False,2022-09-24 08:00:00+00:00,8,5,9,267,0.8660254037844387,-0.4999999999999998,-1.0,-1.8369701987210294e-16,5.56,5.57,5.52,,,0.034,0.035,0.036,,,7.33,7.36,7.39,,,12.82,12.79,12.78,,,101.8,101.6,101.4,,,45.9,50.2,46.8,,,-0.0300000000000002,0.0200000000000004,,,-0.001,-0.0019999999999999,,,-0.0300000000000002,-0.0599999999999996,,,0.0400000000000009,0.0500000000000007,,,0.3000000000000113,0.5,,,-9.6,-6.199999999999996,,,5.55,5.57,0.0209761769634046,,,,,,,0.0349999999999999,0.036,0.0008944271909999,,,,,,,7.356666666666666,7.39,0.0216024689946921,,,,,,,12.79,12.82,0.0178885438199985,,,,,,,101.56666666666668,101.8,0.1632993161855628,,,,,,,45.28333333333334,50.2,3.745619663909655,,,,,,,-5.299999999999997,0.8845315904139434,4.395002e-05,0.00014573857,0.0021909433,0.008430406,NO SIGNIFICANT RISK,LOW,-6.199999999999996,-0.0599999999999996,0.0500000000000007,-0.0019999999999999,0.0200000000000004,False,False,False
2022-09-24 09:00:00+00:00,5.54,0.034,7.33,12.84,102.0,41.7,15,False,2022-09-24 09:00:00+00:00,9,5,9,267,0.7071067811865476,-0.7071067811865475,-1.0,-1.8369701987210294e-16,5.54,5.57,5.53,,,0.034,0.034,0.036,,,7.33,7.34,7.37,,,12.83,12.8,12.77,,,101.9,101.7,101.4,,,40.6,39.7,46.9,,,-0.0300000000000002,0.0099999999999997,,,0.0,-0.0019999999999999,,,-0.0099999999999997,-0.04,,,0.0399999999999991,0.0700000000000002,,,0.2999999999999971,0.5999999999999943,,,2.0,-5.199999999999996,,,5.553333333333334,5.57,0.0163299316185565,,,,,,,0.0346666666666666,0.036,0.0008164965809277,,,,,,,7.346666666666667,7.37,0.0163299316185536,,,,,,,12.798333333333332,12.83,0.0231660671385255,,,,,,,101.65,101.9,0.1870828693387252,,,,,,,44.25,50.2,4.083503397819086,,,,,,,1.1000000000000014,1.0270935960591134,3.128113e-05,0.00015006546,0.0023807283,0.0068794563,NO SIGNIFICANT RISK,LOW,-5.199999999999996,-0.04,0.0700000000000002,-0.0019999999999999,0.0099999999999997,False,False,False
2022-09-24 10:00:00+00:00,5.52,0.034,7.33,12.85,102.0,39.0,15,False,2022-09-24 10:00:00+00:00,10,5,9,267,0.4999999999999999,-0.8660254037844387,-1.0,-1.8369701987210294e-16,5.54,5.56,5.55,,,0.034,0.034,0.035,,,7.33,7.33,7.35,,,12.84,12.82,12.78,,,102.0,101.8,101.5,,,41.7,45.9,42.2,,,-0.04,-0.0300000000000002,,,0.0,-0.001,,,0.0,-0.0199999999999995,,,0.0299999999999993,0.0700000000000002,,,0.2000000000000028,0.5,,,-6.899999999999999,-3.200000000000003,,,5.555,5.57,0.0137840487520926,,,,,,,0.0343333333333333,0.035,0.0005163977794943,,,,,,,7.340000000000001,7.36,0.0126491106406721,,,,,,,12.81,12.84,0.0236643191323982,,,,,,,101.75,102.0,0.1870828693387419,,,,,,,43.38333333333333,50.2,3.9584929792367554,,,,,,,-2.700000000000003,0.935251798561151,2.5908486e-05,0.00010323169,0.0011598306,0.0065364125,NO SIGNIFICANT RISK,LOW,-3.200000000000003,-0.0199999999999995,0.0700000000000002,-0.001,-0.0300000000000002,False,False,False
2022-09-24 11:00:00+00:00,5.5,0.035,7.35,12.87,102.1,38.0,15,False,2022-09-24 11:00:00+00:00,11,5,9,267,0.258819045102521,-0.9659258262890682,-1.0,-1.8369701987210294e-16,5.52,5.54,5.57,,,0.034,0.034,0.035,,,7.33,7.33,7.36,,,12.85,12.83,12.79,,,102.0,101.9,101.6,,,39.0,40.6,50.2,,,-0.04,-0.0700000000000002,,,0.001,0.0,,,0.0199999999999995,-0.0100000000000006,,,0.0399999999999991,0.08,,,0.1999999999999886,0.5,,,-2.6000000000000014,-12.200000000000005,,,5.55,5.57,0.020000000000002,,,,,,,0.0341666666666666,0.035,0.0004082482904638,,,,,,,7.336666666666667,7.36,0.0121106014163886,,,,,,,12.821666666666667,12.85,0.0231660671385245,,,,,,,101.83333333333331,102.0,0.163299316185612,,,,,,,42.85,50.2,4.346377802262478,,,,,,,-1.0,0.9743589743589745,3.1339536e-05,0.00012782498,0.0007335323,0.0041661966,NO SIGNIFICANT RISK,LOW,-12.200000000000005,-0.0100000000000006,0.08,0.0,-0.0700000000000002,False,False,False
2022-09-24 12:00:00+00:00,5.48,0.034,7.33,12.9,102.3,41.5,15,False,2022-09-24 12:00:00+00:00,12,5,9,267,1.2246467991473532e-16,-1.0,-1.0,-1.8369701987210294e-16,5.5,5.54,5.57,5.3,,0.035,0.034,0.034,0.037,,7.35,7.33,7.34,7.39,,12.87,12.84,12.8,12.84,,102.1,102.0,101.7,101.3,,38.0,41.7,39.7,46.2,,-0.0599999999999996,-0.0899999999999998,0.1800000000000006,,0.0,0.0,-0.0029999999999999,,0.0,-0.0099999999999997,-0.0599999999999996,,0.0600000000000005,0.0999999999999996,0.0600000000000005,,0.2999999999999971,0.5999999999999943,1.0,,-0.2000000000000028,1.7999999999999972,-4.700000000000003,,5.538333333333333,5.57,0.0256255081250453,5.510000000000001,5.57,0.0774596669241486,,,,0.0341666666666666,0.035,0.0004082482904638,0.0350833333333333,0.037,0.0011645001528813,,,,7.335000000000001,7.35,0.0083666002653385,7.355833333333333,7.4,0.0260971378902091,,,,12.835,12.87,0.0242899156029803,12.814166666666669,12.87,0.0320392751402892,,,,101.91666666666669,102.1,0.1471960144388784,101.66666666666669,102.1,0.290245455162393,,,,40.81666666666667,45.9,2.798154153485231,43.975,50.5,4.31659061592069,,,,3.5,1.0921052631578947,8.690253e-05,0.00028162537,0.0023297223,0.005630839,NO SIGNIFICANT RISK,LOW,1.7999999999999972,-0.0099999999999997,0.0999999999999996,0.0,-0.0899999999999998,False,False,False
2022-09-24 13:00:00+00:00,5.48,0.034,7.32,12.92,102.4,46.8,15,False,2022-09-24 13:00:00+00:00,13,5,9,267,-0.2588190451025208,-0.9659258262890684,-1.0,-1.8369701987210294e-16,5.48,5.52,5.56,5.42,,0.034,0.034,0.034,0.037,,7.33,7.33,7.33,7.4,,12.9,12.85,12.82,12.8,,102.3,102.0,101.8,101.3,,41.5,39.0,45.9,50.5,,-0.0399999999999991,-0.0799999999999991,0.0600000000000005,,0.0,0.0,-0.0029999999999999,,-0.0099999999999997,-0.0099999999999997,-0.08,,0.0700000000000002,0.0999999999999996,0.1199999999999992,,0.4000000000000057,0.6000000000000085,1.1000000000000083,,7.799999999999997,0.8999999999999986,-3.700000000000003,,5.523333333333333,5.56,0.0294392028877614,5.525,5.57,0.0427466107109413,,,,0.0341666666666666,0.035,0.0004082482904638,0.0348333333333333,0.037,0.0010298573010888,,,,7.333333333333333,7.35,0.0081649658092749,7.350833333333333,7.4,0.0246644143115809,,,,12.851666666666668,12.9,0.0292688685580187,12.819166666666666,12.9,0.0401040313850532,,,,102.01666666666668,102.3,0.1722401424369232,101.75,102.3,0.3176619129028422,,,,41.11666666666667,45.9,2.750575697316228,43.583333333333336,50.5,4.309573556910737,,,,5.299999999999997,1.127710843373494,9.914299e-05,0.0003504917,0.0038450544,0.007035457,NO SIGNIFICANT RISK,LOW,0.8999999999999986,-0.0099999999999997,0.0999999999999996,0.0,-0.0799999999999991,False,False,False
2022-09-24 14:00:00+00:00,5.48,0.034,7.33,12.93,102.5,39.3,15,False,2022-09-24 14:00:00+00:00,14,5,9,267,-0.4999999999999997,-0.8660254037844388,-1.0,-1.8369701987210294e-16,5.48,5.5,5.54,5.52,,0.034,0.035,0.034,0.036,,7.32,7.35,7.33,7.39,,12.92,12.87,12.83,12.78,,102.4,102.1,101.9,101.4,,46.8,38.0,40.6,46.8,,-0.0199999999999995,-0.0599999999999996,-0.0399999999999991,,-0.001,0.0,-0.0019999999999999,,-0.0199999999999995,0.0,-0.0599999999999996,,0.0600000000000005,0.0999999999999996,0.1500000000000003,,0.4000000000000057,0.5999999999999943,1.0999999999999943,,1.2999999999999972,-1.3000000000000045,-7.5,,5.510000000000001,5.54,0.027568097504183,5.53,5.57,0.0313339780720259,,,,0.0341666666666666,0.035,0.0004082482904638,0.0345833333333333,0.036,0.0007929614610987,,,,7.331666666666667,7.35,0.0098319208024996,7.344166666666666,7.39,0.0206522432562451,,,,12.868333333333334,12.92,0.0354494945897196,12.829166666666666,12.92,0.0488891758485607,,,,102.11666666666667,102.4,0.1940790217068587,101.84166666666668,102.4,0.3342789617107675,,,,41.266666666666666,46.8,3.0696362433791164,43.275000000000006,50.2,3.880750864552799,,,,-7.5,0.8397435897435898,4.87473e-05,0.0002258957,0.00364625,0.008247565,NO SIGNIFICANT RISK,LOW,-1.3000000000000045,0.0,0.0999999999999996,0.0,-0.0599999999999996,False,False,False
2022-09-24 15:00:00+00:00,5.49,0.034,7.31,12.93,102.6,35.4,15,False,2022-09-24 15:00:00+00:00,15,5,9,267,-0.7071067811865471,-0.7071067811865479,-1.0,-1.8369701987210294e-16,5.48,5.48,5.54,5.53,,0.034,0.034,0.034,0.036,,7.33,7.33,7.33,7.37,,12.93,12.9,12.84,12.77,,102.5,102.3,102.0,101.4,,39.3,41.5,41.7,46.9,,0.0099999999999997,-0.0499999999999998,-0.04,,0.0,0.0,-0.0019999999999999,,-0.0200000000000004,-0.0200000000000004,-0.0600000000000005,,0.0299999999999993,0.0899999999999998,0.1600000000000001,,0.2999999999999971,0.5999999999999943,1.1999999999999886,,-6.100000000000001,-6.300000000000004,-11.5,,5.5,5.54,0.0252982212813499,5.526666666666666,5.57,0.0344656174742135,,,,0.0341666666666666,0.035,0.0004082482904638,0.0344166666666666,0.036,0.0006685579234215,,,,7.331666666666667,7.35,0.0098319208024996,7.339166666666667,7.37,0.0150504203102479,,,,12.885,12.93,0.0372827037646124,12.841666666666669,12.93,0.0540762648880484,,,,102.21666666666668,102.5,0.2136976056643833,101.93333333333334,102.5,0.3524803884508087,,,,41.05,46.8,3.1703312129807486,42.65,50.2,3.865347214793145,,,,-3.899999999999999,0.900763358778626,5.3927655e-05,0.0001588342,0.0014392944,0.0052628214,NO SIGNIFICANT RISK,LOW,-6.300000000000004,-0.0200000000000004,0.0899999999999998,0.0,-0.0499999999999998,False,False,False
2022-09-24 16:00:00+00:00,5.52,0.034,7.3,12.94,102.7,35.8,15,False,2022-09-24 16:00:00+00:00,16,5,9,267,-0.8660254037844385,-0.5000000000000004,-1.0,-1.8369701987210294e-16,5.49,5.48,5.52,5.55,,0.034,0.034,0.034,0.035,,7.31,7.32,7.33,7.35,,12.93,12.92,12.85,12.78,,102.6,102.4,102.0,101.5,,35.4,46.8,39.0,42.2,,0.0399999999999991,0.0,-0.0300000000000002,,0.0,0.0,-0.001,,-0.0200000000000004,-0.0300000000000002,-0.0499999999999998,,0.0199999999999995,0.0899999999999998,0.1600000000000001,,0.2999999999999971,0.7000000000000028,1.2000000000000028,,-11.0,-3.200000000000003,-6.400000000000006,,5.491666666666667,5.52,0.0160208197876018,5.523333333333333,5.57,0.0360134654951411,,,,0.0341666666666666,0.035,0.0004082482904638,0.03425,0.035,0.0004522670168666,,,,7.328333333333333,7.35,0.0132916013582495,7.334166666666667,7.36,0.0137895436890234,,,,12.9,12.93,0.0334664010613597,12.855,12.93,0.0545227225359044,,,,102.31666666666666,102.6,0.2316606713853028,102.03333333333332,102.6,0.357601437187831,,,,40.0,46.8,3.876596445337064,41.69166666666667,50.2,4.132236535809493,,,,0.3999999999999986,1.0112994350282485,4.734734e-05,7.987323e-05,0.000787272,0.009501286,NO SIGNIFICANT RISK,LOW,-3.200000000000003,-0.0300000000000002,0.0899999999999998,0.0,0.0,False,False,False
2022-09-24 17:00:00+00:00,5.54,0.033,7.3,12.95,102.8,33.3,15,False,2022-09-24 17:00:00+00:00,17,5,9,267,-0.9659258262890684,-0.2588190451025206,-1.0,-1.8369701987210294e-16,5.52,5.48,5.5,5.57,,0.034,0.034,0.035,0.035,,7.3,7.33,7.35,7.36,,12.94,12.93,12.87,12.79,,102.7,102.5,102.1,101.6,,35.8,39.3,38.0,50.2,,0.0599999999999996,0.04,-0.0300000000000002,,-0.001,-0.002,-0.002,,-0.0300000000000002,-0.0499999999999998,-0.0600000000000005,,0.0199999999999995,0.08,0.1600000000000001,,0.2999999999999971,0.7000000000000028,1.2000000000000028,,-6.0,-4.700000000000003,-16.900000000000006,,5.491666666666667,5.52,0.0160208197876018,5.520833333333333,5.57,0.0350216383328248,,,,0.0341666666666666,0.035,0.0004082482904638,0.0341666666666666,0.035,0.0003892494720807,,,,7.323333333333333,7.35,0.0175119007154166,7.329999999999999,7.36,0.0159544807043485,,,,12.915,12.94,0.0258843582110839,12.868333333333332,12.94,0.054076264888048,,,,102.43333333333334,102.7,0.216024689946983,102.13333333333333,102.7,0.3626501778783142,,,,39.46666666666666,46.8,4.244368818407115,41.15833333333333,50.2,4.46062741883886,,,,-2.5,0.9301675977653632,8.342099e-05,5.2511125e-05,0.0017807395,0.016951181,NO SIGNIFICANT RISK,LOW,-4.700000000000003,-0.0499999999999998,0.08,-0.002,0.04,False,False,False
2022-09-24 18:00:00+00:00,5.57,0.034,7.32,12.96,103.0,35.9,15,False,2022-09-24 18:00:00+00:00,18,5,9,267,-1.0,-1.8369701987210294e-16,-1.0,-1.8369701987210294e-16,5.54,5.49,5.48,5.57,,0.033,0.034,0.034,0.034,,7.3,7.31,7.33,7.34,,12.95,12.93,12.9,12.8,,102.8,102.6,102.3,101.7,,33.3,35.4,41.5,39.7,,0.08,0.0899999999999998,0.0,,0.0,0.0,0.0,,0.0100000000000006,-0.0099999999999997,-0.0199999999999995,,0.0300000000000011,0.0600000000000005,0.1600000000000001,,0.4000000000000057,0.7000000000000028,1.2999999999999972,,0.5,-5.600000000000001,-3.800000000000004,,5.498333333333334,5.54,0.0256255081250463,5.5183333333333335,5.57,0.0321455025366438,,,,0.0338333333333333,0.034,0.0004082482904638,0.034,0.035,0.0004264014327112,,,,7.315,7.33,0.0137840487520875,7.324999999999999,7.35,0.0150755672288872,,,,12.928333333333333,12.95,0.017224014243675,12.881666666666668,12.95,0.0527142094580554,,,,102.55,102.8,0.1870828693387564,102.23333333333332,102.8,0.3676295896028279,,,,38.68333333333333,46.8,4.945064879924893,39.75,46.8,3.9894178203661057,,,,2.6000000000000014,1.078078078078078,9.310304e-05,9.048422e-05,0.0021620432,0.010166879,NO SIGNIFICANT RISK,LOW,-5.600000000000001,-0.0099999999999997,0.0600000000000005,0.0,0.0899999999999998,False,False,False
2022-09-24 19:00:00+00:00,5.62,0.034,7.34,12.95,103.1,38.6,15,False,2022-09-24 19:00:00+00:00,19,5,9,267,-0.9659258262890684,0.2588190451025203,-1.0,-1.8369701987210294e-16,5.57,5.52,5.48,5.56,,0.034,0.034,0.034,0.034,,7.32,7.3,7.32,7.33,,12.96,12.94,12.92,12.82,,103.0,102.7,102.4,101.8,,35.9,35.8,46.8,45.9,,0.1000000000000005,0.1399999999999996,0.0600000000000005,,0.0,0.0,0.0,,0.04,0.0199999999999995,0.0099999999999997,,0.0099999999999997,0.0299999999999993,0.129999999999999,,0.3999999999999915,0.6999999999999886,1.2999999999999972,,2.8000000000000043,-8.199999999999996,-7.299999999999997,,5.513333333333335,5.57,0.0366969571853965,5.5183333333333335,5.57,0.0321455025366438,,,,0.0338333333333333,0.034,0.0004082482904638,0.034,0.035,0.0004264014327112,,,,7.313333333333333,7.33,0.0121106014163866,7.323333333333334,7.35,0.0143548112513045,,,,12.938333333333333,12.96,0.0147196014438675,12.895,12.96,0.0503623235798695,,,,102.66666666666669,103.0,0.216024689946983,102.34166666666664,103.0,0.3872005196591048,,,,37.74999999999999,46.8,4.834356213602791,39.43333333333333,46.8,4.141658283023052,,,,2.700000000000003,1.075208913649025,4.5905523e-05,6.42586e-05,0.0015026724,0.009805876,NO SIGNIFICANT RISK,LOW,-8.199999999999996,0.0199999999999995,0.0299999999999993,0.0,0.1399999999999996,False,False,False
2022-09-24 20:00:00+00:00,5.7,0.034,7.34,12.96,103.3,36.3,15,False,2022-09-24 20:00:00+00:00,20,5,9,267,-0.8660254037844386,0.5000000000000001,-1.0,-1.8369701987210294e-16,5.62,5.54,5.48,5.54,,0.034,0.033,0.034,0.034,,7.34,7.3,7.33,7.33,,12.95,12.95,12.93,12.83,,103.1,102.8,102.5,101.9,,38.6,33.3,39.3,40.6,,0.1600000000000001,0.2199999999999997,0.1600000000000001,,0.001,0.0,0.0,,0.04,0.0099999999999997,0.0099999999999997,,0.0100000000000015,0.0300000000000011,0.1300000000000007,,0.5,0.7999999999999972,1.3999999999999917,,3.0,-3.0,-4.300000000000004,,5.536666666666666,5.62,0.0524086506854242,5.523333333333333,5.62,0.0422833157152891,,,,0.0338333333333333,0.034,0.0004082482904638,0.034,0.035,0.0004264014327112,,,,7.316666666666666,7.34,0.016329931618552,7.324166666666667,7.35,0.015050420310248,,,,12.943333333333332,12.96,0.0121106014163743,12.905833333333334,12.96,0.0466043956829127,,,,102.78333333333332,103.1,0.2316606713853122,102.45,103.1,0.4033946860424905,,,,36.38333333333333,39.3,2.2121633453853646,38.825,46.8,3.6070952806429313,,,,-2.3000000000000043,0.9404145077720206,3.5475947e-05,6.913759e-05,0.0017425963,0.011193231,NO SIGNIFICANT RISK,LOW,-3.0,0.0099999999999997,0.0300000000000011,0.0,0.2199999999999997,False,False,False
2022-09-24 21:00:00+00:00,5.91,0.034,7.35,12.92,103.6,39.9,15,False,2022-09-24 21:00:00+00:00,21,5,9,267,-0.7071067811865477,0.7071067811865474,-1.0,-1.8369701987210294e-16,5.7,5.57,5.49,5.54,,0.034,0.034,0.034,0.034,,7.34,7.32,7.31,7.33,,12.96,12.96,12.93,12.84,,103.3,103.0,102.6,102.0,,36.3,35.9,35.4,41.7,,0.3399999999999998,0.4199999999999999,0.3700000000000001,,0.0,0.0,0.0,,0.0299999999999993,0.04,0.0199999999999995,,-0.0400000000000009,-0.0099999999999997,0.08,,0.5999999999999943,1.0,1.5999999999999943,,4.0,4.5,-1.8000000000000045,,5.573333333333334,5.7,0.0763326055278269,5.536666666666666,5.7,0.0663781636237443,,,,0.0338333333333333,0.034,0.0004082482904638,0.034,0.035,0.0004264014327112,,,,7.318333333333332,7.34,0.0183484785926949,7.324999999999999,7.35,0.015666989036012,,,,12.948333333333332,12.96,0.0116904519444834,12.916666666666666,12.96,0.0422833157152857,,,,102.91666666666669,103.3,0.2639444385977847,102.56666666666666,103.3,0.4313474308033636,,,,35.88333333333333,38.6,1.701078089526334,38.46666666666667,46.8,3.628256113374934,,,,3.6000000000000014,1.0991735537190084,4.7588295e-05,0.000141627,0.0021302283,0.010305956,NO SIGNIFICANT RISK,LOW,4.5,0.04,-0.0099999999999997,0.0,0.4199999999999999,False,False,False
2022-09-24 22:00:00+00:00,6.12,0.035,7.37,12.85,103.5,38.6,15,False,2022-09-24 22:00:00+00:00,22,5,9,267,-0.5000000000000004,0.8660254037844384,-1.0,-1.8369701987210294e-16,5.91,5.62,5.52,5.52,,0.034,0.034,0.034,0.034,,7.35,7.34,7.3,7.33,,12.92,12.95,12.94,12.85,,103.6,103.1,102.7,102.0,,39.9,38.6,35.8,39.0,,0.5,0.6000000000000005,0.6000000000000005,,0.001,0.001,0.001,,0.0300000000000002,0.0700000000000002,0.04,,-0.0999999999999996,-0.0899999999999998,0.0,,0.4000000000000057,0.7999999999999972,1.5,,0.0,2.8000000000000043,-0.3999999999999986,,5.6433333333333335,5.91,0.1456937427162431,5.5675,5.91,0.126643737956664,,,,0.0338333333333333,0.034,0.0004082482904638,0.034,0.035,0.0004264014327112,,,,7.324999999999999,7.35,0.0216794833886767,7.326666666666667,7.35,0.0172328087371059,,,,12.946666666666664,12.96,0.015055453054169,12.923333333333332,12.96,0.034728383291773,,,,103.08333333333331,103.6,0.3311595788539204,102.7,103.6,0.484298930977057,,,,36.63333333333333,39.9,2.3235031023578543,38.31666666666667,46.8,3.5179625646190105,,,,-1.2999999999999972,0.9674185463659148,2.1000753e-05,9.753294e-05,0.0027331612,0.010138769,NO SIGNIFICANT RISK,LOW,2.8000000000000043,0.0700000000000002,-0.0899999999999998,0.001,0.6000000000000005,False,False,False
2022-09-24 23:00:00+00:00,6.22,0.036,7.37,12.78,103.3,37.4,15,False,2022-09-24 23:00:00+00:00,23,5,9,267,-0.2588190451025215,0.965925826289068,-1.0,-1.8369701987210294e-16,6.12,5.7,5.54,5.5,,0.035,0.034,0.033,0.035,,7.37,7.34,7.3,7.35,,12.85,12.96,12.95,12.87,,103.5,103.3,102.8,102.1,,38.6,36.3,33.3,38.0,,0.5199999999999996,0.6799999999999997,0.7199999999999998,,0.0019999999999999,0.0029999999999999,0.0009999999999999,,0.0300000000000002,0.0700000000000002,0.0200000000000004,,-0.1800000000000015,-0.1699999999999999,-0.0899999999999998,,0.0,0.5,1.2000000000000028,,1.1000000000000014,4.100000000000001,-0.6000000000000014,,5.743333333333333,6.12,0.2272150229775021,5.6175,6.12,0.2021306957931369,,,,0.034,0.035,0.0006324555320336,0.0340833333333333,0.035,0.0005149286505444,,,,7.336666666666666,7.37,0.0242212028327779,7.329999999999999,7.37,0.0213200716355607,,,,12.931666666666668,12.96,0.0426223728418111,12.923333333333332,12.96,0.034728383291773,,,,103.21666666666664,103.6,0.3060501048304204,102.825,103.6,0.4807664335583755,,,,37.1,39.9,2.4024986992712223,38.28333333333333,46.8,3.512790481895715,,,,-1.2000000000000028,0.9689119170984456,2.3111203e-05,0.00042799397,0.0028560478,0.009463584,NO SIGNIFICANT RISK,LOW,4.100000000000001,0.0700000000000002,-0.1699999999999999,0.0029999999999999,0.6799999999999997,False,False,False
2022-09-25 00:00:00+00:00,6.24,0.036,7.37,12.75,103.1,37.5,15,False,2022-09-25 00:00:00+00:00,0,6,9,268,0.0,1.0,-1.0,-1.8369701987210294e-16,6.22,5.91,5.57,5.48,5.3,0.036,0.034,0.034,0.034,0.037,7.37,7.35,7.32,7.33,7.39,12.78,12.92,12.96,12.9,12.84,103.3,103.6,103.0,102.3,101.3,37.4,39.9,35.9,41.5,46.2,0.33,0.6699999999999999,0.7599999999999998,0.9400000000000004,0.0019999999999999,0.0019999999999999,0.0019999999999999,-0.001,0.0200000000000004,0.0499999999999998,0.04,-0.0199999999999995,-0.1699999999999999,-0.2100000000000008,-0.1500000000000003,-0.0899999999999998,-0.5,0.0999999999999943,0.7999999999999972,1.7999999999999972,-2.3999999999999986,1.6000000000000014,-4.0,-8.700000000000003,5.8566666666666665,6.22,0.2708997354496066,5.677500000000001,6.22,0.2620591536275714,5.59375,6.22,0.2074443351212875,0.0345,0.036,0.000836660026534,0.0341666666666666,0.036,0.0007177405625652,0.034625,0.037,0.0010555237727226,7.348333333333334,7.37,0.0194079021706768,7.331666666666667,7.37,0.0236771210371119,7.34375,7.4,0.0273165820002045,12.903333333333334,12.96,0.073393914370788,12.915833333333332,12.96,0.05247654598759,12.865,12.96,0.0671144382833296,103.3,103.6,0.2280350850199301,102.925,103.6,0.4392659165637935,102.29583333333332,103.6,0.738670466426694,37.78333333333334,39.9,1.5302505241517117,38.23333333333333,46.8,3.521449426103721,41.10416666666666,50.5,4.84171000753881,0.1000000000000014,1.002673796791444,6.75878e-05,0.0005877432,0.00029577772,0.04475952,NO SIGNIFICANT RISK,LOW,1.6000000000000014,0.0499999999999998,-0.2100000000000008,0.0019999999999999,0.6699999999999999,False,False,False
2022-09-25 01:00:00+00:00,6.22,0.036,7.38,12.75,103.0,47.8,15,False,2022-09-25 01:00:00+00:00,1,6,9,268,0.2588190451025207,0.9659258262890684,-1.0,-1.8369701987210294e-16,6.24,6.12,5.62,5.48,5.42,0.036,0.035,0.034,0.034,0.037,7.37,7.37,7.34,7.32,7.4,12.75,12.85,12.95,12.92,12.8,103.1,103.5,103.1,102.4,101.3,37.5,38.6,38.6,46.8,50.5,0.0999999999999996,0.5999999999999996,0.7399999999999993,0.7999999999999998,0.0009999999999999,0.0019999999999999,0.0019999999999999,-0.001,0.0099999999999997,0.04,0.0599999999999996,-0.0200000000000004,-0.0999999999999996,-0.1999999999999993,-0.1699999999999999,-0.0500000000000007,-0.5,-0.0999999999999943,0.5999999999999943,1.7000000000000028,9.199999999999996,9.199999999999996,1.0,-2.700000000000003,5.968333333333334,6.24,0.267164119347391,5.740833333333334,6.24,0.2991946260253064,5.632916666666667,6.24,0.236302664554089,0.0348333333333333,0.036,0.0009831920802501,0.0343333333333333,0.036,0.0008876253645985,0.0345833333333333,0.037,0.0009743076322798,7.356666666666666,7.37,0.0150554530541782,7.335000000000001,7.37,0.0261116483933546,7.342916666666667,7.4,0.0261233140361607,12.868333333333332,12.96,0.089312186551818,12.903333333333334,12.96,0.0711379368593576,12.86125,12.96,0.0709753478328913,103.31666666666666,103.6,0.2041241452320487,102.99166666666667,103.6,0.3941811612429981,102.37083333333332,103.6,0.7244063036401882,38.05,39.9,1.2501999840025295,37.9,46.8,3.370190175373192,40.74166666666667,50.5,4.768731183601073,10.299999999999995,1.2746666666666666,0.00015379862,0.00066134124,0.003359938,0.042668853,NO SIGNIFICANT RISK,LOW,9.199999999999996,0.04,-0.1999999999999993,0.0019999999999999,0.5999999999999996,False,False,False
2022-09-25 02:00:00+00:00,6.21,0.037,7.38,12.74,102.9,33.7,15,False,2022-09-25 02:00:00+00:00,2,6,9,268,0.4999999999999999,0.8660254037844387,-1.0,-1.8369701987210294e-16,6.22,6.22,5.7,5.48,5.52,0.036,0.036,0.034,0.034,0.036,7.38,7.37,7.34,7.33,7.39,12.75,12.78,12.96,12.93,12.78,103.0,103.3,103.3,102.5,101.4,47.8,37.4,36.3,39.3,46.8,-0.0099999999999997,0.5099999999999998,0.7299999999999995,0.6900000000000004,0.001,0.0029999999999999,0.0029999999999999,0.001,0.0099999999999997,0.04,0.0499999999999998,-0.0099999999999997,-0.0399999999999991,-0.2200000000000006,-0.1899999999999995,-0.0399999999999991,-0.3999999999999915,-0.3999999999999915,0.4000000000000057,1.5,-3.699999999999996,-2.5999999999999943,-5.599999999999994,-13.099999999999994,6.0683333333333325,6.24,0.218578742485785,5.802499999999999,6.24,0.3163175906929876,5.666250000000001,6.24,0.2601807482100289,0.0351666666666666,0.036,0.0009831920802501,0.0344999999999999,0.036,0.0009999999999999,0.0345416666666666,0.036,0.0008836272412331,7.363333333333333,7.38,0.0150554530541783,7.34,7.38,0.0286038776773679,7.342083333333334,7.39,0.0244911992474785,12.835,12.96,0.0900555384193573,12.889166666666666,12.96,0.0833893750953193,12.859166666666669,12.96,0.0735389081676677,103.3,103.6,0.2280350850199301,103.04166666666669,103.6,0.3476108935770426,102.44166666666666,103.6,0.6977707775272872,39.58333333333333,47.8,4.206384036992652,37.98333333333333,47.8,3.61382027357437,40.62916666666666,50.2,4.555596573987599,-14.099999999999994,0.7050209205020922,0.0001016657,0.0001835422,0.0005613667,0.020569224,NO SIGNIFICANT RISK,LOW,-2.5999999999999943,0.04,-0.2200000000000006,0.0029999999999999,0.5099999999999998,False,False,False
2022-09-25 03:00:00+00:00,6.13,0.037,7.37,12.75,102.7,31.9,15,False,2022-09-25 03:00:00+00:00,3,6,9,268,0.7071067811865476,0.7071067811865476,-1.0,-1.8369701987210294e-16,6.21,6.24,5.91,5.49,5.53,0.037,0.036,0.034,0.034,0.036,7.38,7.37,7.35,7.31,7.37,12.74,12.75,12.92,12.93,12.77,102.9,103.1,103.6,102.6,101.4,33.7,37.5,39.9,35.4,46.9,-0.1100000000000003,0.2199999999999997,0.6399999999999997,0.5999999999999996,0.001,0.0029999999999999,0.0029999999999999,0.001,0.0,0.0200000000000004,0.0600000000000005,0.0,0.0,-0.1699999999999999,-0.1799999999999997,-0.0199999999999995,-0.3999999999999915,-0.8999999999999915,0.1000000000000085,1.2999999999999972,-5.600000000000001,-8.0,-3.5,-15.0,6.153333333333333,6.24,0.1264383907943603,5.863333333333333,6.24,0.3188426038982304,5.694999999999999,6.24,0.280635923821471,0.0356666666666666,0.037,0.0010327955589886,0.03475,0.037,0.0012154310870109,0.0345833333333333,0.037,0.0009743076322798,7.37,7.38,0.0109544511500986,7.344166666666666,7.38,0.0305876782480474,7.341666666666666,7.38,0.0237132629677928,12.798333333333334,12.92,0.0719490560512586,12.873333333333331,12.96,0.0924744026826626,12.8575,12.96,0.0758287544405148,103.23333333333336,103.6,0.2804757862395797,103.075,103.6,0.3078517943310181,102.50416666666666,103.6,0.6669066597010757,39.15,47.8,4.7154003011409245,37.516666666666666,47.8,3.7858188338091954,40.083333333333336,50.2,4.568861209713335,-1.8000000000000045,0.946587537091988,9.0452995e-05,0.00011636222,0.00028585704,0.017239975,NO SIGNIFICANT RISK,LOW,-8.0,0.0200000000000004,-0.1699999999999999,0.0029999999999999,0.2199999999999997,False,False,False
2022-09-25 04:00:00+00:00,6.02,0.037,7.38,12.77,102.6,27.2,15,False,2022-09-25 04:00:00+00:00,4,6,9,268,0.8660254037844386,0.5000000000000001,-1.0,-1.8369701987210294e-16,6.13,6.22,6.12,5.52,5.55,0.037,0.036,0.035,0.034,0.035,7.37,7.38,7.37,7.3,7.35,12.75,12.75,12.85,12.94,12.78,102.7,103.0,103.5,102.7,101.5,31.9,47.8,38.6,35.8,42.2,-0.2000000000000001,-0.1000000000000005,0.5,0.4699999999999997,0.001,0.0019999999999999,0.0029999999999999,0.0019999999999999,0.0,0.0099999999999997,0.08,0.0300000000000002,0.0199999999999995,-0.08,-0.1699999999999999,-0.0099999999999997,-0.4000000000000057,-0.9000000000000057,-0.1000000000000085,1.0999999999999943,-20.6,-11.400000000000002,-8.599999999999998,-15.000000000000004,6.19,6.24,0.0513809303146683,5.916666666666667,6.24,0.3038939208860758,5.72,6.24,0.291801004259678,0.0361666666666666,0.037,0.0007527726527091,0.0349999999999999,0.037,0.0013483997249264,0.0346249999999999,0.037,0.0010555237727226,7.373333333333334,7.38,0.0051639777949327,7.349166666666666,7.38,0.0293747985163952,7.341666666666666,7.38,0.0237132629677928,12.77,12.85,0.0414728827066632,12.858333333333334,12.96,0.0969379682940071,12.856666666666667,12.96,0.0769340014539088,103.08333333333331,103.5,0.2857738033247717,103.08333333333331,103.6,0.2949062511541543,102.55833333333334,103.6,0.6247898197318883,37.81666666666666,47.8,5.522831399442373,37.225,47.8,4.086591155563211,39.458333333333336,50.2,4.621492010790143,-4.699999999999999,0.8526645768025078,0.00013012163,0.00012228543,0.0004109784,0.007561674,NO SIGNIFICANT RISK,LOW,-11.400000000000002,0.0099999999999997,-0.08,0.0019999999999999,-0.1000000000000005,False,False,False
2022-09-25 05:00:00+00:00,5.91,0.037,7.38,12.8,102.6,29.2,15,False,2022-09-25 05:00:00+00:00,5,6,9,268,0.9659258262890684,0.2588190451025207,-1.0,-1.8369701987210294e-16,6.02,6.21,6.22,5.54,5.57,0.037,0.037,0.036,0.033,0.035,7.38,7.38,7.37,7.3,7.36,12.77,12.74,12.78,12.95,12.79,102.6,102.9,103.3,102.8,101.6,27.2,33.7,37.4,33.3,50.2,-0.2999999999999998,-0.3099999999999996,0.3700000000000001,0.3399999999999998,0.0,0.001,0.0039999999999999,0.0019999999999999,0.0,0.0099999999999997,0.08,0.0199999999999995,0.0600000000000005,0.0200000000000013,-0.1499999999999985,0.0100000000000015,-0.3000000000000113,-0.7000000000000028,-0.2000000000000028,1.0,-4.500000000000004,-8.2,-4.099999999999998,-21.000000000000004,6.173333333333333,6.24,0.0843010478384906,5.958333333333333,6.24,0.2777125175865134,5.739583333333333,6.24,0.2956419568780229,0.0365,0.037,0.0005477225575052,0.03525,0.037,0.0014222261679238,0.0347083333333333,0.037,0.0011601786469133,7.375,7.38,0.0054772255750416,7.355833333333333,7.38,0.0260971378902104,7.342916666666666,7.38,0.0249310643778896,12.756666666666666,12.78,0.0150554530542065,12.844166666666666,12.96,0.0963382613817634,12.856249999999998,12.96,0.0773929836163678,102.93333333333334,103.3,0.2581988897472217,103.075,103.6,0.3078517943310181,102.60416666666669,103.6,0.5827067027667537,35.916666666666664,47.8,6.970628857331782,36.50833333333333,47.8,5.009165841159847,38.833333333333336,50.2,5.211247590479212,2.0,1.0735294117647058,0.00020120724,0.0001774481,0.00027324999,0.00512779,NO SIGNIFICANT RISK,LOW,-8.2,0.0099999999999997,0.0200000000000013,0.001,-0.3099999999999996,False,False,False
2022-09-25 06:00:00+00:00,5.79,0.038,7.36,12.82,102.5,33.0,15,False,2022-09-25 06:00:00+00:00,6,6,9,268,1.0,6.123233995736766e-17,-1.0,-1.8369701987210294e-16,5.91,6.13,6.24,5.57,5.57,0.037,0.037,0.036,0.034,0.034,7.38,7.37,7.37,7.32,7.34,12.8,12.75,12.75,12.96,12.8,102.6,102.7,103.1,103.0,101.7,29.2,31.9,37.5,35.9,39.7,-0.3399999999999998,-0.4500000000000002,0.2199999999999997,0.2199999999999997,0.001,0.002,0.0039999999999999,0.0039999999999999,-0.0099999999999997,-0.0099999999999997,0.04,0.0200000000000004,0.0700000000000002,0.0700000000000002,-0.1400000000000005,0.0199999999999995,-0.2000000000000028,-0.5999999999999943,-0.5,0.7999999999999972,1.1000000000000014,-4.5,-2.8999999999999986,-6.700000000000003,6.121666666666667,6.24,0.1316687763544092,5.989166666666667,6.24,0.245744077273794,5.75375,6.24,0.295308423884913,0.0366666666666666,0.037,0.0005163977794943,0.0355833333333333,0.037,0.0013113721705514,0.0347916666666666,0.037,0.0012503622663458,7.376666666666666,7.38,0.0051639777949325,7.362500000000001,7.38,0.0200567377026476,7.34375,7.38,0.02584443426753,12.76,12.8,0.0219089023002235,12.831666666666663,12.96,0.0909378742312432,12.856666666666667,12.96,0.0770469459748915,102.81666666666666,103.1,0.2136976056643868,103.05833333333334,103.6,0.328794860978938,102.64583333333331,103.6,0.5421207684052131,34.55,47.8,7.411545048098939,36.16666666666666,47.8,5.37440623922705,37.958333333333336,47.8,4.97750737921552,3.8000000000000007,1.13013698630137,4.2320724e-05,0.00022409692,0.00031989484,0.0037820318,NO SIGNIFICANT RISK,LOW,-4.5,-0.0099999999999997,0.0700000000000002,0.002,-0.4500000000000002,False,False,False
2022-09-25 07:00:00+00:00,5.7,0.038,7.37,12.86,102.5,31.1,15,False,2022-09-25 07:00:00+00:00,7,6,9,268,0.9659258262890684,-0.2588190451025206,-1.0,-1.8369701987210294e-16,5.79,6.02,6.22,5.62,5.56,0.038,0.037,0.036,0.034,0.034,7.36,7.38,7.38,7.34,7.33,12.82,12.77,12.75,12.95,12.82,102.5,102.6,103.0,103.1,101.8,33.0,27.2,47.8,38.6,45.9,-0.3199999999999994,-0.5199999999999996,0.08,0.1400000000000005,0.001,0.002,0.0039999999999999,0.0039999999999999,-0.0099999999999997,-0.0099999999999997,0.0300000000000002,0.04,0.0899999999999998,0.1099999999999994,-0.0899999999999998,0.0399999999999991,-0.0999999999999943,-0.5,-0.5999999999999943,0.7000000000000028,3.900000000000002,-16.699999999999996,-7.5,-14.799999999999995,6.046666666666667,6.22,0.1725881417324704,6.007499999999999,6.24,0.218304416313127,5.7629166666666665,6.24,0.2927601654814976,0.037,0.038,0.0006324555320337,0.0359166666666666,0.038,0.0013789543689024,0.0349583333333333,0.038,0.0013981094896064,7.375,7.38,0.008366600265334,7.365833333333334,7.38,0.015050420310252,7.344583333333333,7.38,0.0260399637124346,12.771666666666668,12.82,0.0318852107828585,12.82,12.96,0.0814638793353478,12.8575,12.96,0.0765137100530803,102.71666666666668,103.0,0.1940790217068428,103.01666666666668,103.6,0.3663910810084188,102.67916666666667,103.6,0.5047420061314996,33.8,47.8,7.279835162969001,35.925000000000004,47.8,5.452126357503286,37.67916666666667,47.8,5.062735054482318,-1.8999999999999984,0.9424242424242424,8.309333e-05,0.00013708169,0.00053531624,0.0035717934,NO SIGNIFICANT RISK,LOW,-16.699999999999996,-0.0099999999999997,0.1099999999999994,0.002,-0.5199999999999996,False,False,False
2022-09-25 08:00:00+00:00,5.6,0.038,7.35,12.89,102.5,,15,False,2022-09-25 08:00:00+00:00,8,6,9,268,0.8660254037844387,-0.4999999999999998,-1.0,-1.8369701987210294e-16,5.7,5.91,6.21,5.7,5.54,0.038,0.037,0.037,0.034,0.034,7.37,7.38,7.38,7.34,7.33,12.86,12.8,12.74,12.96,12.83,102.5,102.6,102.9,103.3,101.9,31.1,29.2,33.7,36.3,40.6,-0.3100000000000005,-0.6100000000000003,-0.1000000000000005,0.0599999999999996,0.001,0.001,0.0039999999999999,0.0039999999999999,-0.0300000000000002,-0.0300000000000002,0.0099999999999997,0.0199999999999995,0.0899999999999998,0.1500000000000003,-0.0700000000000002,0.0600000000000005,-0.0999999999999943,-0.4000000000000057,-0.7999999999999972,0.5999999999999943,,,,,5.96,6.21,0.1969771560359235,6.014166666666667,6.24,0.2062856947991904,5.76875,6.24,0.2899222159551559,0.0373333333333333,0.038,0.0005163977794944,0.03625,0.038,0.0013568010505999,0.0351249999999999,0.038,0.0015126280039259,7.373333333333334,7.38,0.0081649658092703,7.368333333333333,7.38,0.0126730446462625,7.34625,7.38,0.0263442923444608,12.79,12.86,0.0456070170039711,12.8125,12.96,0.0720006313103672,12.859166666666669,12.96,0.076095858692473,102.63333333333334,102.9,0.1505545305418605,102.96666666666664,103.6,0.3938927711339755,102.70833333333331,103.6,0.4708148963942139,31.01666666666667,33.7,2.4408331910777035,35.3,47.8,5.546661567596747,37.0625,47.8,4.917122921596223,,,9.688241e-05,0.00026941826,0.0009403994,0.0023565432,NO SIGNIFICANT RISK,LOW,,-0.0300000000000002,0.1500000000000003,0.001,-0.6100000000000003,False,False,False
2022-09-25 09:00:00+00:00,5.56,0.038,7.36,12.89,102.4,,15,False,2022-09-25 09:00:00+00:00,9,6,9,268,0.7071067811865476,-0.7071067811865475,-1.0,-1.8369701987210294e-16,5.6,5.79,6.13,5.91,5.54,0.038,0.038,0.037,0.034,0.034,7.35,7.36,7.37,7.35,7.33,12.89,12.82,12.75,12.92,12.84,102.5,102.5,102.7,103.6,102.0,,33.0,31.9,39.9,41.7,-0.2300000000000004,-0.5700000000000003,-0.3500000000000005,0.0199999999999995,0.0,0.001,0.0039999999999999,0.0039999999999999,0.0,-0.0099999999999997,0.0100000000000006,0.0300000000000002,0.0700000000000002,0.1400000000000005,-0.0299999999999993,0.0500000000000007,-0.0999999999999943,-0.2999999999999971,-1.1999999999999886,0.4000000000000057,,,,,5.858333333333333,6.13,0.1995411402860755,6.0058333333333325,6.24,0.2215834886092358,5.771249999999999,6.24,0.2881170127630066,0.0375,0.038,0.0005477225575052,0.0365833333333333,0.038,0.0012401124093721,0.0352916666666666,0.038,0.0016010639578422,7.368333333333332,7.38,0.0116904519444953,7.3691666666666675,7.38,0.0108362466945131,7.347083333333334,7.38,0.0261233140361606,12.815,12.89,0.0531977443130854,12.806666666666665,12.92,0.0609520427479838,12.861666666666666,12.96,0.0760815733085308,102.56666666666666,102.7,0.0816496580928261,102.9,103.6,0.4000000000000999,102.73333333333332,103.6,0.4410133259020837,,,,,,,,,,,,3.0366398e-05,0.00012177309,0.00041360402,0.0020387454,NO SIGNIFICANT RISK,LOW,,-0.0099999999999997,0.1400000000000005,0.001,-0.5700000000000003,False,False,False
2022-09-25 10:00:00+00:00,5.54,0.038,7.36,12.9,102.4,,15,False,2022-09-25 10:00:00+00:00,10,6,9,268,0.4999999999999999,-0.8660254037844387,-1.0,-1.8369701987210294e-16,5.56,5.7,6.02,6.12,5.52,0.038,0.038,0.037,0.035,0.034,7.36,7.37,7.38,7.37,7.33,12.89,12.86,12.77,12.85,12.85,102.4,102.5,102.6,103.5,102.0,,31.1,27.2,38.6,39.0,-0.1600000000000001,-0.4799999999999995,-0.5800000000000001,0.0200000000000004,0.0,0.001,0.0029999999999999,0.0039999999999999,-0.0099999999999997,-0.0199999999999995,-0.0099999999999997,0.0300000000000002,0.0400000000000009,0.1300000000000007,0.0500000000000007,0.0500000000000007,-0.0999999999999943,-0.1999999999999886,-1.0999999999999943,0.4000000000000057,,,,,5.763333333333333,6.02,0.178959958277452,5.976666666666667,6.24,0.2557460861989048,5.772083333333334,6.24,0.2874472226289579,0.0376666666666666,0.038,0.0005163977794944,0.0369166666666666,0.038,0.0009962049198955,0.0354583333333333,0.038,0.0016675722177612,7.366666666666667,7.38,0.0121106014163852,7.37,7.38,0.0095346258924616,7.348333333333333,7.38,0.0259877340074228,12.838333333333331,12.89,0.0495647724363486,12.804166666666667,12.89,0.0563202423376377,12.863749999999998,12.96,0.0761470259774949,102.51666666666668,102.6,0.0752772652709387,102.8,103.5,0.3567530340064358,102.75,103.6,0.4191087852969355,,,,,,,,,,,,2.2579483e-05,0.00017142617,0.00037959567,0.001632869,NO SIGNIFICANT RISK,LOW,,-0.0199999999999995,0.1300000000000007,0.001,-0.4799999999999995,False,False,False
2022-09-25 11:00:00+00:00,5.51,0.039,7.36,12.9,102.4,30.5,15,False,2022-09-25 11:00:00+00:00,11,6,9,268,0.258819045102521,-0.9659258262890682,-1.0,-1.8369701987210294e-16,5.54,5.6,5.91,6.22,5.5,0.038,0.038,0.037,0.036,0.035,7.36,7.35,7.38,7.37,7.35,12.9,12.89,12.8,12.78,12.87,102.4,102.5,102.6,103.3,102.1,,,29.2,37.4,38.0,-0.0899999999999998,-0.4000000000000003,-0.71,0.0099999999999997,0.001,0.002,0.003,0.0039999999999999,0.0100000000000006,-0.0199999999999995,-0.0099999999999997,0.0100000000000006,0.0099999999999997,0.0999999999999996,0.120000000000001,0.0300000000000011,-0.0999999999999943,-0.1999999999999886,-0.8999999999999915,0.3000000000000113,,1.3000000000000007,-6.899999999999999,-7.5,5.683333333333334,5.91,0.1454189350348416,5.928333333333334,6.24,0.2798646859184625,5.772916666666666,6.24,0.2867126901039905,0.0378333333333333,0.038,0.0004082482904639,0.0371666666666666,0.038,0.0008348471099366,0.035625,0.038,0.0017147062113681,7.363333333333334,7.38,0.0103279555898808,7.3691666666666675,7.38,0.0099620491989614,7.349583333333334,7.38,0.0257882964129862,12.86,12.9,0.0414728827066587,12.808333333333335,12.9,0.0616195561244174,12.865833333333336,12.96,0.0764379069780714,102.48333333333332,102.6,0.0752772652709249,102.70833333333331,103.3,0.2968266507679549,102.76666666666668,103.6,0.3952617918013335,,,,,,,,,,,,3.8020167e-05,0.00011297942,0.00013881431,0.0027259132,NO SIGNIFICANT RISK,LOW,1.3000000000000007,-0.0199999999999995,0.0999999999999996,0.002,-0.4000000000000003,False,False,False
2022-09-25 12:00:00+00:00,5.46,0.039,7.34,12.92,102.4,31.2,15,False,2022-09-25 12:00:00+00:00,12,6,9,268,1.2246467991473532e-16,-1.0,-1.0,-1.8369701987210294e-16,5.51,5.56,5.79,6.24,5.48,0.039,0.038,0.038,0.036,0.034,7.36,7.36,7.36,7.37,7.33,12.9,12.89,12.82,12.75,12.9,102.4,102.4,102.5,103.1,102.3,30.5,,33.0,37.5,41.5,-0.0999999999999996,-0.33,-0.7800000000000002,-0.0200000000000004,0.001,0.001,0.003,0.0049999999999999,-0.0200000000000004,-0.0200000000000004,-0.0300000000000002,0.0099999999999997,0.0299999999999993,0.0999999999999996,0.1699999999999999,0.0199999999999995,0.0,-0.0999999999999943,-0.6999999999999886,0.1000000000000085,,-1.8000000000000007,-6.300000000000001,-10.3,5.616666666666667,5.79,0.107455417111784,5.869166666666668,6.24,0.287543145642629,5.773333333333333,6.24,0.2863058059012319,0.0381666666666666,0.039,0.0004082482904639,0.0374166666666666,0.039,0.0009003366373784,0.0357916666666666,0.039,0.0018410575095914,7.36,7.37,0.0063245553203277,7.368333333333333,7.38,0.0102985730108935,7.349999999999999,7.38,0.0258759582893327,12.876666666666663,12.9,0.0314112506383765,12.818333333333332,12.9,0.0661724102537332,12.867083333333332,12.96,0.0767536526062812,102.45,102.5,0.0547722557505209,102.63333333333334,103.1,0.2424621182534121,102.77916666666664,103.6,0.3776116784610541,,,,,,,,,,0.6999999999999993,1.022950819672131,5.5967907e-05,9.7956196e-05,0.000104747145,0.002070541,NO SIGNIFICANT RISK,LOW,-1.8000000000000007,-0.0200000000000004,0.0999999999999996,0.001,-0.33,False,False,False
2022-09-25 13:00:00+00:00,5.43,0.038,7.33,12.94,102.4,28.8,15,False,2022-09-25 13:00:00+00:00,13,6,9,268,-0.2588190451025208,-0.9659258262890684,-1.0,-1.8369701987210294e-16,5.46,5.54,5.7,6.22,5.48,0.039,0.038,0.038,0.036,0.034,7.34,7.36,7.37,7.38,7.32,12.92,12.9,12.86,12.75,12.92,102.4,102.4,102.5,103.0,102.4,31.2,,31.1,47.8,46.8,-0.1100000000000003,-0.2700000000000004,-0.79,-0.0500000000000007,0.0,0.0,0.002,0.0039999999999999,-0.0300000000000002,-0.04,-0.0499999999999998,0.0099999999999997,0.0399999999999991,0.08,0.1899999999999995,0.0199999999999995,0.0,-0.0999999999999943,-0.5999999999999943,0.0,,-2.3000000000000007,-19.0,-17.999999999999996,5.5616666666666665,5.7,0.082563107176677,5.804166666666667,6.22,0.2842360841187292,5.7725,6.24,0.2872243480051035,0.0383333333333333,0.039,0.0005163977794944,0.0376666666666666,0.039,0.0008876253645985,0.036,0.039,0.0019110661718118,7.356666666666666,7.37,0.0103279555898811,7.365833333333334,7.38,0.0131137217055183,7.350416666666667,7.38,0.0256191447888123,12.893333333333333,12.92,0.0196638416050082,12.8325,12.92,0.06837397165589,12.867916666666666,12.96,0.0772336470191843,102.43333333333334,102.5,0.0516397779494261,102.575,103.0,0.2005673770265729,102.78333333333332,103.6,0.3726131770484965,,,,,,,,,,-2.3999999999999986,0.9230769230769232,3.3275384e-05,9.435387e-05,0.00014047182,0.0018231537,NO SIGNIFICANT RISK,LOW,-2.3000000000000007,-0.04,0.08,0.0,-0.2700000000000004,False,False,False
2022-09-25 14:00:00+00:00,5.41,0.038,7.33,12.95,102.5,27.8,15,False,2022-09-25 14:00:00+00:00,14,6,9,268,-0.4999999999999997,-0.8660254037844388,-1.0,-1.8369701987210294e-16,5.43,5.51,5.6,6.21,5.48,0.038,0.039,0.038,0.037,0.034,7.33,7.36,7.35,7.38,7.33,12.94,12.9,12.89,12.74,12.93,102.4,102.4,102.5,102.9,102.5,28.8,30.5,,33.7,39.3,-0.0999999999999996,-0.1899999999999995,-0.7999999999999998,-0.0700000000000002,-0.001,0.0,0.001,0.0039999999999999,-0.0300000000000002,-0.0199999999999995,-0.0499999999999998,0.0,0.0499999999999989,0.0599999999999987,0.209999999999999,0.0199999999999995,0.0999999999999943,0.0,-0.4000000000000057,0.0,-2.6999999999999997,,-5.900000000000002,-11.499999999999996,5.516666666666666,5.6,0.0634560215162236,5.738333333333333,6.21,0.2703140709798422,5.770416666666666,6.24,0.2896096198057969,0.0383333333333333,0.039,0.0005163977794944,0.0378333333333333,0.039,0.0007177405625652,0.0361666666666666,0.039,0.0019034674690672,7.349999999999999,7.36,0.0126491106406696,7.361666666666667,7.38,0.015859229221977,7.350833333333334,7.38,0.0251805077592664,12.906666666666666,12.94,0.0196638416050066,12.848333333333334,12.94,0.0695221787153836,12.86875,12.96,0.0779248523174446,102.41666666666669,102.5,0.0408248290463666,102.525,102.9,0.1544785951634626,102.78333333333336,103.6,0.3726131770484965,,,,,,,,,,-1.0,0.9652777777777778,5.8177367e-05,0.00015870217,0.00027374673,0.0022854318,NO SIGNIFICANT RISK,LOW,,-0.0199999999999995,0.0599999999999987,0.0,-0.1899999999999995,False,False,False
2022-09-25 15:00:00+00:00,5.39,0.038,7.34,12.96,102.5,26.7,15,False,2022-09-25 15:00:00+00:00,15,6,9,268,-0.7071067811865471,-0.7071067811865479,-1.0,-1.8369701987210294e-16,5.41,5.46,5.56,6.13,5.49,0.038,0.039,0.038,0.037,0.034,7.33,7.34,7.36,7.37,7.31,12.95,12.92,12.89,12.75,12.93,102.5,102.4,102.4,102.7,102.6,27.8,31.2,,31.9,35.4,-0.0700000000000002,-0.1699999999999999,-0.7400000000000002,-0.1000000000000005,-0.001,0.0,0.001,0.0039999999999999,0.0,-0.0200000000000004,-0.0300000000000002,0.0300000000000002,0.0400000000000009,0.0700000000000002,0.2100000000000008,0.0300000000000011,0.0999999999999943,0.0999999999999943,-0.2000000000000028,-0.0999999999999943,-4.5,,-5.199999999999999,-8.7,5.484999999999999,5.56,0.0609097693313707,5.671666666666667,6.13,0.2404100033213431,5.767499999999999,6.24,0.292994286930502,0.0383333333333333,0.039,0.0005163977794944,0.0379166666666666,0.039,0.0006685579234214,0.0363333333333333,0.039,0.0018804871400937,7.346666666666668,7.36,0.0150554530541784,7.357500000000001,7.38,0.0171225529107622,7.350833333333333,7.38,0.0251805077592664,12.916666666666666,12.95,0.0242212028327816,12.865833333333333,12.95,0.0661208718709157,12.869583333333331,12.96,0.0787113143994728,102.41666666666669,102.5,0.0408248290463839,102.49166666666667,102.7,0.0996204919897441,102.78333333333336,103.6,0.3726131770484965,,,,,,,,,,-1.1000000000000014,0.9604316546762588,5.1785377e-05,0.0002783612,0.00034779013,0.00255921,NO SIGNIFICANT RISK,LOW,,-0.0200000000000004,0.0700000000000002,0.0,-0.1699999999999999,False,False,False
2022-09-25 16:00:00+00:00,5.37,0.038,7.34,12.97,102.5,32.1,15,False,2022-09-25 16:00:00+00:00,16,6,9,268,-0.8660254037844385,-0.5000000000000004,-1.0,-1.8369701987210294e-16,5.39,5.43,5.54,6.02,5.52,0.038,0.038,0.038,0.037,0.034,7.34,7.33,7.36,7.38,7.3,12.96,12.94,12.9,12.77,12.94,102.5,102.4,102.4,102.6,102.7,26.7,28.8,,27.2,35.8,-0.0599999999999996,-0.1699999999999999,-0.6499999999999995,-0.1499999999999994,0.0,0.0,0.001,0.0039999999999999,0.0099999999999997,-0.0200000000000004,-0.04,0.04,0.0300000000000011,0.0700000000000002,0.200000000000001,0.0300000000000011,0.0999999999999943,0.0999999999999943,-0.0999999999999943,-0.2000000000000028,3.3000000000000007,,4.900000000000002,-3.699999999999996,5.456666666666667,5.54,0.0585377371160476,5.61,6.02,0.2043615334734871,5.763333333333333,6.24,0.2977840867454822,0.0383333333333333,0.039,0.0005163977794944,0.038,0.039,0.0006030226891554,0.0365,0.039,0.0018415494421345,7.343333333333333,7.36,0.0136626010212762,7.355,7.38,0.0173205080756893,7.352083333333333,7.38,0.0237704907792002,12.928333333333336,12.96,0.0256255081250449,12.883333333333333,12.96,0.0602016812409982,12.870833333333335,12.96,0.0799411015069522,102.43333333333334,102.5,0.0516397779494297,102.475,102.6,0.0753778361446647,102.77916666666664,103.6,0.3753018109140847,,,,,,,,,,5.400000000000002,1.202247191011236,7.415313e-05,0.00040653086,0.0008532001,0.0025539875,NO SIGNIFICANT RISK,LOW,,-0.0200000000000004,0.0700000000000002,0.0,-0.1699999999999999,False,False,False
2022-09-25 17:00:00+00:00,5.35,0.038,7.35,12.98,102.5,27.4,15,False,2022-09-25 17:00:00+00:00,17,6,9,268,-0.9659258262890684,-0.2588190451025206,-1.0,-1.8369701987210294e-16,5.37,5.41,5.51,5.91,5.54,0.038,0.038,0.039,0.037,0.033,7.34,7.33,7.36,7.38,7.3,12.97,12.95,12.9,12.8,12.95,102.5,102.5,102.4,102.6,102.8,32.1,27.8,30.5,29.2,33.3,-0.0600000000000005,-0.1600000000000001,-0.5600000000000005,-0.1900000000000004,0.0,-0.001,0.001,0.0049999999999999,0.0199999999999995,-0.0100000000000006,-0.0300000000000002,0.0499999999999998,0.0300000000000011,0.08,0.1799999999999997,0.0300000000000011,0.0,0.0999999999999943,-0.0999999999999943,-0.2999999999999971,-0.4000000000000021,-3.1000000000000014,-1.8000000000000007,-5.899999999999999,5.428333333333334,5.51,0.0507608773236586,5.555833333333333,5.91,0.1688710284282753,5.757083333333334,6.24,0.304609217461191,0.0383333333333333,0.039,0.0005163977794944,0.0380833333333333,0.039,0.0005149286505443,0.0366666666666666,0.039,0.0017856107630448,7.34,7.36,0.0109544511500996,7.351666666666667,7.38,0.0158592292219753,7.353749999999999,7.38,0.0212260094756612,12.94,12.97,0.0260768096208117,12.9,12.97,0.0532575218759185,12.872083333333334,12.97,0.0812927702366794,102.45,102.5,0.0547722557505148,102.46666666666664,102.6,0.0651338947281442,102.77083333333331,103.6,0.3793348488291851,29.516666666666666,32.1,2.091331314418293,,,,,,,-4.700000000000003,0.8535825545171338,4.770489e-05,0.0001037392,0.00032147916,0.003205494,NO SIGNIFICANT RISK,LOW,-3.1000000000000014,-0.0100000000000006,0.08,-0.001,-0.1600000000000001,False,False,False
2022-09-25 18:00:00+00:00,5.35,0.038,7.34,12.99,102.6,26.9,15,False,2022-09-25 18:00:00+00:00,18,6,9,268,-1.0,-1.8369701987210294e-16,-1.0,-1.8369701987210294e-16,5.35,5.39,5.46,5.79,5.57,0.038,0.038,0.039,0.038,0.034,7.35,7.34,7.34,7.36,7.32,12.98,12.96,12.92,12.82,12.96,102.5,102.5,102.4,102.5,103.0,27.4,26.7,31.2,33.0,35.9,-0.04,-0.1100000000000003,-0.4400000000000004,-0.2200000000000006,0.0,-0.001,0.0,0.0039999999999999,0.0,0.0,-0.0200000000000004,0.0199999999999995,0.0299999999999993,0.0700000000000002,0.1699999999999999,0.0299999999999993,0.0999999999999943,0.1999999999999886,0.0999999999999943,-0.4000000000000057,0.1999999999999993,-4.300000000000001,-6.100000000000001,-9.0,5.401666666666666,5.46,0.0402077936060606,5.509166666666666,5.79,0.1363457058918648,5.7491666666666665,6.24,0.312853857626663,0.0381666666666666,0.039,0.0004082482904639,0.0381666666666666,0.039,0.0003892494720806,0.036875,0.039,0.001623536129939,7.338333333333334,7.35,0.0075277265270857,7.349166666666666,7.37,0.0131137217055146,7.355833333333333,7.38,0.0179168773159169,12.953333333333337,12.98,0.0216024689946933,12.915,12.98,0.0475776876659286,12.873333333333337,12.98,0.082760348974124,102.46666666666664,102.5,0.0516397779494297,102.45833333333331,102.5,0.0514928650547531,102.75833333333333,103.6,0.3832545602742948,29.0,32.1,2.180825531765408,,,,,,,-0.5,0.9817518248175182,7.641583e-05,3.635643e-05,0.00020028255,0.0040893788,NO SIGNIFICANT RISK,LOW,-4.300000000000001,0.0,0.0700000000000002,-0.001,-0.1100000000000003,False,False,False
2022-09-25 19:00:00+00:00,5.39,0.037,7.33,13.0,102.8,25.5,15,False,2022-09-25 19:00:00+00:00,19,6,9,268,-0.9659258262890684,0.2588190451025203,-1.0,-1.8369701987210294e-16,5.35,5.37,5.43,5.7,5.62,0.038,0.038,0.038,0.038,0.034,7.34,7.34,7.33,7.37,7.34,12.99,12.97,12.94,12.86,12.95,102.6,102.5,102.4,102.5,103.1,26.9,32.1,28.8,31.1,38.6,0.0199999999999995,-0.04,-0.3100000000000005,-0.2300000000000004,-0.001,-0.001,-0.001,0.0029999999999999,-0.0099999999999997,0.0,-0.04,-0.0099999999999997,0.0299999999999993,0.0600000000000005,0.1400000000000005,0.0500000000000007,0.2999999999999971,0.3999999999999915,0.2999999999999971,-0.2999999999999971,-6.600000000000001,-3.3000000000000007,-5.600000000000001,-13.1,5.383333333333333,5.43,0.0326598632371233,5.4725,5.7,0.1107105152269546,5.739999999999999,6.24,0.3214369909180259,0.038,0.038,3.04027088216043e-10,0.0381666666666666,0.039,0.0003892494720806,0.0370416666666666,0.039,0.0015174110293141,7.338333333333334,7.35,0.0075277265270857,7.347499999999999,7.37,0.0128805702866398,7.356666666666666,7.38,0.0165940446799621,12.965000000000002,12.99,0.0187082869338688,12.929166666666667,12.99,0.041660605619774,12.874583333333334,12.99,0.0843377870165,102.5,102.6,0.0632455532033636,102.46666666666664,102.6,0.0651338947281442,102.74166666666666,103.6,0.3809789069440197,28.28333333333333,32.1,2.01337196430926,,,,,,,-1.3999999999999986,0.9479553903345724,5.593131e-05,1.9012485e-05,0.00027226855,0.007442305,NO SIGNIFICANT RISK,LOW,-3.3000000000000007,0.0,0.0600000000000005,-0.001,-0.04,False,False,False
2022-09-25 20:00:00+00:00,5.5,0.036,7.36,13.0,103.2,28.3,15,False,2022-09-25 20:00:00+00:00,20,6,9,268,-0.8660254037844386,0.5000000000000001,-1.0,-1.8369701987210294e-16,5.39,5.35,5.41,5.6,5.7,0.037,0.038,0.038,0.038,0.034,7.33,7.35,7.33,7.35,7.34,13.0,12.98,12.95,12.89,12.96,102.8,102.5,102.5,102.5,103.3,25.5,27.4,27.8,,36.3,0.1500000000000003,0.0899999999999998,-0.0999999999999996,-0.2000000000000001,-0.002,-0.002,-0.002,0.0019999999999999,0.0100000000000006,0.0300000000000002,0.0100000000000006,0.0200000000000004,0.0199999999999995,0.0500000000000007,0.1099999999999994,0.0399999999999991,0.7000000000000028,0.7000000000000028,0.7000000000000028,-0.0999999999999943,0.9000000000000021,0.5,,-7.9999999999999964,5.376666666666666,5.41,0.0242212028327995,5.446666666666666,5.6,0.0862694861606577,5.730416666666666,6.24,0.32852078442178,0.0378333333333333,0.038,0.0004082482904639,0.0380833333333333,0.039,0.0005149286505443,0.0371666666666666,0.039,0.0013726099121799,7.338333333333334,7.35,0.0075277265270857,7.344166666666667,7.36,0.0116450015288114,7.35625,7.38,0.0171470621136809,12.975,13.0,0.0187082869338675,12.940833333333332,13.0,0.0401040313850566,12.876666666666669,13.0,0.0868615423316432,102.56666666666666,102.8,0.1211060141638993,102.49166666666667,102.8,0.116450015288286,102.72916666666669,103.6,0.3735600372755404,27.73333333333333,32.1,2.27742544700513,,,,,,,2.8000000000000007,1.1098039215686275,6.060931e-05,6.438877e-05,0.00087021646,0.010246038,NO SIGNIFICANT RISK,LOW,0.5,0.0300000000000002,0.0500000000000007,-0.002,0.0899999999999998,False,False,False
2022-09-25 21:00:00+00:00,5.72,0.034,7.34,12.96,103.4,34.9,15,False,2022-09-25 21:00:00+00:00,21,6,9,268,-0.7071067811865477,0.7071067811865474,-1.0,-1.8369701987210294e-16,5.5,5.35,5.39,5.56,5.91,0.036,0.038,0.038,0.038,0.034,7.36,7.34,7.34,7.36,7.35,13.0,12.99,12.96,12.89,12.92,103.2,102.6,102.5,102.4,103.6,28.3,26.9,26.7,,39.9,0.3700000000000001,0.33,0.1600000000000001,-0.1900000000000004,-0.0039999999999999,-0.0039999999999999,-0.0039999999999999,0.0,0.0,0.0,-0.0200000000000004,-0.0099999999999997,-0.0299999999999993,0.0,0.0700000000000002,0.0400000000000009,0.8000000000000114,0.9000000000000057,1.0,-0.1999999999999886,8.0,8.2,,-5.0,5.391666666666666,5.5,0.0560059520646476,5.438333333333333,5.56,0.0740802186003694,5.722083333333333,6.24,0.3318456839722565,0.0375,0.038,0.0008366600265341,0.0379166666666666,0.039,0.0007929614610987,0.03725,0.039,0.0012247448713916,7.343333333333333,7.36,0.010327955589882,7.345,7.36,0.0124316312101598,7.357083333333333,7.38,0.0168055805086252,12.983333333333334,13.0,0.0163299316185509,12.95,13.0,0.0400000000000035,12.878333333333336,13.0,0.0888900966101526,102.68333333333334,103.2,0.2786873995477137,102.55,103.2,0.2354878881271588,102.725,103.6,0.3674234614175145,27.816666666666663,32.1,2.289468642865964,,,,,,,6.599999999999998,1.23321554770318,2.928846e-05,8.550144e-05,0.02882873,0.04335463,NO SIGNIFICANT RISK,LOW,8.2,0.0,0.0,-0.0039999999999999,0.33,False,False,False
2022-09-25 22:00:00+00:00,5.93,0.033,7.34,12.93,103.7,37.6,15,False,2022-09-25 22:00:00+00:00,22,6,9,268,-0.5000000000000004,0.8660254037844384,-1.0,-1.8369701987210294e-16,5.72,5.39,5.37,5.54,6.12,0.034,0.037,0.038,0.038,0.035,7.34,7.33,7.34,7.36,7.37,12.96,13.0,12.97,12.9,12.85,103.4,102.8,102.5,102.4,103.5,34.9,25.5,32.1,,38.6,0.54,0.5599999999999996,0.3899999999999997,-0.1900000000000004,-0.0039999999999999,-0.0049999999999999,-0.0049999999999999,-0.002,0.0099999999999997,0.0,-0.0200000000000004,-0.0300000000000002,-0.0700000000000002,-0.0400000000000009,0.0299999999999993,0.08,0.9000000000000057,1.2000000000000028,1.2999999999999972,0.2000000000000028,12.1,5.5,,-1.0,5.446666666666666,5.72,0.1451436070471845,5.451666666666667,5.72,0.1056437696251212,5.714166666666667,6.24,0.3294252790736525,0.0368333333333333,0.038,0.0016020819787597,0.0375833333333333,0.039,0.0013789543689024,0.03725,0.039,0.0012247448713916,7.343333333333334,7.36,0.010327955589882,7.343333333333333,7.36,0.0115470053837906,7.356666666666666,7.38,0.0171100445115845,12.983333333333334,13.0,0.0163299316185509,12.955833333333333,13.0,0.0352802631750001,12.88,13.0,0.0900724346193708,102.83333333333331,103.4,0.3829708431025384,102.63333333333333,103.4,0.3339388439747734,102.71666666666664,103.5,0.3484957322010518,29.183333333333334,34.9,3.5757050586795533,,,,,,,2.700000000000003,1.0773638968481376,3.0190784e-05,9.999294e-05,0.02537525,0.26269296,24h,LOW,5.5,0.0,-0.0400000000000009,-0.0049999999999999,0.5599999999999996,False,False,False
2022-09-25 23:00:00+00:00,6.16,0.032,7.33,12.85,103.7,38.4,15,False,2022-09-25 23:00:00+00:00,23,6,9,268,-0.2588190451025215,0.965925826289068,-1.0,-1.8369701987210294e-16,5.93,5.5,5.35,5.51,6.22,0.033,0.036,0.038,0.039,0.036,7.34,7.36,7.35,7.36,7.37,12.93,13.0,12.98,12.9,12.78,103.7,103.2,102.5,102.4,103.3,37.6,28.3,27.4,30.5,37.4,0.6600000000000001,0.8100000000000005,0.6500000000000004,-0.0599999999999996,-0.0039999999999999,-0.0059999999999999,-0.0069999999999999,-0.0039999999999999,-0.0300000000000002,-0.0199999999999995,-0.0300000000000002,-0.04,-0.1500000000000003,-0.1300000000000007,-0.0500000000000007,0.0700000000000002,0.5,1.2000000000000028,1.2999999999999972,0.4000000000000057,10.099999999999998,11.0,7.899999999999999,1.0,5.54,5.93,0.2369810118975793,5.484166666666667,5.93,0.1734913324181984,5.70625,6.24,0.3214344547425685,0.036,0.038,0.0020976176963403,0.0371666666666666,0.039,0.0018989630344112,0.0371666666666666,0.039,0.0014345630047135,7.343333333333333,7.36,0.010327955589882,7.341666666666666,7.36,0.0102985730108861,7.355416666666667,7.38,0.0171892703304343,12.976666666666668,13.0,0.0273252020425569,12.958333333333334,13.0,0.0318614424524663,12.883333333333333,13.0,0.090393664007792,103.03333333333336,103.7,0.4760952285695293,102.74166666666667,103.7,0.4440686542608497,102.72499999999998,103.7,0.3697825447946554,30.1,37.6,4.923819655511349,29.808333333333334,37.6,3.619507332957607,,,,0.7999999999999972,1.0212765957446808,3.2391425e-05,0.00016342232,0.12915134,0.20346373,24h,LOW,11.0,-0.0199999999999995,-0.1300000000000007,-0.0059999999999999,0.8100000000000005,False,False,False
2022-09-26 00:00:00+00:00,6.33,0.032,7.32,12.78,103.5,42.7,15,False,2022-09-26 00:00:00+00:00,0,0,9,269,0.0,1.0,-1.0,-1.8369701987210294e-16,6.16,5.72,5.35,5.46,6.24,0.032,0.034,0.038,0.039,0.036,7.33,7.34,7.34,7.34,7.37,12.85,12.96,12.99,12.92,12.75,103.7,103.4,102.6,102.4,103.1,38.4,34.9,26.9,31.2,37.5,0.6100000000000003,0.9800000000000004,0.8700000000000001,0.0899999999999998,-0.002,-0.0059999999999999,-0.0069999999999999,-0.0039999999999999,-0.0199999999999995,-0.0199999999999995,-0.0199999999999995,-0.0499999999999998,-0.1800000000000015,-0.2100000000000008,-0.1400000000000005,0.0299999999999993,0.0999999999999943,0.9000000000000057,1.0999999999999943,0.4000000000000057,7.800000000000004,15.800000000000004,11.500000000000004,5.200000000000003,5.675,6.16,0.3224127789030707,5.538333333333333,6.16,0.2614586125194676,5.703749999999999,6.24,0.3174738948528581,0.035,0.038,0.0023664319132398,0.0365833333333333,0.039,0.0023143164446679,0.037,0.039,0.0017693034738587,7.34,7.36,0.0109544511500997,7.339166666666666,7.36,0.0090033663737814,7.353750000000001,7.38,0.017646898976258,12.954999999999998,13.0,0.0582237065120372,12.954166666666667,13.0,0.0418782506653299,12.88625,13.0,0.0880124744122893,103.23333333333332,103.7,0.458984386081567,102.85,103.7,0.5072205903478434,102.74166666666667,103.7,0.4042348291543904,31.933333333333334,38.4,5.703566135907131,30.466666666666665,38.4,4.392624672693086,,,,4.300000000000004,1.1119791666666667,5.2612573e-05,0.00030430793,0.089122616,0.20643619,24h,LOW,15.800000000000004,-0.0199999999999995,-0.2100000000000008,-0.0059999999999999,0.9800000000000004,False,False,False
2022-09-26 01:00:00+00:00,6.4,0.033,7.35,12.72,103.3,41.8,15,False,2022-09-26 01:00:00+00:00,1,0,9,269,0.2588190451025207,0.9659258262890684,-1.0,-1.8369701987210294e-16,6.33,5.93,5.39,5.43,6.22,0.032,0.033,0.037,0.038,0.036,7.32,7.34,7.33,7.33,7.38,12.78,12.93,13.0,12.94,12.75,103.5,103.7,102.8,102.4,103.0,42.7,37.6,25.5,28.8,47.8,0.4700000000000006,1.010000000000001,0.9700000000000006,0.1800000000000006,0.0,-0.0039999999999999,-0.0049999999999999,-0.0029999999999999,0.0099999999999997,0.0199999999999995,0.0199999999999995,-0.0300000000000002,-0.209999999999999,-0.2799999999999993,-0.2199999999999988,-0.0299999999999993,-0.4000000000000057,0.5,0.8999999999999915,0.2999999999999971,4.199999999999996,16.299999999999997,12.999999999999996,-6.0,5.838333333333334,6.33,0.3696169188046816,5.610833333333333,6.33,0.3450285451519851,5.7075,6.33,0.324536458727642,0.034,0.037,0.0020976176963402,0.036,0.038,0.0025226248955475,0.0368333333333333,0.039,0.0020359095108162,7.336666666666667,7.36,0.0136626010212768,7.337499999999999,7.36,0.010552897060218,7.351666666666667,7.38,0.0185722248595011,12.92,13.0,0.088317608663277,12.9425,13.0,0.0652442961631019,12.8875,13.0,0.0861873591054117,103.38333333333333,103.7,0.3430257521916853,102.94166666666668,103.7,0.5177895910562139,102.75833333333334,103.7,0.4272425913741383,34.56666666666666,42.7,6.5058947629566415,31.425,42.7,5.643520016959157,,,,-0.9000000000000057,0.9789227166276344,8.607646e-05,0.00020181786,0.014005002,0.27725002,24h,LOW,16.299999999999997,0.0199999999999995,-0.2799999999999993,-0.0039999999999999,1.010000000000001,False,False,False
2022-09-26 02:00:00+00:00,6.43,0.034,7.33,12.68,103.0,37.6,15,False,2022-09-26 02:00:00+00:00,2,0,9,269,0.4999999999999999,0.8660254037844387,-1.0,-1.8369701987210294e-16,6.4,6.16,5.5,5.41,6.21,0.033,0.032,0.036,0.038,0.037,7.35,7.33,7.36,7.33,7.38,12.72,12.85,13.0,12.95,12.74,103.3,103.7,103.2,102.5,102.9,41.8,38.4,28.3,27.8,33.7,0.2699999999999996,0.9299999999999996,1.0199999999999996,0.2199999999999997,0.002,-0.0019999999999999,-0.0039999999999999,-0.0029999999999999,0.0,-0.0300000000000002,0.0,-0.0499999999999998,-0.1699999999999999,-0.3200000000000003,-0.2699999999999996,-0.0600000000000005,-0.7000000000000028,-0.2000000000000028,0.5,0.0999999999999943,-0.7999999999999972,9.3,9.8,3.899999999999999,6.006666666666667,6.4,0.3542692008440277,5.691666666666666,6.4,0.4068913934462166,5.715,6.4,0.3386674654789168,0.0333333333333333,0.036,0.0015055453054181,0.0355833333333333,0.038,0.0025746432527221,0.0367083333333333,0.039,0.0021765382699552,7.34,7.36,0.0141421356237281,7.339166666666666,7.36,0.0108362466945051,7.350416666666667,7.38,0.0175645806313048,12.873333333333331,13.0,0.1091176734844827,12.924166666666666,13.0,0.0915977702520749,12.88625,13.0,0.088455958090674,103.46666666666668,103.7,0.2065591117977436,103.01666666666668,103.7,0.4969604581551812,102.77083333333331,103.7,0.4388514323893413,37.28333333333333,42.7,5.243440346439223,32.50833333333333,42.7,6.303023564973126,,,,-4.199999999999996,0.8995215311004786,8.666403e-05,0.000354036,0.008906428,0.20400101,24h,LOW,9.3,-0.0300000000000002,-0.3200000000000003,-0.0019999999999999,0.9299999999999996,False,False,False
2022-09-26 03:00:00+00:00,6.36,0.034,7.34,12.67,102.8,36.3,15,False,2022-09-26 03:00:00+00:00,3,0,9,269,0.7071067811865476,0.7071067811865476,-1.0,-1.8369701987210294e-16,6.43,6.33,5.72,5.39,6.13,0.034,0.032,0.034,0.038,0.037,7.33,7.32,7.34,7.34,7.37,12.68,12.78,12.96,12.96,12.75,103.0,103.5,103.4,102.5,102.7,37.6,42.7,34.9,26.7,31.9,0.0300000000000002,0.6400000000000006,0.9700000000000006,0.2300000000000004,0.002,0.0,-0.0039999999999999,-0.0029999999999999,0.0199999999999995,0.0,0.0,-0.0300000000000002,-0.1099999999999994,-0.2900000000000009,-0.2900000000000009,-0.08,-0.7000000000000028,-0.6000000000000085,0.2999999999999971,0.0999999999999943,-6.400000000000006,1.3999999999999986,9.599999999999998,4.399999999999999,6.161666666666666,6.43,0.2849151920601385,5.776666666666667,6.43,0.4472406985329482,5.724166666666668,6.43,0.3552208947373047,0.033,0.034,0.0008944271909998,0.03525,0.038,0.0024908925016036,0.0365833333333333,0.039,0.0022441550490235,7.335000000000001,7.35,0.0104880884816981,7.339166666666666,7.36,0.0108362466945051,7.348333333333334,7.38,0.016854019432007,12.82,12.96,0.11296016997154,12.901666666666667,13.0,0.1148780644725972,12.88375,13.0,0.0934745954791994,103.43333333333334,103.7,0.2658320271650355,103.05833333333334,103.7,0.4699290726625126,102.775,103.7,0.4406023544905775,38.833333333333336,42.7,2.9138748543248525,33.325,42.7,6.272323768313136,,,,-1.3000000000000045,0.9654255319148936,0.000104711195,0.00023820513,0.0006569633,0.07564795,NO SIGNIFICANT RISK,LOW,1.3999999999999986,0.0,-0.2900000000000009,0.0,0.6400000000000006,False,False,False
2022-09-26 04:00:00+00:00,6.22,0.035,7.34,12.69,102.5,33.2,15,False,2022-09-26 04:00:00+00:00,4,0,9,269,0.8660254037844386,0.5000000000000001,-1.0,-1.8369701987210294e-16,6.36,6.4,5.93,5.37,6.02,0.034,0.033,0.033,0.038,0.037,7.34,7.35,7.34,7.34,7.38,12.67,12.72,12.93,12.97,12.77,102.8,103.3,103.7,102.5,102.6,36.3,41.8,37.6,32.1,27.2,-0.1800000000000006,0.29,0.8499999999999996,0.2000000000000001,0.002,0.002,-0.0029999999999999,-0.0019999999999999,-0.0099999999999997,0.0,0.0,-0.04,-0.0300000000000011,-0.2400000000000002,-0.2800000000000011,-0.08,-0.7999999999999972,-1.2000000000000028,0.0,-0.0999999999999943,-8.599999999999994,-4.399999999999999,1.1000000000000014,6.000000000000004,6.2683333333333335,6.43,0.1907266805317631,5.857500000000001,6.43,0.4585178691868319,5.73375,6.43,0.3694627415468368,0.033,0.034,0.0008944271909998,0.0349166666666666,0.038,0.0023532698077098,0.0364583333333333,0.039,0.0023027236551275,7.335,7.35,0.0104880884816981,7.339166666666666,7.36,0.0108362466945051,7.347083333333334,7.38,0.0162799334115356,12.771666666666668,12.93,0.1026482667494461,12.8775,13.0,0.1308798894198266,12.880416666666669,13.0,0.0996724708697207,103.33333333333331,103.7,0.3723797345005081,103.08333333333331,103.7,0.4448356863819569,102.77916666666664,103.7,0.4403350173859262,39.06666666666667,42.7,2.5718994277900302,34.125,42.7,5.954696389481962,,,,-3.0999999999999943,0.9146005509641876,5.7826193e-05,0.000117255186,0.0006997538,0.037131287,NO SIGNIFICANT RISK,LOW,-4.399999999999999,0.0,-0.2400000000000002,0.002,0.29,False,False,False
2022-09-26 05:00:00+00:00,6.09,0.036,7.31,12.71,102.4,23.5,15,False,2022-09-26 05:00:00+00:00,5,0,9,269,0.9659258262890684,0.2588190451025207,-1.0,-1.8369701987210294e-16,6.22,6.43,6.16,5.35,5.91,0.035,0.034,0.032,0.038,0.037,7.34,7.33,7.33,7.35,7.38,12.69,12.68,12.85,12.98,12.8,102.5,103.0,103.7,102.5,102.6,33.2,37.6,38.4,27.4,29.2,-0.3399999999999998,-0.0700000000000002,0.7400000000000002,0.1799999999999997,0.0019999999999999,0.0039999999999999,-0.002,-0.001,-0.0200000000000004,-0.0200000000000004,-0.04,-0.0700000000000002,0.0300000000000011,-0.1399999999999988,-0.2699999999999996,-0.0899999999999998,-0.5999999999999943,-1.2999999999999972,-0.0999999999999943,-0.1999999999999886,-14.1,-14.9,-3.899999999999999,-5.699999999999999,6.316666666666666,6.43,0.1055777754390812,5.928333333333334,6.43,0.4417081169800441,5.742083333333333,6.43,0.3783485759554761,0.0333333333333333,0.035,0.0012110601416389,0.0346666666666666,0.038,0.0021461734799546,0.036375,0.039,0.0023184046238739,7.335000000000001,7.35,0.0104880884816981,7.339166666666667,7.36,0.0108362466945051,7.345416666666666,7.38,0.0147380509202372,12.731666666666667,12.85,0.0702614166286524,12.854166666666666,13.0,0.1376727564872169,12.877083333333331,13.0,0.1047348273401498,103.13333333333333,103.7,0.4501851470969015,103.08333333333331,103.7,0.4448356863819569,102.775,103.7,0.4425715368360499,38.333333333333336,42.7,3.524580353271389,34.21666666666667,42.7,5.929101316746311,,,,-9.700000000000005,0.7078313253012047,7.4811695e-05,0.00012351749,0.0004319198,0.02689574,NO SIGNIFICANT RISK,LOW,-14.9,-0.0200000000000004,-0.1399999999999988,0.0039999999999999,-0.0700000000000002,False,False,False
2022-09-26 06:00:00+00:00,5.99,0.036,7.32,12.75,102.4,33.5,15,False,2022-09-26 06:00:00+00:00,6,0,9,269,1.0,6.123233995736766e-17,-1.0,-1.8369701987210294e-16,6.09,6.36,6.33,5.35,5.79,0.036,0.034,0.032,0.038,0.038,7.31,7.34,7.32,7.34,7.36,12.71,12.67,12.78,12.99,12.82,102.4,102.8,103.5,102.6,102.5,23.5,36.3,42.7,26.9,33.0,-0.3700000000000001,-0.3399999999999998,0.6400000000000006,0.2000000000000001,0.0019999999999999,0.0039999999999999,-0.002,-0.002,-0.0199999999999995,0.0,-0.0199999999999995,-0.04,0.08,-0.0299999999999993,-0.2400000000000002,-0.0700000000000002,-0.3999999999999915,-1.0999999999999943,-0.1999999999999886,-0.0999999999999943,-2.799999999999997,-9.200000000000005,6.600000000000001,0.5,6.305,6.43,0.127867118525438,5.989999999999999,6.43,0.4036425060957628,5.749583333333334,6.43,0.3835699490276864,0.0339999999999999,0.036,0.001414213562373,0.0345,0.038,0.0019306145983268,0.0363333333333333,0.039,0.0023156681196967,7.331666666666666,7.35,0.0147196014438777,7.335833333333333,7.36,0.0131137217055117,7.3425,7.37,0.014521348601881,12.708333333333334,12.78,0.0397072621401281,12.831666666666663,13.0,0.1373008199229553,12.873333333333331,13.0,0.1091336104393884,102.91666666666669,103.5,0.4355073669487623,103.075,103.7,0.4575130400527384,102.76666666666668,103.7,0.4478612621615743,35.85,42.7,7.001928305831186,33.891666666666666,42.7,6.423035013751616,,,,10.0,1.425531914893617,0.00010565138,0.00016659923,0.0017027184,0.06319806,NO SIGNIFICANT RISK,LOW,-9.200000000000005,0.0,-0.0299999999999993,0.0039999999999999,-0.3399999999999998,False,False,False
2022-09-26 07:00:00+00:00,5.91,0.037,7.34,12.76,102.2,27.0,15,False,2022-09-26 07:00:00+00:00,7,0,9,269,0.9659258262890684,-0.2588190451025206,-1.0,-1.8369701987210294e-16,5.99,6.22,6.4,5.39,5.7,0.036,0.035,0.033,0.037,0.038,7.32,7.34,7.35,7.33,7.37,12.75,12.69,12.72,13.0,12.86,102.4,102.5,103.3,102.8,102.5,33.5,33.2,41.8,25.5,31.1,-0.3099999999999996,-0.4900000000000002,0.5200000000000005,0.2099999999999999,0.0019999999999999,0.0039999999999999,0.0,-0.001,0.0,-0.0099999999999997,0.0099999999999997,-0.0300000000000002,0.0700000000000002,0.0399999999999991,-0.2400000000000002,-0.0999999999999996,-0.2999999999999971,-1.0999999999999943,-0.5999999999999943,-0.2999999999999971,-6.200000000000003,-14.799999999999995,1.5,-4.100000000000001,6.248333333333334,6.43,0.1794900182925645,6.043333333333333,6.43,0.3501255186184999,5.757916666666667,6.43,0.3866464418748649,0.0346666666666666,0.036,0.0012110601416389,0.0343333333333333,0.037,0.0016696942198734,0.03625,0.039,0.0022889146849069,7.331666666666666,7.35,0.0147196014438777,7.334166666666666,7.36,0.0137895436890209,7.340833333333333,7.37,0.0147196014438781,12.703333333333331,12.75,0.0294392028877281,12.811666666666667,13.0,0.1293925200404758,12.870416666666666,13.0,0.1115300375475695,102.73333333333336,103.3,0.3669695718538961,103.05833333333334,103.7,0.4795041630938735,102.7625,103.7,0.4509048873003428,34.31666666666666,41.8,6.1583818220914655,34.44166666666667,42.7,6.041140520454659,,,,-6.5,0.8059701492537313,4.4439454e-05,0.00019411708,0.00055296125,0.01541072,NO SIGNIFICANT RISK,LOW,-14.799999999999995,-0.0099999999999997,0.0399999999999991,0.0039999999999999,-0.4900000000000002,False,False,False
2022-09-26 08:00:00+00:00,5.83,0.037,7.35,12.79,102.3,23.1,15,False,2022-09-26 08:00:00+00:00,8,0,9,269,0.8660254037844387,-0.4999999999999998,-1.0,-1.8369701987210294e-16,5.91,6.09,6.43,5.5,5.6,0.037,0.036,0.034,0.036,0.038,7.34,7.31,7.33,7.36,7.35,12.76,12.71,12.68,13.0,12.89,102.2,102.4,103.0,103.2,102.5,27.0,23.5,37.6,28.3,,-0.2599999999999998,-0.5999999999999996,0.33,0.2300000000000004,0.001,0.0029999999999999,0.001,-0.001,0.04,0.0199999999999995,-0.0100000000000006,0.0,0.0799999999999983,0.1099999999999994,-0.2100000000000008,-0.1000000000000014,-0.1000000000000085,-0.7000000000000028,-0.9000000000000057,-0.2000000000000028,-0.3999999999999986,-14.5,-5.199999999999999,,6.166666666666667,6.43,0.2061714496885184,6.086666666666666,6.43,0.2887066247101189,5.766666666666667,6.43,0.3876536628471879,0.0353333333333333,0.037,0.0012110601416389,0.0343333333333333,0.037,0.0016696942198734,0.0362083333333333,0.039,0.002264646371601,7.330000000000001,7.34,0.0126491106406714,7.335,7.36,0.0138169855941518,7.339583333333333,7.36,0.0133446509937456,12.71,12.76,0.0374165738677156,12.791666666666666,13.0,0.1154306823346511,12.86625,13.0,0.1137813501948973,102.55,103.0,0.2949576240749713,103.00833333333333,103.7,0.5367551216394381,102.75,103.7,0.4625073442425433,31.85,37.6,5.489171157834293,34.56666666666667,42.7,5.851858031791512,,,,-3.899999999999999,0.8555555555555556,6.2347004e-05,0.00023521834,0.0010767725,0.009176709,NO SIGNIFICANT RISK,LOW,-14.5,0.0199999999999995,0.1099999999999994,0.0029999999999999,-0.5999999999999996,False,False,False
2022-09-26 09:00:00+00:00,5.77,0.037,7.37,12.81,102.3,24.6,15,False,2022-09-26 09:00:00+00:00,9,0,9,269,0.7071067811865476,-0.7071067811865475,-1.0,-1.8369701987210294e-16,5.83,5.99,6.36,5.72,5.56,0.037,0.036,0.034,0.034,0.038,7.35,7.32,7.34,7.34,7.36,12.79,12.75,12.67,12.96,12.89,102.3,102.4,102.8,103.4,102.4,23.1,33.5,36.3,34.9,,-0.2200000000000006,-0.5900000000000007,0.0499999999999998,0.2099999999999999,0.001,0.0029999999999999,0.0029999999999999,-0.001,0.0499999999999998,0.0300000000000002,0.0300000000000002,0.0099999999999997,0.0600000000000005,0.1400000000000005,-0.1500000000000003,-0.08,-0.1000000000000085,-0.5,-1.1000000000000083,-0.1000000000000085,-8.899999999999999,-11.699999999999996,-10.299999999999995,,6.066666666666666,6.36,0.1982590897453774,6.114166666666666,6.43,0.2392206411485205,5.77625,6.43,0.3861945049481862,0.0358333333333333,0.037,0.00116904519445,0.0344166666666666,0.037,0.0017816403745544,0.0361666666666666,0.039,0.0022393063108077,7.333333333333333,7.35,0.0150554530541796,7.334166666666666,7.35,0.0124011240937174,7.339583333333334,7.36,0.0133446509937456,12.728333333333332,12.79,0.0457893728573025,12.774166666666668,12.96,0.095103611759479,12.862083333333333,13.0,0.1147010923213466,102.43333333333332,102.8,0.2065591117975935,102.93333333333334,103.7,0.5694228870027309,102.74166666666667,103.7,0.4689643229840767,29.433333333333337,36.3,5.6411582734990215,34.13333333333333,42.7,6.513249898662314,,,,1.5,1.0649350649350648,5.2577612e-05,0.00016889462,0.0009753123,0.0118289,NO SIGNIFICANT RISK,LOW,-11.699999999999996,0.0300000000000002,0.1400000000000005,0.0029999999999999,-0.5900000000000007,False,False,False
2022-09-26 10:00:00+00:00,5.71,0.037,7.36,12.82,102.2,19.1,15,False,2022-09-26 10:00:00+00:00,10,0,9,269,0.4999999999999999,-0.8660254037844387,-1.0,-1.8369701987210294e-16,5.77,5.91,6.22,5.93,5.54,0.037,0.037,0.035,0.033,0.038,7.37,7.34,7.34,7.34,7.36,12.81,12.76,12.69,12.93,12.9,102.3,102.2,102.5,103.7,102.4,24.6,27.0,33.2,37.6,,-0.2000000000000001,-0.5099999999999998,-0.2199999999999997,0.1699999999999999,0.0,0.0019999999999999,0.0039999999999999,-0.001,0.0200000000000004,0.0200000000000004,0.0200000000000004,0.0,0.0600000000000005,0.1300000000000007,-0.1099999999999994,-0.08,0.0,-0.2999999999999971,-1.5,-0.2000000000000028,-7.899999999999999,-14.1,-18.5,,5.968333333333334,6.22,0.1676206033477566,6.118333333333332,6.43,0.2320592923188149,5.785,6.43,0.3834511476168723,0.0363333333333333,0.037,0.0008164965809277,0.0346666666666666,0.037,0.0019227505550564,0.036125,0.039,0.00221285768418,7.338333333333334,7.37,0.0213697605664313,7.336666666666667,7.37,0.0161432976992304,7.34,7.37,0.0141421356237291,12.751666666666663,12.81,0.045789372857306,12.761666666666663,12.93,0.0764951969179497,12.85875,13.0,0.1150165394533587,102.35,102.5,0.104880884816728,102.84166666666664,103.7,0.5759708536397624,102.7375,103.7,0.4725623952361567,27.48333333333333,33.5,4.743592169091524,33.275,42.7,7.058859681280004,,,,-5.5,0.7764227642276423,5.295385e-05,0.00029825518,0.0013340076,0.017207898,NO SIGNIFICANT RISK,LOW,-14.1,0.0200000000000004,0.1300000000000007,0.0019999999999999,-0.5099999999999998,False,False,False
2022-09-26 11:00:00+00:00,5.64,0.036,7.36,12.86,102.4,24.7,15,False,2022-09-26 11:00:00+00:00,11,0,9,269,0.258819045102521,-0.9659258262890682,-1.0,-1.8369701987210294e-16,5.71,5.83,6.09,6.16,5.51,0.037,0.037,0.036,0.032,0.039,7.36,7.35,7.31,7.33,7.36,12.82,12.79,12.71,12.85,12.9,102.2,102.3,102.4,103.7,102.4,19.1,23.1,23.5,38.4,30.5,-0.1900000000000004,-0.4500000000000002,-0.5200000000000005,0.1299999999999999,-0.001,0.0,0.0039999999999999,-0.003,0.0100000000000006,0.0500000000000007,0.0300000000000002,0.0,0.0700000000000002,0.1499999999999985,0.0099999999999997,-0.0400000000000009,0.1000000000000085,0.0,-1.2999999999999972,0.0,1.599999999999998,1.1999999999999993,-13.7,-5.800000000000001,5.883333333333333,6.09,0.1417979783588831,6.1000000000000005,6.43,0.255769782848123,5.792083333333334,6.43,0.3802856954250689,0.0366666666666666,0.037,0.0005163977794943,0.035,0.037,0.0019540168418368,0.0360833333333333,0.039,0.0021852602405298,7.341666666666666,7.37,0.0231660671385239,7.338333333333334,7.37,0.0174945879077085,7.34,7.37,0.0141421356237291,12.773333333333332,12.82,0.0413118223595334,12.7525,12.85,0.0591031455861917,12.855416666666663,13.0,0.1149283015307959,102.3,102.4,0.089442719099642,102.71666666666664,103.7,0.5339958006872303,102.72916666666669,103.7,0.4804700295287847,25.133333333333336,33.5,4.836803352077316,31.73333333333333,42.7,7.987528157108843,30.77083333333333,42.7,6.143747558125321,5.599999999999998,1.2931937172774868,6.471212e-05,0.00033663958,0.0013023224,0.061541446,NO SIGNIFICANT RISK,LOW,1.1999999999999993,0.0500000000000007,0.1499999999999985,0.0,-0.4500000000000002,False,False,False
2022-09-26 12:00:00+00:00,5.59,0.035,7.35,12.9,102.5,39.0,15,False,2022-09-26 12:00:00+00:00,12,0,9,269,1.2246467991473532e-16,-1.0,-1.0,-1.8369701987210294e-16,5.64,5.77,5.99,6.33,5.46,0.036,0.037,0.036,0.032,0.039,7.36,7.37,7.32,7.32,7.34,12.86,12.81,12.75,12.78,12.92,102.4,102.3,102.4,103.5,102.4,24.7,24.6,33.5,42.7,31.2,-0.1799999999999997,-0.4000000000000003,-0.7400000000000002,0.1299999999999999,-0.0019999999999999,-0.0009999999999999,0.003,-0.0039999999999999,-0.0200000000000004,0.0299999999999993,0.0299999999999993,0.0099999999999997,0.0899999999999998,0.1500000000000003,0.120000000000001,-0.0199999999999995,0.2000000000000028,0.0999999999999943,-1.0,0.0999999999999943,14.4,5.5,-3.700000000000003,7.800000000000001,5.808333333333334,5.99,0.1290607092288995,6.056666666666668,6.43,0.2868427929699165,5.797499999999999,6.43,0.3770047860381257,0.0366666666666666,0.037,0.0005163977794943,0.0353333333333333,0.037,0.0017232808737106,0.0359583333333333,0.039,0.0020951116327353,7.35,7.37,0.0178885438199956,7.340833333333333,7.37,0.0183195540504134,7.340000000000001,7.37,0.0141421356237291,12.798333333333332,12.86,0.0407021702942969,12.753333333333332,12.86,0.060653012116371,12.85375,13.0,0.1145430429823308,102.3,102.4,0.089442719099642,102.60833333333332,103.5,0.4399552318823776,102.72916666666669,103.7,0.4804700295287847,25.33333333333333,33.5,4.780237093143641,30.59166666666667,42.7,7.926876988315093,30.52916666666667,42.7,6.267686569024975,14.3,1.5789473684210529,9.978424e-05,0.0005520515,0.024485268,0.15852454,24h,LOW,5.5,0.0299999999999993,0.1500000000000003,-0.0009999999999999,-0.4000000000000003,False,False,False
2022-09-26 13:00:00+00:00,5.57,0.034,7.33,12.89,102.4,36.3,15,False,2022-09-26 13:00:00+00:00,13,0,9,269,-0.2588190451025208,-0.9659258262890684,-1.0,-1.8369701987210294e-16,5.59,5.71,5.91,6.4,5.43,0.035,0.037,0.037,0.033,0.038,7.35,7.36,7.34,7.35,7.33,12.9,12.82,12.76,12.72,12.94,102.5,102.2,102.2,103.3,102.4,39.0,19.1,27.0,41.8,28.8,-0.1399999999999996,-0.3399999999999998,-0.8300000000000001,0.1400000000000005,-0.0029999999999999,-0.0029999999999999,0.001,-0.0039999999999999,-0.0300000000000002,-0.0099999999999997,-0.0199999999999995,0.0,0.0700000000000002,0.1300000000000007,0.1699999999999999,-0.0499999999999989,0.2000000000000028,0.2000000000000028,-0.8999999999999915,0.0,17.199999999999996,9.299999999999995,-5.5,7.4999999999999964,5.741666666666667,5.91,0.1194012841918657,5.995000000000001,6.43,0.301887998496725,5.802916666666667,6.43,0.3728559480161412,0.0365,0.037,0.000836660026534,0.0355833333333333,0.037,0.0013789543689024,0.0357916666666666,0.038,0.0019995470501583,7.355,7.37,0.0104880884816962,7.343333333333333,7.37,0.0172328087371061,7.340416666666667,7.37,0.0142886901662334,12.823333333333332,12.9,0.0500666222813786,12.763333333333334,12.9,0.0738959136935654,12.852916666666667,13.0,0.1141120413059656,102.31666666666666,102.5,0.1169045194447362,102.525,103.3,0.3387812380767135,102.73333333333332,103.7,0.4779181908041151,26.25,39.0,6.771927347513389,30.28333333333333,41.8,7.471988092911193,30.854166666666668,42.7,6.501837811537294,-2.700000000000003,0.9307692307692308,5.7259895e-05,0.0019488836,0.059992403,0.22633855,24h,LOW,9.299999999999995,-0.0099999999999997,0.1300000000000007,-0.0029999999999999,-0.3399999999999998,False,False,False
2022-09-26 14:00:00+00:00,5.53,0.034,7.32,12.9,102.4,61.0,15,False,2022-09-26 14:00:00+00:00,14,0,9,269,-0.4999999999999997,-0.8660254037844388,-1.0,-1.8369701987210294e-16,5.57,5.64,5.83,6.43,5.41,0.034,0.036,0.037,0.034,0.038,7.33,7.36,7.35,7.33,7.33,12.89,12.86,12.79,12.68,12.95,102.4,102.4,102.3,103.0,102.5,36.3,24.7,23.1,37.6,27.8,-0.1099999999999994,-0.2999999999999998,-0.8999999999999995,0.1200000000000001,-0.0019999999999999,-0.0029999999999999,0.0,-0.0039999999999999,-0.04,-0.0299999999999993,-0.0099999999999997,-0.0099999999999997,0.0400000000000009,0.1100000000000012,0.2200000000000006,-0.0499999999999989,0.0,0.1000000000000085,-0.5999999999999943,-0.0999999999999943,36.3,37.9,23.4,33.2,5.685,5.83,0.1031018913502562,5.925833333333333,6.43,0.29567975100015,5.80875,6.43,0.367829266868772,0.036,0.037,0.0012649110640673,0.0356666666666666,0.037,0.0012309149097933,0.035625,0.038,0.0019740159904202,7.353333333333333,7.37,0.0136626010212755,7.341666666666668,7.37,0.0174945879077094,7.340416666666666,7.37,0.0142886901662334,12.845,12.9,0.0450555213042731,12.777499999999998,12.9,0.0808056028660533,12.850833333333334,13.0,0.1129030621784691,102.35,102.5,0.1048808848167286,102.45,103.0,0.235487888127188,102.73333333333332,103.7,0.4779181908041151,27.8,39.0,7.941284530855179,29.825000000000003,39.0,6.843593553629067,31.166666666666668,42.7,6.578599472113544,24.700000000000003,1.6804407713498624,0.00011020868,0.08521883,0.40589863,0.5715695,12h,MEDIUM,37.9,-0.0299999999999993,0.1100000000000012,-0.0029999999999999,-0.2999999999999998,False,False,True
2022-09-26 15:00:00+00:00,5.53,0.033,7.31,12.9,102.3,65.0,15,False,2022-09-26 15:00:00+00:00,15,0,9,269,-0.7071067811865471,-0.7071067811865479,-1.0,-1.8369701987210294e-16,5.53,5.59,5.77,6.36,5.39,0.034,0.035,0.037,0.034,0.038,7.32,7.35,7.37,7.34,7.34,12.9,12.9,12.81,12.67,12.96,102.4,102.5,102.3,102.8,102.5,61.0,39.0,24.6,36.3,26.7,-0.0599999999999996,-0.2399999999999993,-0.8300000000000001,0.1400000000000005,-0.002,-0.0039999999999999,-0.001,-0.0049999999999999,-0.04,-0.0600000000000005,-0.0300000000000002,-0.0300000000000002,0.0,0.0899999999999998,0.2300000000000004,-0.0600000000000005,-0.2000000000000028,0.0,-0.5,-0.2000000000000028,26.0,40.4,28.700000000000003,38.3,5.635000000000001,5.77,0.0907193474403342,5.850833333333333,6.36,0.2691217478233805,5.81375,6.43,0.3629566089768871,0.0355,0.037,0.001378404875209,0.0356666666666666,0.037,0.0012309149097933,0.0354583333333333,0.038,0.0019332146390351,7.348333333333333,7.37,0.0194079021706769,7.340833333333333,7.37,0.0183195540504134,7.340000000000001,7.37,0.0147441956154879,12.863333333333337,12.9,0.0403319558993442,12.795833333333333,12.9,0.0816264588713718,12.84875,13.0,0.1114455413897392,102.36666666666667,102.5,0.1032795558985779,102.4,102.8,0.159544807043661,102.72916666666669,103.7,0.4804700295287847,34.11666666666667,61.0,15.205711646176464,31.775,61.0,11.204635810072729,32.55,61.0,8.915448243992236,4.0,1.0655737704918034,0.00015147998,0.4048598,0.72347903,0.5649293,6h,HIGH,40.4,-0.0600000000000005,0.0899999999999998,-0.0039999999999999,-0.2399999999999993,False,False,True
2022-09-26 16:00:00+00:00,5.67,0.032,7.28,12.84,102.3,83.7,15,False,2022-09-26 16:00:00+00:00,16,0,9,269,-0.8660254037844385,-0.5000000000000004,-1.0,-1.8369701987210294e-16,5.53,5.57,5.71,6.22,5.37,0.033,0.034,0.037,0.035,0.038,7.31,7.33,7.36,7.34,7.34,12.9,12.89,12.82,12.69,12.97,102.3,102.4,102.2,102.5,102.5,65.0,36.3,19.1,33.2,32.1,0.0999999999999996,-0.04,-0.5499999999999998,0.2999999999999998,-0.002,-0.0049999999999999,-0.003,-0.0059999999999999,-0.0499999999999998,-0.08,-0.0599999999999996,-0.0599999999999996,-0.0500000000000007,0.0199999999999995,0.1500000000000003,-0.1300000000000007,-0.1000000000000085,0.0999999999999943,-0.2000000000000028,-0.2000000000000028,47.400000000000006,64.6,50.5,51.6,5.595,5.71,0.0697853852894727,5.781666666666666,6.22,0.2302107071727252,5.819583333333333,6.43,0.3569250215584412,0.0348333333333333,0.037,0.0014719601443879,0.0355833333333333,0.037,0.0013789543689024,0.03525,0.038,0.0019167454300136,7.338333333333334,7.36,0.0213697605664312,7.338333333333334,7.37,0.0203752672412278,7.33875,7.37,0.0159653156670256,12.878333333333332,12.9,0.0325064096243618,12.815,12.9,0.0762173924317277,12.84625,13.0,0.1094973694343538,102.36666666666667,102.5,0.1032795558985779,102.35833333333332,102.5,0.099620491989814,102.72083333333336,103.7,0.4863163817808673,40.85,65.0,18.693608533399857,34.166666666666664,65.0,14.757945985026849,34.145833333333336,65.0,11.005570888405112,18.700000000000003,1.2876923076923077,0.00038151263,0.7503974,0.88950086,0.78486115,6h,HIGH,64.6,-0.08,0.0199999999999995,-0.0049999999999999,-0.04,False,False,True
2022-09-26 17:00:00+00:00,6.11,0.03,7.27,12.7,102.4,156.4,15,False,2022-09-26 17:00:00+00:00,17,0,9,269,-0.9659258262890684,-0.2588190451025206,-1.0,-1.8369701987210294e-16,5.67,5.53,5.64,6.09,5.35,0.032,0.034,0.036,0.036,0.038,7.28,7.32,7.36,7.31,7.35,12.84,12.9,12.86,12.71,12.98,102.3,102.4,102.4,102.4,102.5,83.7,61.0,24.7,23.5,27.4,0.5800000000000001,0.4700000000000006,0.0200000000000004,0.7600000000000007,-0.004,-0.0059999999999999,-0.0059999999999999,-0.008,-0.0500000000000007,-0.0900000000000007,-0.04,-0.08,-0.200000000000001,-0.1600000000000001,-0.0100000000000015,-0.2800000000000011,0.0,0.0,0.0,-0.0999999999999943,95.4,131.70000000000002,132.9,129.0,5.588333333333334,5.67,0.0574166061925192,5.735833333333333,6.09,0.1853967898777284,5.832083333333333,6.43,0.3455679530062482,0.034,0.036,0.001414213562373,0.0353333333333333,0.037,0.0017232808737106,0.035,0.038,0.0019336831267771,7.325,7.36,0.0288097205817751,7.333333333333333,7.37,0.0264001836540881,7.33625,7.37,0.0199591975093523,12.881666666666668,12.9,0.0256255081250467,12.8275,12.9,0.0653834841531186,12.840833333333334,13.0,0.1062775965866359,102.38333333333333,102.5,0.0752772652705222,102.34166666666664,102.5,0.0900336637381225,102.7125,103.7,0.4919460026926183,51.61666666666667,83.7,21.976297838049675,38.375,83.7,20.52905369116038,36.29583333333333,83.7,14.929267408761854,72.7,1.8685782556750297,0.13729285,0.9924474,0.9710534,0.8986688,6h,HIGH,131.70000000000002,-0.0900000000000007,-0.1600000000000001,-0.0059999999999999,0.4700000000000006,False,False,True
2022-09-26 18:00:00+00:00,6.51,0.029,7.25,12.6,102.5,139.7,15,False,2022-09-26 18:00:00+00:00,18,0,9,269,-1.0,-1.8369701987210294e-16,-1.0,-1.8369701987210294e-16,6.11,5.53,5.59,5.99,5.35,0.03,0.033,0.035,0.036,0.038,7.27,7.31,7.35,7.32,7.34,12.7,12.9,12.9,12.75,12.99,102.4,102.3,102.5,102.4,102.6,156.4,65.0,39.0,33.5,26.9,0.9799999999999996,0.92,0.5199999999999996,1.16,-0.004,-0.006,-0.0069999999999999,-0.0089999999999999,-0.0599999999999996,-0.0999999999999996,-0.0700000000000002,-0.0899999999999998,-0.3000000000000007,-0.3000000000000007,-0.1500000000000003,-0.3900000000000005,0.2000000000000028,0.0,0.0999999999999943,-0.0999999999999943,74.69999999999999,100.7,106.2,112.79999999999998,5.666666666666667,6.11,0.2232188761432752,5.7375,6.11,0.1889263925929322,5.86375,6.43,0.334102464106059,0.033,0.035,0.0017888543819998,0.0348333333333333,0.037,0.0022896340848319,0.0346666666666666,0.038,0.0020781820371926,7.31,7.35,0.0303315017762063,7.329999999999999,7.37,0.0316227766016815,7.332916666666667,7.37,0.0238617697996389,12.855000000000002,12.9,0.0794355084329422,12.826666666666666,12.9,0.0670594489760453,12.829166666666666,13.0,0.105703303665481,102.38333333333333,102.5,0.0752772652705222,102.34166666666664,102.5,0.0900336637381225,102.70833333333331,103.7,0.4942422101752019,73.56666666666668,156.4,44.22445778827217,49.45,156.4,39.16472206649058,41.67083333333333,156.4,28.573938858408344,-16.700000000000017,0.8932225063938618,0.06433937,0.99361694,0.95288295,0.8873547,6h,HIGH,100.7,-0.0999999999999996,-0.3000000000000007,-0.006,0.92,False,False,True
2022-09-26 19:00:00+00:00,6.96,0.029,7.28,12.47,102.6,295.9,15,False,2022-09-26 19:00:00+00:00,19,0,9,269,-0.9659258262890684,0.2588190451025203,-1.0,-1.8369701987210294e-16,6.51,5.67,5.57,5.91,5.39,0.029,0.032,0.034,0.037,0.037,7.25,7.28,7.33,7.34,7.33,12.6,12.84,12.89,12.76,13.0,102.5,102.3,102.4,102.2,102.8,139.7,83.7,36.3,27.0,25.5,1.29,1.3899999999999997,1.0499999999999998,1.5700000000000005,-0.0029999999999999,-0.005,-0.0079999999999999,-0.0079999999999999,0.0,-0.0499999999999998,-0.0599999999999996,-0.0499999999999998,-0.3699999999999992,-0.4199999999999999,-0.2899999999999991,-0.5299999999999994,0.2999999999999971,0.1999999999999886,0.3999999999999915,-0.2000000000000028,212.2,259.6,268.9,270.4,5.82,6.51,0.4033360881448621,5.780833333333334,6.51,0.2865296536560203,5.9120833333333325,6.51,0.3403959225049157,0.032,0.034,0.0020976176963402,0.0342499999999999,0.037,0.0028001623329566,0.0342916666666666,0.037,0.0022550265913146,7.293333333333333,7.33,0.0314112506383736,7.324166666666667,7.37,0.0391868097783662,7.329166666666667,7.37,0.0291796037560873,12.805,12.9,0.126134848475747,12.814166666666669,12.9,0.0919939062540549,12.812916666666666,13.0,0.1098013687515316,102.38333333333333,102.5,0.0752772652705222,102.35,102.5,0.1000000000002477,102.70416666666668,103.7,0.4956148282396744,90.35,156.4,47.471454580621405,58.3,156.4,46.53778523463976,46.37083333333334,156.4,34.666228136161656,156.2,2.118110236220472,0.6959003,0.9959623,0.96243453,0.92885864,1h,HIGH,259.6,-0.0499999999999998,-0.4199999999999999,-0.005,1.3899999999999997,False,False,True
2022-09-26 20:00:00+00:00,7.36,0.029,7.31,12.36,102.7,435.0,15,True,2022-09-26 20:00:00+00:00,20,0,9,269,-0.8660254037844386,0.5000000000000001,-1.0,-1.8369701987210294e-16,6.96,6.11,5.53,5.83,5.5,0.029,0.03,0.034,0.037,0.036,7.28,7.27,7.32,7.35,7.36,12.47,12.7,12.9,12.79,13.0,102.6,102.4,102.4,102.3,103.2,295.9,156.4,61.0,23.1,28.3,1.25,1.83,1.5300000000000002,1.8600000000000003,-0.0009999999999999,-0.005,-0.0079999999999999,-0.0069999999999999,0.04,-0.0100000000000006,-0.04,-0.0500000000000007,-0.3399999999999998,-0.5400000000000009,-0.4299999999999997,-0.6400000000000006,0.2999999999999971,0.2999999999999971,0.4000000000000057,-0.5,278.6,374.0,411.9,406.7,6.051666666666667,6.96,0.5879597491892338,5.868333333333333,6.96,0.4456829964597361,5.9775,6.96,0.3837939891230169,0.0311666666666666,0.034,0.0021369760566432,0.0335833333333333,0.037,0.0030289011909011,0.0339583333333333,0.037,0.0024223446540879,7.285,7.32,0.0258843582110912,7.319166666666667,7.37,0.0407784108061918,7.327083333333333,7.37,0.0308543798126478,12.735,12.9,0.1761533422901731,12.79,12.9,0.1353782579562668,12.790833333333332,13.0,0.1230382290066828,102.41666666666669,102.6,0.1169045194447593,102.38333333333333,102.6,0.1114640858047777,102.69583333333333,103.7,0.4956148282396741,133.61666666666667,295.9,88.73000432022229,80.70833333333333,295.9,81.61544482102228,57.6375,295.9,61.298590752650014,139.10000000000002,1.47009124704292,0.97609794,0.99591535,0.9684788,0.97681296,1h,HIGH,374.0,-0.0100000000000006,-0.5400000000000009,-0.005,1.83,True,True,True
2022-09-26 21:00:00+00:00,7.45,0.031,7.36,12.31,102.5,598.6,15,True,2022-09-26 21:00:00+00:00,21,0,9,269,-0.7071067811865477,0.7071067811865474,-1.0,-1.8369701987210294e-16,7.36,6.51,5.53,5.77,5.72,0.029,0.029,0.033,0.037,0.034,7.31,7.25,7.31,7.37,7.34,12.36,12.6,12.9,12.81,12.96,102.7,102.5,102.3,102.3,103.4,435.0,139.7,65.0,24.6,34.9,0.9400000000000004,1.92,1.6800000000000006,1.7300000000000004,0.0019999999999999,-0.002,-0.0059999999999999,-0.003,0.1100000000000003,0.0500000000000007,-0.0099999999999997,0.0200000000000004,-0.2899999999999991,-0.5899999999999999,-0.5,-0.6500000000000004,0.0,0.2000000000000028,0.2000000000000028,-0.9000000000000057,458.9,533.6,574.0,563.7,6.3566666666666665,7.36,0.7224864473930753,5.995833333333334,7.36,0.6189060485806323,6.055,7.36,0.4628362467486208,0.0303333333333333,0.033,0.0017511900715418,0.0329166666666666,0.037,0.0030883456393154,0.0336666666666666,0.037,0.0025819888974715,7.283333333333334,7.31,0.023380903889002,7.315833333333334,7.37,0.0396480730549344,7.325,7.37,0.030216609311119,12.645,12.9,0.2097379317147902,12.754166666666665,12.9,0.1836725511899004,12.764166666666666,12.96,0.1434032522421389,102.46666666666668,102.7,0.163299316185382,102.41666666666669,102.7,0.1403458930536445,102.675,103.7,0.4838702664791822,195.95,435.0,142.55604862649636,115.03333333333336,435.0,128.3947346225221,74.58333333333333,435.0,98.0400967956996,163.60000000000002,1.3760919540229886,0.9924481,0.9942002,0.97834057,0.9743619,1h,HIGH,533.6,0.0500000000000007,-0.5899999999999999,-0.002,1.92,True,True,True
2022-09-26 22:00:00+00:00,7.38,0.035,7.48,12.27,102.0,963.7,15,True,2022-09-26 22:00:00+00:00,22,0,9,269,-0.5000000000000004,0.8660254037844384,-1.0,-1.8369701987210294e-16,7.45,6.96,5.67,5.71,5.93,0.031,0.029,0.032,0.037,0.033,7.36,7.28,7.28,7.36,7.34,12.31,12.47,12.84,12.82,12.93,102.5,102.6,102.3,102.2,103.7,598.6,295.9,83.7,19.1,37.6,0.4199999999999999,1.71,1.67,1.4500000000000002,0.006,0.003,-0.0019999999999999,0.002,0.2000000000000001,0.2000000000000001,0.1200000000000001,0.1400000000000005,-0.200000000000001,-0.5700000000000003,-0.5500000000000007,-0.6600000000000001,-0.5999999999999943,-0.2999999999999971,-0.2000000000000028,-1.7000000000000028,667.8000000000001,880.0,944.6,926.1,6.676666666666667,7.45,0.7081713540285766,6.135833333333334,7.45,0.7411227150667241,6.127083333333332,7.45,0.537146074915478,0.03,0.032,0.0012649110640673,0.0324166666666666,0.037,0.0028431203515386,0.0335416666666666,0.037,0.0026371784438917,7.291666666666667,7.36,0.0386867763798786,7.315,7.36,0.0384943915631601,7.325833333333333,7.37,0.0309159683893164,12.546666666666669,12.84,0.2045156880698,12.7125,12.9,0.2224706313610448,12.737083333333333,12.93,0.1646202260980676,102.5,102.7,0.1414213562371274,102.43333333333334,102.7,0.1370688833686754,102.6375,103.7,0.4595011472758802,284.8833333333333,598.6,199.56724597655463,162.86666666666667,598.6,185.7514190981315,98.07083333333333,598.6,144.59111608757047,365.1,1.6099231540260608,0.9997167,0.99822885,0.9925237,0.9635838,1h,HIGH,880.0,0.2000000000000001,-0.5700000000000003,0.003,1.71,True,True,True
2022-09-26 23:00:00+00:00,7.25,0.038,7.57,12.3,101.9,1081.2,15,True,2022-09-26 23:00:00+00:00,23,0,9,269,-0.2588190451025215,0.965925826289068,-1.0,-1.8369701987210294e-16,7.38,7.36,6.11,5.64,6.16,0.035,0.029,0.03,0.036,0.032,7.48,7.31,7.27,7.36,7.33,12.27,12.36,12.7,12.86,12.85,102.0,102.7,102.4,102.4,103.7,963.7,435.0,156.4,24.7,38.4,-0.1100000000000003,1.1399999999999997,1.6100000000000003,1.09,0.0089999999999999,0.008,0.002,0.0059999999999999,0.2600000000000007,0.3000000000000007,0.2099999999999999,0.2400000000000002,-0.0599999999999987,-0.3999999999999986,-0.5599999999999987,-0.5499999999999989,-0.7999999999999972,-0.5,-0.5,-1.7999999999999972,646.2,924.8,1056.5,1042.8,6.961666666666666,7.45,0.5479933089615858,6.275,7.45,0.8076959373877771,6.1875,7.45,0.5926891552767031,0.0305,0.035,0.0023452078799117,0.03225,0.036,0.0025980762113533,0.0336249999999999,0.037,0.0026508817236993,7.324999999999999,7.48,0.0850294066779253,7.325,7.48,0.0605279800062431,7.331666666666667,7.48,0.0441013325902045,12.451666666666666,12.7,0.1705774506394763,12.666666666666666,12.9,0.2528863680618526,12.709583333333333,12.9,0.1848731449133268,102.45,102.7,0.2428991560297092,102.41666666666669,102.7,0.1749458790772623,102.56666666666668,103.7,0.417723297917662,431.55,963.7,313.1728260880883,241.58333333333331,963.7,290.1173581762241,136.65833333333333,963.7,227.5362215152772,117.5,1.1219259105530768,0.99957615,0.99810153,0.99486345,0.9844019,1h,HIGH,924.8,0.3000000000000007,-0.3999999999999986,0.008,1.1399999999999997,True,True,True
2022-09-27 00:00:00+00:00,7.05,0.043,7.69,12.33,101.7,1259.7,15,True,2022-09-27 00:00:00+00:00,0,1,9,270,0.0,1.0,-1.0,-1.8369701987210294e-16,7.25,7.45,6.51,5.59,6.33,0.038,0.031,0.029,0.035,0.032,7.57,7.36,7.25,7.35,7.32,12.3,12.31,12.6,12.9,12.78,101.9,102.5,102.5,102.5,103.5,1081.2,598.6,139.7,39.0,42.7,-0.4000000000000003,0.54,1.46,0.7199999999999998,0.0119999999999999,0.0139999999999999,0.0079999999999999,0.0109999999999999,0.33,0.4400000000000004,0.3400000000000007,0.3700000000000001,0.0199999999999995,-0.2699999999999996,-0.5700000000000003,-0.4499999999999993,-0.7999999999999972,-0.7999999999999972,-0.7999999999999972,-1.7999999999999972,661.1,1120.0,1220.7,1217.0,7.151666666666666,7.45,0.3585201063631837,6.409166666666667,7.45,0.8261351235870763,6.232916666666667,7.45,0.6310135336980882,0.0318333333333333,0.038,0.0038166302763912,0.0324166666666666,0.038,0.0029063670960444,0.033875,0.038,0.0027711636231169,7.375,7.57,0.1250199984002556,7.3425,7.57,0.0931396800509855,7.341666666666666,7.57,0.0656516940187852,12.385,12.6,0.1266096362841145,12.62,12.9,0.2653299832284305,12.686666666666667,12.9,0.2001665972800294,102.36666666666667,102.7,0.3326659986632324,102.375,102.7,0.2301185465246066,102.49166666666666,103.5,0.3634576306467877,585.6833333333333,1081.2,372.6073505268873,329.625,1081.2,368.13419520851113,180.10833333333335,1081.2,296.938541315944,178.5,1.1650943396226414,0.99959296,0.9991053,0.9977787,0.9945056,1h,HIGH,1120.0,0.4400000000000004,-0.2699999999999996,0.0139999999999999,0.54,True,True,True
2022-09-27 01:00:00+00:00,6.9,0.044,7.7,12.36,101.6,1229.2,15,True,2022-09-27 01:00:00+00:00,1,1,9,270,0.2588190451025207,0.9659258262890684,-1.0,-1.8369701987210294e-16,7.05,7.38,6.96,5.57,6.4,0.043,0.035,0.029,0.034,0.033,7.69,7.48,7.28,7.33,7.35,12.33,12.27,12.47,12.89,12.72,101.7,102.0,102.6,102.4,103.3,1259.7,963.7,295.9,36.3,41.8,-0.4799999999999995,-0.0599999999999996,1.33,0.5,0.0089999999999999,0.0149999999999999,0.0099999999999999,0.0109999999999999,0.2199999999999997,0.4199999999999999,0.3700000000000001,0.3500000000000005,0.0899999999999998,-0.1100000000000012,-0.5300000000000011,-0.3600000000000012,-0.4000000000000057,-1.0,-0.8000000000000114,-1.7000000000000028,265.5,933.3,1192.9,1187.4,7.241666666666667,7.45,0.1963075817860043,6.530833333333333,7.45,0.8016739116411677,6.2629166666666665,7.45,0.6525766932550638,0.0341666666666666,0.043,0.0056005952064639,0.0330833333333333,0.043,0.0041878250665326,0.0343333333333333,0.043,0.0033056824154603,7.448333333333334,7.69,0.1609244128983121,7.370833333333334,7.69,0.1370108378814241,7.357083333333333,7.69,0.0965256968114063,12.340000000000002,12.47,0.0704272674466033,12.5725,12.9,0.2616425389377977,12.667916666666663,12.9,0.2117828906064458,102.23333333333336,102.7,0.4179314138307856,102.30833333333334,102.7,0.2968266507679328,102.41666666666669,103.3,0.3305682415460553,772.35,1259.7,384.8407086055216,431.3500000000001,1259.7,441.8094560492628,230.8166666666667,1259.7,367.8901367985056,-30.5,0.9757878860046044,0.99957675,0.999443,0.9982439,0.9960763,1h,HIGH,933.3,0.4199999999999999,-0.1100000000000012,0.0149999999999999,-0.0599999999999996,True,True,True
2022-09-27 02:00:00+00:00,6.67,0.044,7.63,12.41,101.4,1200.7,15,True,2022-09-27 02:00:00+00:00,2,1,9,270,0.4999999999999999,0.8660254037844387,-1.0,-1.8369701987210294e-16,6.9,7.25,7.36,5.53,6.43,0.044,0.038,0.029,0.034,0.034,7.7,7.57,7.31,7.32,7.33,12.36,12.3,12.36,12.9,12.68,101.6,101.9,102.7,102.4,103.0,1229.2,1081.2,435.0,61.0,37.6,-0.5800000000000001,-0.6900000000000004,1.1399999999999997,0.2400000000000002,0.0059999999999999,0.0149999999999999,0.0099999999999999,0.0099999999999999,0.0599999999999996,0.3200000000000003,0.3099999999999996,0.2999999999999998,0.1099999999999994,0.0500000000000007,-0.4900000000000002,-0.2699999999999996,-0.5,-1.2999999999999972,-1.0,-1.5999999999999943,119.5,765.7,1139.7,1163.1,7.231666666666666,7.45,0.2142350733812479,6.641666666666667,7.45,0.7468215477893051,6.28375,7.45,0.6650061294258247,0.0366666666666666,0.044,0.0061535897382476,0.0339166666666666,0.044,0.0052476545987592,0.0347916666666666,0.044,0.0038332545675587,7.518333333333333,7.7,0.1643674744791874,7.401666666666666,7.7,0.1656301099840659,7.371666666666667,7.7,0.119188074493421,12.321666666666667,12.36,0.035449494589653,12.528333333333334,12.9,0.2475271641046602,12.652916666666668,12.9,0.2205029659007174,102.06666666666666,102.7,0.4412104562072338,102.24166666666667,102.7,0.3579190699112083,102.34583333333336,103.0,0.3148210902093249,927.9,1259.7,339.7188131381598,530.7583333333333,1259.7,477.5950613768061,280.2916666666667,1259.7,417.8198008884844,-28.5,0.9768141880898144,0.99954575,0.99948126,0.99887437,0.9971494,1h,HIGH,765.7,0.3200000000000003,0.0500000000000007,0.0149999999999999,-0.6900000000000004,True,True,True
2022-09-27 03:00:00+00:00,6.52,0.043,7.59,12.47,101.5,1181.9,15,True,2022-09-27 03:00:00+00:00,3,1,9,270,0.7071067811865476,0.7071067811865476,-1.0,-1.8369701987210294e-16,6.67,7.05,7.45,5.53,6.36,0.044,0.043,0.031,0.033,0.034,7.63,7.69,7.36,7.31,7.34,12.41,12.33,12.31,12.9,12.67,101.4,101.7,102.5,102.3,102.8,1200.7,1259.7,598.6,65.0,36.3,-0.5300000000000002,-0.9300000000000006,0.9899999999999992,0.1599999999999992,0.0,0.0119999999999999,0.0099999999999999,0.0089999999999999,-0.1000000000000005,0.2299999999999995,0.2800000000000002,0.25,0.1400000000000005,0.1600000000000001,-0.4299999999999997,-0.1999999999999993,-0.2000000000000028,-1.0,-0.7999999999999972,-1.2999999999999972,-77.79999999999995,583.3000000000001,1116.9,1145.6,7.116666666666667,7.45,0.2997109718823593,6.736666666666667,7.45,0.6600183652173859,6.293749999999999,7.45,0.6690929128954815,0.0391666666666666,0.044,0.0054191020166321,0.03475,0.044,0.006001893640571,0.0352083333333333,0.044,0.0042628747869571,7.571666666666666,7.7,0.131972219298859,7.427499999999999,7.7,0.1756093288058383,7.384166666666666,7.7,0.1298801007841854,12.33,12.41,0.0493963561408662,12.487500000000002,12.9,0.2194673303498883,12.641666666666667,12.9,0.2258831299716636,101.85,102.5,0.3834057902535118,102.15833333333336,102.7,0.4273774855459189,102.27916666666668,102.8,0.3387690847076055,1055.5166666666669,1259.7,249.31815350404497,625.7333333333333,1259.7,488.8737898724399,328.75416666666666,1259.7,454.3066097186546,-18.799999999999955,0.9843424668943116,0.999652,0.99962354,0.99940133,0.9985141,1h,HIGH,583.3000000000001,0.2299999999999995,0.1600000000000001,0.0119999999999999,-0.9300000000000006,True,True,True
2022-09-27 04:00:00+00:00,6.4,0.043,7.55,12.51,101.5,1129.4,15,True,2022-09-27 04:00:00+00:00,4,1,9,270,0.8660254037844386,0.5000000000000001,-1.0,-1.8369701987210294e-16,6.52,6.9,7.38,5.67,6.22,0.043,0.044,0.035,0.032,0.035,7.59,7.7,7.48,7.28,7.34,12.47,12.36,12.27,12.84,12.69,101.5,101.6,102.0,102.3,102.5,1181.9,1229.2,963.7,83.7,33.2,-0.5,-0.9799999999999996,0.7300000000000004,0.1800000000000006,-0.001,0.0079999999999999,0.0109999999999999,0.0079999999999999,-0.1500000000000003,0.0699999999999994,0.2699999999999996,0.2099999999999999,0.1500000000000003,0.2400000000000002,-0.33,-0.1799999999999997,-0.0999999999999943,-0.5,-0.7999999999999972,-1.0,-99.79999999999995,165.70000000000005,1045.7,1096.2,6.961666666666666,7.38,0.3316273008463987,6.819166666666667,7.45,0.5478131455379924,6.300416666666667,7.45,0.6705771632586826,0.0411666666666666,0.044,0.0037638632635453,0.0355833333333333,0.044,0.0064167158597091,0.0355833333333333,0.044,0.004538881941113,7.609999999999999,7.7,0.0822192191643741,7.450833333333333,7.7,0.1771726601797026,7.394583333333333,7.7,0.1360619796961686,12.356666666666667,12.47,0.0736659125149638,12.451666666666668,12.84,0.1769865600101884,12.633333333333333,12.9,0.2284668497819184,101.68333333333334,102.0,0.2316606713850791,102.09166666666668,102.7,0.464089202501869,102.225,102.7,0.3553932298540462,1152.7333333333331,1259.7,110.7168761601703,718.8083333333334,1259.7,478.62657954977306,376.4875,1259.7,481.60593968648726,-52.5,0.9555799983078096,0.99964523,0.99971646,0.99959606,0.9990495,1h,HIGH,165.70000000000005,0.0699999999999994,0.2400000000000002,0.0079999999999999,-0.9799999999999996,True,True,True
2022-09-27 05:00:00+00:00,6.28,0.041,7.51,12.56,101.7,994.2,15,True,2022-09-27 05:00:00+00:00,5,1,9,270,0.9659258262890684,0.2588190451025207,-1.0,-1.8369701987210294e-16,6.4,6.67,7.25,6.11,6.09,0.043,0.044,0.038,0.03,0.036,7.55,7.63,7.57,7.27,7.31,12.51,12.41,12.3,12.7,12.71,101.5,101.4,101.9,102.4,102.4,1129.4,1200.7,1081.2,156.4,23.5,-0.3899999999999997,-0.9699999999999998,0.1699999999999999,0.1900000000000004,-0.0029999999999999,0.003,0.011,0.005,-0.1200000000000001,-0.0600000000000005,0.2400000000000002,0.2000000000000001,0.1500000000000003,0.2599999999999998,-0.1399999999999988,-0.1500000000000003,0.2999999999999971,-0.2000000000000028,-0.7000000000000028,-0.7000000000000028,-206.5,-87.0,837.8000000000001,970.7,6.798333333333333,7.25,0.3256634254359357,6.88,7.45,0.438157298446351,6.307916666666667,7.45,0.670645238730499,0.0425,0.044,0.0022583179581271,0.0365,0.044,0.0066400985753909,0.0359166666666666,0.044,0.0047814557240007,7.621666666666667,7.7,0.0627428614797416,7.473333333333333,7.7,0.1705250359295929,7.403333333333333,7.7,0.1391173001046448,12.396666666666668,12.51,0.0818942407417192,12.424166666666666,12.7,0.1307640716108205,12.625833333333333,12.9,0.2294779835355332,101.6,101.9,0.178885438199759,102.02500000000002,102.7,0.4882715339942731,102.18333333333334,102.7,0.3795496950525643,1180.35,1259.7,65.61386286448777,805.9499999999999,1259.7,446.6050024146821,422.1625,1259.7,499.2899504492007,-135.20000000000005,0.8802904196918717,0.9997837,0.9997248,0.9996904,0.9991517,1h,HIGH,-87.0,-0.0600000000000005,0.2599999999999998,0.003,-0.9699999999999998,True,True,True
2022-09-27 06:00:00+00:00,6.11,0.041,7.5,12.64,101.8,940.7,15,True,2022-09-27 06:00:00+00:00,6,1,9,270,1.0,6.123233995736766e-17,-1.0,-1.8369701987210294e-16,6.28,6.52,7.05,6.51,5.99,0.041,0.043,0.043,0.029,0.036,7.51,7.59,7.69,7.25,7.32,12.56,12.47,12.33,12.6,12.75,101.7,101.5,101.7,102.5,102.4,994.2,1181.9,1259.7,139.7,33.5,-0.4099999999999992,-0.9399999999999996,-0.3999999999999994,0.1200000000000001,-0.0019999999999999,-0.0019999999999999,0.012,0.005,-0.0899999999999998,-0.1900000000000004,0.25,0.1799999999999997,0.1699999999999999,0.3100000000000005,0.0400000000000009,-0.1099999999999994,0.2999999999999971,0.0999999999999943,-0.7000000000000028,-0.6000000000000085,-241.20000000000005,-319.0,801.0,907.2,6.636666666666667,7.05,0.2960180174696579,6.894166666666667,7.45,0.413025606367375,6.315833333333334,7.45,0.6690805934861017,0.043,0.044,0.0010954451150102,0.0374166666666666,0.044,0.0064167158597091,0.036125,0.044,0.004892874144233,7.611666666666667,7.7,0.0760043858383587,7.493333333333333,7.7,0.1581330471661816,7.411666666666666,7.7,0.1392734771924482,12.44,12.56,0.0889943818451281,12.4125,12.6,0.1082190539431987,12.619583333333331,12.9,0.229128389425182,101.56666666666666,101.7,0.1211060141635682,101.96666666666668,102.7,0.4811602139778167,102.15416666666664,102.7,0.3889553083376779,1165.85,1259.7,94.95840668418889,875.7666666666668,1259.7,398.7533717915769,462.60833333333335,1259.7,504.8768596457924,-53.5,0.9461878897606116,0.99761224,0.9995828,0.9994265,0.9989794,1h,HIGH,-319.0,-0.1900000000000004,0.3100000000000005,-0.0019999999999999,-0.9399999999999996,True,True,True
2022-09-27 07:00:00+00:00,5.96,0.041,7.49,12.7,101.9,831.3,15,True,2022-09-27 07:00:00+00:00,7,1,9,270,0.9659258262890684,-0.2588190451025206,-1.0,-1.8369701987210294e-16,6.11,6.4,6.9,6.96,5.91,0.041,0.043,0.044,0.029,0.037,7.5,7.55,7.7,7.28,7.34,12.64,12.51,12.36,12.47,12.76,101.8,101.5,101.6,102.6,102.2,940.7,1129.4,1229.2,295.9,27.0,-0.4400000000000004,-0.9400000000000004,-1.0,0.0499999999999998,-0.0019999999999999,-0.0029999999999999,0.012,0.004,-0.0599999999999996,-0.2099999999999999,0.2099999999999999,0.1500000000000003,0.1899999999999995,0.3399999999999998,0.2299999999999986,-0.0600000000000005,0.4000000000000057,0.3000000000000113,-0.6999999999999886,-0.2999999999999971,-298.10000000000014,-397.9000000000001,535.4,804.3,6.48,6.9,0.2819219750214574,6.860833333333333,7.45,0.4602856491222222,6.320833333333333,7.45,0.6669848878195923,0.0426666666666666,0.044,0.0013662601021278,0.0384166666666666,0.044,0.0059000513608447,0.0363333333333333,0.044,0.0049927483645667,7.579999999999999,7.7,0.0764198926981682,7.514166666666667,7.7,0.1383972105166476,7.419166666666666,7.7,0.1389687692993636,12.491666666666667,12.64,0.1014724921674034,12.415833333333332,12.64,0.1149275133870506,12.615000000000002,12.9,0.2275005972280701,101.58333333333331,101.8,0.1471960144385223,101.90833333333336,102.7,0.4521832559590441,102.12916666666666,102.7,0.3917398944804259,1112.6833333333334,1229.2,118.33007084704414,942.5166666666668,1259.7,324.4578998697347,500.4083333333333,1259.7,505.3135194817318,-109.40000000000008,0.883703624960136,0.9993899,0.9993956,0.9989459,0.9985942,1h,HIGH,-397.9000000000001,-0.2099999999999999,0.3399999999999998,-0.0029999999999999,-0.9400000000000004,True,True,True
2022-09-27 08:00:00+00:00,5.81,0.04,7.47,12.75,102.0,763.4,15,True,2022-09-27 08:00:00+00:00,8,1,9,270,0.8660254037844387,-0.4999999999999998,-1.0,-1.8369701987210294e-16,5.96,6.28,6.67,7.36,5.83,0.041,0.041,0.044,0.029,0.037,7.49,7.51,7.63,7.31,7.35,12.7,12.56,12.41,12.36,12.79,101.9,101.7,101.4,102.7,102.3,831.3,994.2,1200.7,435.0,23.1,-0.4700000000000006,-0.8600000000000003,-1.5500000000000007,-0.0200000000000004,-0.001,-0.0039999999999999,0.011,0.003,-0.04,-0.1600000000000001,0.1600000000000001,0.1200000000000001,0.1899999999999995,0.3399999999999998,0.3900000000000005,-0.0399999999999991,0.2999999999999971,0.5999999999999943,-0.7000000000000028,-0.2999999999999971,-230.80000000000007,-437.30000000000007,328.4,740.3,6.323333333333333,6.67,0.2623483689041442,6.7775,7.45,0.5264654870842881,6.322916666666667,7.45,0.6657227466162793,0.0421666666666666,0.044,0.001329160135825,0.0394166666666666,0.044,0.005124953806148,0.0365,0.044,0.0050819373231595,7.545000000000001,7.63,0.0557673739743917,7.531666666666666,7.7,0.1178468446242001,7.425416666666667,7.7,0.1386261524566255,12.548333333333334,12.7,0.1079660440447104,12.435,12.7,0.1410029013241064,12.6125,12.9,0.2261636575579687,101.63333333333333,101.9,0.1966384160498283,101.85,102.7,0.3965762565670713,102.11666666666667,102.7,0.39416027049993,1046.3666666666668,1200.7,147.79923770664888,987.1333333333332,1259.7,257.32372371757486,533.9208333333333,1259.7,499.1854260163266,-67.89999999999998,0.9183207025141346,0.99916065,0.99835193,0.997778,0.9976781,1h,HIGH,-437.30000000000007,-0.1600000000000001,0.3399999999999998,-0.0039999999999999,-0.8600000000000003,True,True,True
2022-09-27 09:00:00+00:00,5.69,0.039,7.45,12.79,101.9,656.8,15,True,2022-09-27 09:00:00+00:00,9,1,9,270,0.7071067811865476,-0.7071067811865475,-1.0,-1.8369701987210294e-16,5.81,6.11,6.52,7.45,5.77,0.04,0.041,0.043,0.031,0.037,7.47,7.5,7.59,7.36,7.37,12.75,12.64,12.47,12.31,12.81,102.0,101.8,101.5,102.5,102.3,763.4,940.7,1181.9,598.6,24.6,-0.4199999999999999,-0.8299999999999992,-1.7599999999999998,-0.0799999999999991,-0.002,-0.0039999999999999,0.008,0.002,-0.0499999999999998,-0.1399999999999996,0.0899999999999998,0.08,0.1499999999999985,0.3199999999999985,0.4799999999999986,-0.0200000000000013,0.1000000000000085,0.4000000000000057,-0.5999999999999943,-0.3999999999999915,-283.9000000000001,-525.1000000000001,58.19999999999993,632.1999999999999,6.18,6.52,0.2698888660171023,6.648333333333333,7.45,0.5596562797960374,6.322083333333334,7.45,0.6663787874818654,0.0415,0.043,0.0012247448713914,0.0403333333333333,0.044,0.0039389277113386,0.036625,0.044,0.0051314249228777,7.518333333333333,7.59,0.0440075751055027,7.544999999999999,7.7,0.0978403151708382,7.430416666666666,7.7,0.1379501852959555,12.605,12.75,0.110045445157891,12.4675,12.75,0.1650413171409943,12.610833333333334,12.9,0.2249428268745571,101.73333333333332,102.0,0.2065591117975308,101.79166666666669,102.5,0.2998737107921664,102.10416666666669,102.7,0.3928482024203819,973.4833333333336,1181.9,163.46409289708402,1014.5,1259.7,205.5123663609388,564.7666666666667,1259.7,489.0170999647876,-106.60000000000002,0.8603615404768142,0.9978235,0.99717844,0.99791723,0.9965462,1h,HIGH,-525.1000000000001,-0.1399999999999996,0.3199999999999985,-0.0039999999999999,-0.8299999999999992,True,True,True
2022-09-27 10:00:00+00:00,5.58,0.039,7.43,12.85,102.2,630.3,15,True,2022-09-27 10:00:00+00:00,10,1,9,270,0.4999999999999999,-0.8660254037844387,-1.0,-1.8369701987210294e-16,5.69,5.96,6.4,7.38,5.71,0.039,0.041,0.043,0.035,0.037,7.45,7.49,7.55,7.48,7.36,12.79,12.7,12.51,12.27,12.82,101.9,101.9,101.5,102.0,102.2,656.8,831.3,1129.4,963.7,19.1,-0.3799999999999999,-0.8200000000000003,-1.7999999999999998,-0.1299999999999999,-0.002,-0.0039999999999999,0.0039999999999999,0.002,-0.0600000000000005,-0.1200000000000001,-0.0500000000000007,0.0699999999999994,0.1500000000000003,0.3399999999999998,0.5800000000000001,0.0299999999999993,0.2999999999999971,0.7000000000000028,0.2000000000000028,0.0,-201.0,-499.10000000000014,-333.4000000000001,611.1999999999999,6.041666666666667,6.4,0.2734532257382662,6.501666666666666,7.38,0.5610839077314034,6.3187500000000005,7.45,0.6694534597584902,0.0408333333333333,0.043,0.001329160135825,0.041,0.044,0.0026967994498529,0.0367083333333333,0.044,0.0051539699064994,7.495,7.55,0.0344963766213192,7.552499999999999,7.7,0.084973257825367,7.433750000000001,7.7,0.1373922502719229,12.658333333333331,12.79,0.1090718417680094,12.5075,12.79,0.1808125599016291,12.61,12.9,0.22420875365915,101.8,102.0,0.178885438199755,101.74166666666667,102.0,0.2065224325625047,102.08750000000002,102.7,0.3926637016693708,885.9666666666667,1129.4,169.99904313456162,1019.35,1259.7,195.2347933782669,591.1083333333333,1259.7,475.4953736497537,-26.5,0.959652862362972,0.9940006,0.99700207,0.99677426,0.99235404,1h,HIGH,-499.10000000000014,-0.1200000000000001,0.3399999999999998,-0.0039999999999999,-0.8200000000000003,True,True,True
2022-09-27 11:00:00+00:00,5.49,0.039,7.43,12.9,102.3,559.3,15,True,2022-09-27 11:00:00+00:00,11,1,9,270,0.258819045102521,-0.9659258262890682,-1.0,-1.8369701987210294e-16,5.58,5.81,6.28,7.25,5.64,0.039,0.04,0.041,0.038,0.036,7.43,7.47,7.51,7.57,7.36,12.85,12.75,12.56,12.3,12.86,102.2,102.0,101.7,101.9,102.4,630.3,763.4,994.2,1081.2,24.7,-0.3199999999999994,-0.79,-1.7599999999999998,-0.1499999999999994,-0.001,-0.002,0.001,0.003,-0.04,-0.08,-0.1400000000000005,0.0699999999999994,0.1500000000000003,0.3399999999999998,0.5999999999999996,0.0400000000000009,0.2999999999999971,0.5999999999999943,0.3999999999999915,-0.1000000000000085,-204.1,-434.9000000000001,-521.9000000000001,534.5999999999999,5.905,6.28,0.2632679243660261,6.351666666666667,7.25,0.5453078085454105,6.313333333333333,7.45,0.6750952697126604,0.0401666666666666,0.041,0.00098319208025,0.0413333333333333,0.044,0.0020597146021777,0.0367916666666666,0.044,0.0051750166281326,7.474999999999999,7.51,0.0308220700148451,7.548333333333333,7.7,0.0899326347211095,7.436666666666666,7.7,0.1364986595464259,12.714999999999998,12.85,0.1048332008478217,12.555833333333332,12.85,0.18889431067679,12.61125,12.9,0.2255102909056389,101.91666666666669,102.2,0.1722401424366147,101.75833333333334,102.2,0.2353269807710288,102.0875,102.7,0.3926637016693708,802.7833333333333,994.2,147.70729726952075,991.5666666666668,1259.7,225.28424200766844,616.575,1259.7,459.6303706335077,-71.0,0.8873552276693638,0.99226815,0.99680245,0.9937762,0.9878856,1h,HIGH,-434.9000000000001,-0.08,0.3399999999999998,-0.002,-0.79,True,True,True
2022-09-27 12:00:00+00:00,5.43,0.039,7.41,12.92,102.3,533.6,15,True,2022-09-27 12:00:00+00:00,12,1,9,270,1.2246467991473532e-16,-1.0,-1.0,-1.8369701987210294e-16,5.49,5.69,6.11,7.05,5.59,0.039,0.039,0.041,0.043,0.035,7.43,7.45,7.5,7.69,7.35,12.9,12.79,12.64,12.33,12.9,102.3,101.9,101.8,101.7,102.5,559.3,656.8,940.7,1259.7,39.0,-0.2600000000000007,-0.6800000000000006,-1.62,-0.1600000000000001,0.0,-0.002,-0.0039999999999999,0.0039999999999999,-0.04,-0.0899999999999998,-0.2800000000000002,0.0600000000000005,0.1300000000000007,0.2799999999999993,0.5899999999999999,0.0199999999999995,0.3999999999999915,0.5,0.5999999999999943,-0.2000000000000028,-123.19999999999992,-407.1,-726.1,494.6,5.773333333333333,6.11,0.2341509484641511,6.205000000000001,7.05,0.5177135044860878,6.307083333333334,7.45,0.6822563534948295,0.0398333333333333,0.041,0.00098319208025,0.0414166666666666,0.044,0.001928651593652,0.0369166666666666,0.044,0.0051912691475513,7.461666666666666,7.5,0.0299443929086358,7.536666666666666,7.7,0.0957585347094376,7.439583333333332,7.7,0.1355337008200216,12.771666666666668,12.9,0.0957949198374694,12.605833333333337,12.9,0.1943501214225745,12.612916666666663,12.9,0.2275670788192285,102.01666666666668,102.3,0.1940790217065804,101.79166666666669,102.3,0.281096338494782,102.08333333333331,102.7,0.3897230529119506,730.3000000000001,940.7,141.56837217401326,948.075,1259.7,254.84485877775631,638.85,1259.7,442.3277350759178,-25.69999999999993,0.9540497049883784,0.984189,0.9957504,0.992856,0.98287684,1h,HIGH,-407.1,-0.0899999999999998,0.2799999999999993,-0.002,-0.6800000000000006,True,True,True
2022-09-27 13:00:00+00:00,5.35,0.039,7.39,12.97,102.5,552.7,15,True,2022-09-27 13:00:00+00:00,13,1,9,270,-0.2588190451025208,-0.9659258262890684,-1.0,-1.8369701987210294e-16,5.43,5.58,5.96,6.9,5.57,0.039,0.039,0.041,0.044,0.034,7.41,7.43,7.49,7.7,7.33,12.92,12.85,12.7,12.36,12.89,102.3,102.2,101.9,101.6,102.4,533.6,630.3,831.3,1229.2,36.3,-0.2300000000000004,-0.6100000000000003,-1.5500000000000007,-0.2200000000000006,0.0,-0.002,-0.0049999999999999,0.0049999999999999,-0.04,-0.1000000000000005,-0.3100000000000005,0.0599999999999996,0.120000000000001,0.2700000000000013,0.6100000000000012,0.08,0.2999999999999971,0.5999999999999943,0.9000000000000057,0.0999999999999943,-77.59999999999991,-278.5999999999999,-676.5,516.4000000000001,5.66,5.96,0.2007984063681641,6.07,6.9,0.4876846969470736,6.300416666666667,7.45,0.6903022599882831,0.0395,0.041,0.0008366600265339,0.0410833333333333,0.044,0.0019752253419584,0.0370833333333333,0.044,0.0051912691475513,7.446666666666666,7.49,0.0294392028877622,7.513333333333333,7.7,0.0888648957517591,7.442083333333333,7.7,0.1343577044818171,12.818333333333332,12.92,0.0865832932306681,12.655,12.92,0.192849446695886,12.613749999999998,12.92,0.2286978736046806,102.1,102.3,0.1897366596098752,101.84166666666664,102.3,0.3146667308680342,102.075,102.7,0.3824975134900658,662.4499999999999,831.3,115.76615653981072,887.5666666666667,1229.2,260.27069940678484,659.4583333333334,1259.7,424.3205637217002,19.100000000000023,1.0357946026986506,0.97990006,0.99611676,0.9920398,0.97982967,1h,HIGH,-278.5999999999999,-0.1000000000000005,0.2700000000000013,-0.002,-0.6100000000000003,True,True,True
2022-09-27 14:00:00+00:00,5.29,0.039,7.35,13.0,102.6,508.6,15,True,2022-09-27 14:00:00+00:00,14,1,9,270,-0.4999999999999997,-0.8660254037844388,-1.0,-1.8369701987210294e-16,5.35,5.49,5.81,6.67,5.53,0.039,0.039,0.04,0.044,0.034,7.39,7.43,7.47,7.63,7.32,12.97,12.9,12.75,12.41,12.9,102.5,102.3,102.0,101.4,102.4,552.7,559.3,763.4,1200.7,61.0,-0.2000000000000001,-0.5199999999999996,-1.38,-0.2400000000000002,0.0,-0.001,-0.0049999999999999,0.0049999999999999,-0.08,-0.1200000000000001,-0.2800000000000002,0.0299999999999993,0.0999999999999996,0.25,0.5899999999999999,0.0999999999999996,0.2999999999999971,0.5999999999999943,1.1999999999999886,0.1999999999999886,-50.69999999999993,-254.79999999999995,-692.1,447.6,5.558333333333333,5.81,0.1706946591626717,5.940833333333333,6.67,0.4518136851187699,6.291250000000001,7.45,0.7017884761218262,0.0391666666666666,0.04,0.0004082482904635,0.0406666666666666,0.044,0.0018257418583505,0.0372916666666666,0.044,0.0051623988918758,7.43,7.47,0.0282842712474662,7.4875,7.63,0.0733763647852082,7.444583333333334,7.7,0.1327298389395831,12.863333333333332,12.97,0.082865352631051,12.705833333333333,12.97,0.1883641701759155,12.617083333333332,12.97,0.2334333377827682,102.2,102.5,0.2190890230018634,101.91666666666669,102.5,0.3563280749109246,102.07916666666668,102.7,0.3867132030966508,616.0166666666667,763.4,86.72649921832806,831.1916666666666,1200.7,252.7006617911732,680.975,1259.7,403.9512704684112,-44.10000000000002,0.9202098787769132,0.983706,0.99087477,0.988853,0.97177774,1h,HIGH,-254.79999999999995,-0.1200000000000001,0.25,-0.001,-0.5199999999999996,True,True,True
2022-09-27 15:00:00+00:00,5.27,0.039,7.39,13.0,102.5,469.0,15,True,2022-09-27 15:00:00+00:00,15,1,9,270,-0.7071067811865471,-0.7071067811865479,-1.0,-1.8369701987210294e-16,5.29,5.43,5.69,6.52,5.53,0.039,0.039,0.039,0.043,0.033,7.35,7.41,7.45,7.59,7.31,13.0,12.92,12.79,12.47,12.9,102.6,102.3,101.9,101.5,102.3,508.6,533.6,656.8,1181.9,65.0,-0.1600000000000001,-0.4200000000000008,-1.25,-0.2600000000000007,0.0,0.0,-0.0039999999999999,0.0059999999999999,-0.0200000000000004,-0.0600000000000005,-0.2000000000000001,0.08,0.08,0.2100000000000008,0.5299999999999994,0.0999999999999996,0.2000000000000028,0.5999999999999943,1.0,0.2000000000000028,-64.60000000000002,-187.79999999999995,-712.9000000000001,404.0,5.471666666666667,5.69,0.1478400036074824,5.825833333333333,6.52,0.4241238741288431,6.28125,7.45,0.7146985530551562,0.039,0.039,0.0,0.04025,0.043,0.0015447859516332,0.0375,0.044,0.0051245360341417,7.41,7.45,0.035777087640001,7.464166666666667,7.59,0.0682852750443282,7.445833333333333,7.7,0.1316423569559877,12.905,13.0,0.0771362431027225,12.755,13.0,0.1809821688856289,12.621250000000002,13.0,0.2395160428501751,102.3,102.6,0.2449489742781266,102.01666666666668,102.6,0.3663910810083362,102.0875,102.7,0.3959715624396097,573.55,656.8,57.62536767778595,773.5166666666665,1181.9,239.32594295165092,699.625,1259.7,383.9190848286292,-39.60000000000002,0.9221392056626032,0.9799682,0.9825587,0.98501796,0.9418101,1h,HIGH,-187.79999999999995,-0.0600000000000005,0.2100000000000008,0.0,-0.4200000000000008,True,True,True
2022-09-27 16:00:00+00:00,5.23,0.04,7.41,13.01,102.5,481.9,15,True,2022-09-27 16:00:00+00:00,16,1,9,270,-0.8660254037844385,-0.5000000000000004,-1.0,-1.8369701987210294e-16,5.27,5.35,5.58,6.4,5.67,0.039,0.039,0.039,0.043,0.032,7.39,7.39,7.43,7.55,7.28,13.0,12.97,12.85,12.51,12.84,102.5,102.5,102.2,101.5,102.3,469.0,552.7,630.3,1129.4,83.7,-0.1199999999999992,-0.3499999999999996,-1.17,-0.4399999999999995,0.001,0.001,-0.0029999999999999,0.008,0.0200000000000004,-0.0199999999999995,-0.1399999999999996,0.1299999999999999,0.0399999999999991,0.1600000000000001,0.5,0.1699999999999999,0.0,0.2999999999999971,1.0,0.2000000000000028,-70.80000000000007,-148.39999999999998,-647.5000000000001,398.2,5.401666666666667,5.58,0.1207338671072045,5.721666666666667,6.4,0.390287384403137,6.270416666666667,7.45,0.7284198452915024,0.039,0.039,0.0,0.0399166666666666,0.043,0.0013113721705514,0.03775,0.044,0.0050411351378693,7.400000000000001,7.43,0.0303315017762117,7.447500000000001,7.55,0.0584846522213744,7.449166666666667,7.7,0.1290404947113985,12.94,13.0,0.0603324125160161,12.799166666666665,13.0,0.1694085075320701,12.625416666666666,13.0,0.2453742335550982,102.4,102.6,0.1549193338479905,102.1,102.6,0.3516196291966638,102.09583333333332,102.7,0.4026857299451344,542.25,630.3,54.268618924752815,714.1083333333332,1129.4,216.0907278240208,716.4583333333334,1259.7,363.1802282454344,12.899999999999975,1.0275053304904052,0.9949765,0.9876622,0.9746684,0.9317752,1h,HIGH,-148.39999999999998,-0.0199999999999995,0.1600000000000001,0.001,-0.3499999999999996,True,True,True
2022-09-27 17:00:00+00:00,5.19,0.04,7.39,13.02,102.4,331.2,15,True,2022-09-27 17:00:00+00:00,17,1,9,270,-0.9659258262890684,-0.2588190451025206,-1.0,-1.8369701987210294e-16,5.23,5.29,5.49,6.28,6.11,0.04,0.039,0.039,0.041,0.03,7.41,7.35,7.43,7.51,7.27,13.01,13.0,12.9,12.56,12.7,102.5,102.6,102.3,101.7,102.4,481.9,508.6,559.3,994.2,156.4,-0.0999999999999996,-0.2999999999999998,-1.09,-0.92,0.001,0.001,-0.001,0.01,0.04,-0.04,-0.1200000000000001,0.1200000000000001,0.0199999999999995,0.1199999999999992,0.4599999999999991,0.3200000000000003,-0.1999999999999886,0.1000000000000085,0.7000000000000028,0.0,-177.40000000000003,-228.1,-663.0,174.79999999999998,5.343333333333334,5.49,0.1001332445627322,5.624166666666667,6.28,0.3494270201690805,6.252083333333332,7.45,0.749422845561355,0.0391666666666666,0.04,0.0004082482904638,0.0396666666666666,0.041,0.0008876253645984,0.0380833333333333,0.044,0.0049071081244382,7.396666666666666,7.43,0.0273252020425652,7.435833333333334,7.51,0.0494438769687147,7.454583333333335,7.7,0.124271063009252,12.966666666666669,13.01,0.046332134277084,12.840833333333334,13.01,0.1524621165066857,12.6325,13.01,0.2541353627669592,102.45,102.6,0.1224744871387682,102.18333333333334,102.6,0.3128558579902697,102.10416666666669,102.7,0.4091126842396775,517.5166666666667,559.3,37.2674343987713,660.15,994.2,180.9476946021088,733.0500000000001,1259.7,341.46264039072963,-150.7,0.687279518572318,0.9959785,0.98446727,0.9655231,0.9732102,1h,HIGH,-228.1,-0.04,0.1199999999999992,0.001,-0.2999999999999998,True,True,True
2022-09-27 18:00:00+00:00,5.19,0.04,7.39,13.02,102.4,390.1,15,True,2022-09-27 18:00:00+00:00,18,1,9,270,-1.0,-1.8369701987210294e-16,-1.0,-1.8369701987210294e-16,5.19,5.27,5.43,6.11,6.51,0.04,0.039,0.039,0.041,0.029,7.39,7.39,7.41,7.5,7.25,13.02,13.0,12.92,12.64,12.6,102.4,102.5,102.3,101.8,102.5,331.2,469.0,533.6,940.7,139.7,-0.0799999999999991,-0.2399999999999993,-0.92,-1.3199999999999994,0.001,0.001,-0.001,0.011,0.0,-0.0200000000000004,-0.1100000000000003,0.1399999999999996,0.0199999999999995,0.0999999999999996,0.379999999999999,0.4199999999999999,-0.0999999999999943,0.1000000000000085,0.6000000000000085,-0.0999999999999943,-78.89999999999998,-143.5,-550.6,250.40000000000003,5.293333333333333,5.43,0.0861781101362738,5.533333333333334,6.11,0.3018829795356718,6.21375,7.45,0.7799153382147396,0.0393333333333333,0.04,0.0005163977794943,0.0395833333333333,0.041,0.0007929614610986,0.0385,0.044,0.0046062339610953,7.390000000000001,7.41,0.0219089023002145,7.425833333333333,7.5,0.0450168318689295,7.459583333333334,7.7,0.1188158665537889,12.986666666666666,13.02,0.0366969571854399,12.879166666666665,13.02,0.1318717237134367,12.645833333333334,13.02,0.2659505783880268,102.46666666666664,102.6,0.1032795558983963,102.24166666666666,102.6,0.2778434265859332,102.10416666666669,102.7,0.4091126842396775,479.5,552.7,79.04525286188967,604.9,940.7,170.6007300421335,740.3333333333335,1259.7,330.31012919569304,58.900000000000034,1.177838164251208,0.975902,0.97848415,0.9737994,0.9792819,1h,HIGH,-143.5,-0.0200000000000004,0.0999999999999996,0.001,-0.2399999999999993,True,True,True
2022-09-27 19:00:00+00:00,5.23,0.04,7.37,13.01,102.5,343.6,15,True,2022-09-27 19:00:00+00:00,19,1,9,270,-0.9659258262890684,0.2588190451025203,-1.0,-1.8369701987210294e-16,5.19,5.23,5.35,5.96,6.96,0.04,0.04,0.039,0.041,0.029,7.39,7.41,7.39,7.49,7.28,13.02,13.01,12.97,12.7,12.47,102.4,102.5,102.5,101.9,102.6,390.1,481.9,552.7,831.3,295.9,0.0,-0.1199999999999992,-0.7299999999999995,-1.7299999999999995,0.0,0.001,-0.001,0.011,-0.04,-0.0199999999999995,-0.1200000000000001,0.0899999999999998,0.0,0.0399999999999991,0.3100000000000005,0.5399999999999991,0.0,0.0,0.5999999999999943,-0.0999999999999943,-138.29999999999995,-209.1,-487.69999999999993,47.700000000000045,5.253333333333333,5.35,0.0625033332443928,5.456666666666667,5.96,0.2553547740028821,6.15875,7.45,0.804278301930696,0.0395,0.04,0.0005477225575051,0.0395,0.041,0.0006741998624631,0.0389583333333333,0.044,0.0041439234367053,7.386666666666667,7.41,0.0196638416050121,7.416666666666667,7.49,0.0393892771133893,7.465416666666666,7.7,0.1112763565912911,13.003333333333336,13.02,0.0186189867251213,12.910833333333334,13.02,0.1135748318257352,12.663333333333332,13.02,0.2764159856112664,102.48333333333336,102.6,0.0752772652702592,102.29166666666669,102.6,0.2429303429281678,102.1,102.7,0.4053983548153019,455.5833333333333,552.7,81.08547136612549,559.0166666666668,831.3,144.0532529898909,750.7666666666668,1259.7,314.0687029057935,-46.5,0.8807997949243783,0.9157409,0.90362376,0.83766437,0.9399393,1h,HIGH,-209.1,-0.0199999999999995,0.0399999999999991,0.001,-0.1199999999999992,True,True,True
2022-09-27 20:00:00+00:00,5.31,0.04,7.37,13.0,102.6,327.5,15,True,2022-09-27 20:00:00+00:00,20,1,9,270,-0.8660254037844386,0.5000000000000001,-1.0,-1.8369701987210294e-16,5.23,5.19,5.29,5.81,7.36,0.04,0.04,0.039,0.04,0.029,7.37,7.39,7.35,7.47,7.31,13.01,13.02,13.0,12.75,12.36,102.5,102.4,102.6,102.0,102.7,343.6,331.2,508.6,763.4,435.0,0.1199999999999992,0.0199999999999995,-0.5,-2.0500000000000007,0.0,0.001,0.0,0.011,-0.0199999999999995,0.0200000000000004,-0.0999999999999996,0.0600000000000005,-0.0199999999999995,0.0,0.25,0.6400000000000006,0.1999999999999886,0.0,0.5999999999999943,-0.1000000000000085,-3.6999999999999886,-181.1,-435.9,-107.5,5.233333333333333,5.29,0.0408248290462994,5.395833333333333,5.81,0.2069017480190451,6.086666666666667,7.45,0.8068654683762172,0.0396666666666666,0.04,0.0005163977794943,0.0394166666666666,0.04,0.0005149286505442,0.0394166666666666,0.044,0.0035620788589111,7.383333333333333,7.41,0.0206559111797809,7.406666666666667,7.47,0.0339339822525335,7.469166666666666,7.7,0.1061547953684169,13.01,13.02,0.0089442719102054,12.936666666666666,13.02,0.094996012675502,12.685833333333337,13.02,0.2819176053954114,102.48333333333336,102.6,0.0752772652702592,102.34166666666668,102.6,0.215146180044935,102.09583333333336,102.7,0.4005204946899267,420.73333333333335,508.6,75.75718227776674,518.375,763.4,128.17244154937157,752.7541666666666,1259.7,311.2029017680276,-16.100000000000023,0.9531431897555296,0.92333996,0.673518,0.85017353,0.9152022,1h,HIGH,-181.1,0.0200000000000004,0.0,0.001,0.0199999999999995,True,True,True
2022-09-27 21:00:00+00:00,5.47,0.04,7.41,12.96,102.7,326.1,15,True,2022-09-27 21:00:00+00:00,21,1,9,270,-0.7071067811865477,0.7071067811865474,-1.0,-1.8369701987210294e-16,5.31,5.19,5.27,5.69,7.45,0.04,0.04,0.039,0.039,0.031,7.37,7.39,7.39,7.45,7.36,13.0,13.02,13.0,12.79,12.31,102.6,102.4,102.5,101.9,102.5,327.5,390.1,469.0,656.8,598.6,0.2799999999999993,0.2000000000000001,-0.2200000000000006,-1.9800000000000004,0.0,0.001,0.001,0.009,0.0200000000000004,0.0200000000000004,-0.04,0.0499999999999998,-0.0599999999999987,-0.0399999999999991,0.1700000000000017,0.6500000000000004,0.2999999999999971,0.2000000000000028,0.7999999999999972,0.2000000000000028,-64.0,-142.89999999999998,-330.69999999999993,-272.5,5.236666666666667,5.31,0.0467618077779247,5.354166666666667,5.69,0.1612146132183903,6.00125,7.45,0.7740481532038309,0.0398333333333333,0.04,0.0004082482904638,0.0394166666666666,0.04,0.0005149286505442,0.039875,0.044,0.002786808990194,7.386666666666666,7.41,0.0150554530541926,7.398333333333333,7.45,0.0288675134594818,7.471666666666667,7.7,0.102899979577752,13.01,13.02,0.0089442719102054,12.957499999999998,13.02,0.0758137670395628,12.7125,13.02,0.2800194092651729,102.48333333333332,102.6,0.0752772652702592,102.39166666666668,102.6,0.1975225341959821,102.09166666666664,102.6,0.3944359392156397,390.55,481.9,69.57219990772268,482.05,656.8,113.3265073701959,748.275,1259.7,316.7002797187162,-1.3999999999999773,0.9957251908396948,0.9346524,0.86166084,0.85948753,0.89801425,1h,HIGH,-142.89999999999998,0.0200000000000004,-0.0399999999999991,0.001,0.2000000000000001,True,True,True
2022-09-27 22:00:00+00:00,5.56,0.04,7.4,12.93,102.7,295.6,15,False,2022-09-27 22:00:00+00:00,22,1,9,270,-0.5000000000000004,0.8660254037844384,-1.0,-1.8369701987210294e-16,5.47,5.23,5.23,5.58,7.38,0.04,0.04,0.04,0.039,0.035,7.41,7.37,7.41,7.43,7.48,12.96,13.01,13.01,12.85,12.27,102.7,102.5,102.5,102.2,102.0,326.1,343.6,481.9,630.3,963.7,0.3299999999999992,0.3299999999999992,-0.0200000000000004,-1.8200000000000005,0.0,0.0,0.001,0.0049999999999999,0.0300000000000002,-0.0099999999999997,-0.0299999999999993,-0.08,-0.08,-0.08,0.08,0.6600000000000001,0.2000000000000028,0.2000000000000028,0.5,0.7000000000000028,-48.0,-186.29999999999995,-334.69999999999993,-668.1,5.2700000000000005,5.47,0.1073312629199576,5.335833333333333,5.58,0.1288027620633789,5.91875,7.38,0.7162845712121134,0.04,0.04,0.0,0.0395,0.04,0.0005222329678669,0.04025,0.044,0.0020483291175768,7.39,7.41,0.0178885438200076,7.395,7.43,0.0243086217402198,7.47375,7.7,0.1010300213668772,13.003333333333336,13.02,0.0225092573549253,12.971666666666666,13.02,0.0545782729553596,12.739583333333334,13.02,0.2706751488997159,102.51666666666668,102.7,0.1169045194445795,102.45833333333331,102.7,0.1443375672975997,102.09999999999998,102.7,0.4053983548153019,366.73333333333335,481.9,61.3146855709691,454.49166666666673,630.3,107.00092147719796,736.9208333333335,1259.7,327.01639764652504,-30.5,0.9064704078503528,0.7878219,0.8164174,0.6604614,0.83079267,1h,HIGH,-186.29999999999995,-0.0099999999999997,-0.08,0.0,0.3299999999999992,False,False,True
2022-09-27 23:00:00+00:00,5.64,0.041,7.39,12.89,102.6,309.6,15,False,2022-09-27 23:00:00+00:00,23,1,9,270,-0.2588190451025215,0.965925826289068,-1.0,-1.8369701987210294e-16,5.56,5.31,5.19,5.49,7.25,0.04,0.04,0.04,0.039,0.038,7.4,7.37,7.39,7.43,7.57,12.93,13.0,13.02,12.9,12.3,102.7,102.6,102.4,102.3,101.9,295.6,327.5,331.2,559.3,1081.2,0.33,0.4499999999999993,0.1499999999999994,-1.6100000000000003,0.001,0.001,0.002,0.003,0.0199999999999995,0.0,-0.04,-0.1800000000000006,-0.1099999999999994,-0.129999999999999,-0.0099999999999997,0.5899999999999999,0.0,0.1999999999999886,0.2999999999999971,0.6999999999999886,-17.899999999999977,-21.59999999999997,-249.69999999999996,-771.6,5.325,5.56,0.1561729810178232,5.334166666666667,5.56,0.1254416440445913,5.842916666666667,7.25,0.6479363842006506,0.04,0.04,0.0,0.0395833333333333,0.04,0.0005149286505442,0.0404583333333333,0.044,0.0017189270330435,7.388333333333333,7.41,0.0160208197876076,7.392499999999999,7.43,0.0217944947177028,7.470416666666666,7.7,0.1021286131463105,12.99,13.02,0.036878177829218,12.978333333333332,13.02,0.0417423554968584,12.767083333333334,13.02,0.2538996578018246,102.55,102.7,0.1378404875205423,102.5,102.7,0.1348399724928641,102.12916666666666,102.7,0.4227026569964781,335.68333333333334,390.1,31.01428165646956,426.6,559.3,100.42809277379313,709.0833333333334,1259.7,335.2060179840953,14.0,1.047361299052774,0.37956306,0.639939,0.4831326,0.7990126,1h,MEDIUM,-21.59999999999997,0.0,-0.129999999999999,0.001,0.4499999999999993,False,False,True
2022-09-28 00:00:00+00:00,5.76,0.041,7.39,12.85,102.6,279.3,15,False,2022-09-28 00:00:00+00:00,0,2,9,271,0.0,1.0,-1.0,-1.8369701987210294e-16,5.64,5.47,5.19,5.43,7.05,0.041,0.04,0.04,0.039,0.043,7.39,7.41,7.39,7.41,7.69,12.89,12.96,13.02,12.92,12.33,102.6,102.7,102.4,102.3,101.7,309.6,326.1,390.1,533.6,1259.7,0.29,0.5699999999999994,0.33,-1.29,0.001,0.001,0.002,-0.0019999999999999,-0.0200000000000004,0.0,-0.0200000000000004,-0.3000000000000007,-0.1100000000000012,-0.1699999999999999,-0.0700000000000002,0.5199999999999996,-0.1000000000000085,0.1999999999999886,0.2999999999999971,0.8999999999999915,-46.80000000000001,-110.8,-254.3,-980.4,5.4,5.64,0.183956516601054,5.346666666666667,5.64,0.1478533261736433,5.775833333333334,7.05,0.5751817608121907,0.0401666666666666,0.041,0.0004082482904638,0.03975,0.041,0.0006215815605079,0.0405833333333333,0.044,0.0016396358733272,7.388333333333333,7.41,0.0160208197876076,7.389166666666667,7.41,0.0183195540504131,7.4629166666666675,7.7,0.1011017209102535,12.968333333333334,13.02,0.0511533641774403,12.9775,13.02,0.0435107092355857,12.791666666666666,13.02,0.2345331471273286,102.58333333333331,102.7,0.1169045194445746,102.525,102.7,0.1215431087013441,102.15833333333336,102.7,0.4302847052083435,332.0833333333333,390.1,32.83872206202345,405.7916666666667,552.7,96.21363027926412,676.9333333333333,1259.7,334.96657155299994,-30.30000000000001,0.9021317829457364,0.24842338,0.74816054,0.6577766,0.86106735,6h,HIGH,-110.8,0.0,-0.1699999999999999,0.001,0.5699999999999994,False,False,True
2022-09-28 01:00:00+00:00,5.8,0.041,7.4,12.81,102.3,317.8,15,False,2022-09-28 01:00:00+00:00,1,2,9,271,0.2588190451025207,0.9659258262890684,-1.0,-1.8369701987210294e-16,5.76,5.56,5.23,5.35,6.9,0.041,0.04,0.04,0.039,0.044,7.39,7.4,7.37,7.39,7.7,12.85,12.93,13.01,12.97,12.36,102.6,102.7,102.5,102.5,101.6,279.3,295.6,343.6,552.7,1229.2,0.2400000000000002,0.5699999999999994,0.4500000000000002,-1.1000000000000003,0.001,0.001,0.002,-0.0029999999999999,0.0,0.0300000000000002,0.0100000000000006,-0.2999999999999998,-0.1199999999999992,-0.1999999999999993,-0.1600000000000001,0.450000000000001,-0.4000000000000057,-0.2000000000000028,-0.2000000000000028,0.7000000000000028,22.19999999999999,-25.80000000000001,-234.90000000000003,-911.4,5.495,5.76,0.2002748111970016,5.3741666666666665,5.76,0.189566890728865,5.722083333333333,6.9,0.5071915783029587,0.0403333333333333,0.041,0.0005163977794943,0.0399166666666666,0.041,0.0006685579234213,0.0405,0.044,0.001560378995211,7.388333333333333,7.41,0.0160208197876076,7.387499999999999,7.41,0.0171225529107593,7.450416666666666,7.7,0.0897086669588644,12.939999999999998,13.01,0.0626099033700172,12.97166666666667,13.02,0.0550757054728782,12.813333333333334,13.02,0.2130659556317607,102.61666666666666,102.7,0.0752772652702453,102.55,102.7,0.1000000000003033,102.19583333333333,102.7,0.4278146354659229,313.6166666666668,343.6,23.51998441042924,384.6,552.7,93.47037449957438,636.0833333333334,1229.2,320.26523201961794,38.5,1.137844611528822,0.018691264,0.66565806,0.57457685,0.78384596,6h,HIGH,-25.80000000000001,0.0300000000000002,-0.1999999999999993,0.001,0.5699999999999994,False,False,True
2022-09-28 02:00:00+00:00,5.79,0.041,7.38,12.8,102.3,251.1,15,False,2022-09-28 02:00:00+00:00,2,2,9,271,0.4999999999999999,0.8660254037844387,-1.0,-1.8369701987210294e-16,5.8,5.64,5.31,5.29,6.67,0.041,0.041,0.04,0.039,0.044,7.4,7.39,7.37,7.35,7.63,12.81,12.89,13.0,13.0,12.41,102.3,102.6,102.6,102.6,101.4,317.8,309.6,327.5,508.6,1200.7,0.1500000000000003,0.4800000000000004,0.5,-0.8799999999999999,0.0,0.001,0.002,-0.0029999999999999,-0.0099999999999997,0.0099999999999997,0.0300000000000002,-0.25,-0.0899999999999998,-0.1999999999999993,-0.1999999999999993,0.3900000000000005,-0.2999999999999971,-0.2999999999999971,-0.2999999999999971,0.8999999999999915,-58.50000000000003,-76.4,-257.5,-949.6,5.59,5.8,0.1839565166010585,5.411666666666666,5.8,0.2254624876411512,5.67625,6.67,0.4415763511704853,0.0405,0.041,0.0005477225575051,0.0400833333333333,0.041,0.0006685579234213,0.040375,0.044,0.0013772215255488,7.393333333333333,7.41,0.0136626010212912,7.3883333333333345,7.41,0.0174945879077087,7.437916666666666,7.63,0.0727102149791828,12.906666666666666,13.0,0.0706163342766333,12.958333333333334,13.02,0.0722160059484974,12.832083333333337,13.02,0.1899880812432531,102.58333333333331,102.7,0.1471960144384628,102.53333333333336,102.7,0.123091490979575,102.225,102.7,0.4088690658921001,309.31666666666666,327.5,18.833525072774787,365.025,508.6,78.45686857931877,598.1083333333333,1200.7,300.2906069513137,-66.70000000000002,0.790119572057898,0.08257878,0.1687041,0.4013576,0.8197997,12h,MEDIUM,-76.4,0.0099999999999997,-0.1999999999999993,0.001,0.4800000000000004,False,False,True
2022-09-28 03:00:00+00:00,5.65,0.041,7.37,12.82,102.1,265.6,15,False,2022-09-28 03:00:00+00:00,3,2,9,271,0.7071067811865476,0.7071067811865476,-1.0,-1.8369701987210294e-16,5.79,5.76,5.47,5.27,6.52,0.041,0.041,0.04,0.039,0.043,7.38,7.39,7.41,7.39,7.59,12.8,12.85,12.96,13.0,12.47,102.3,102.6,102.7,102.5,101.5,251.1,279.3,326.1,469.0,1181.9,-0.1099999999999994,0.1800000000000006,0.3800000000000008,-0.8699999999999992,0.0,0.001,0.002,-0.0019999999999999,-0.0199999999999995,-0.04,-0.0199999999999995,-0.2199999999999997,-0.0299999999999993,-0.1400000000000005,-0.1799999999999997,0.3499999999999996,-0.5,-0.6000000000000085,-0.4000000000000057,0.5999999999999943,-13.699999999999989,-60.5,-203.4,-916.3,5.669999999999999,5.8,0.1359411637437174,5.453333333333333,5.8,0.2461829819586703,5.639583333333333,6.52,0.3888609807101201,0.0406666666666666,0.041,0.0005163977794943,0.04025,0.041,0.0006215815605079,0.04025,0.043,0.0011515584902739,7.395,7.41,0.0104880884817167,7.390833333333333,7.41,0.0131137217055134,7.427499999999999,7.59,0.0609525831388993,12.873333333333337,12.96,0.0647044563122886,12.941666666666668,13.02,0.083864970836072,12.848333333333334,13.02,0.1676867334636537,102.53333333333336,102.7,0.1861898672499925,102.50833333333333,102.7,0.1378954368904549,102.2625,102.7,0.3692677831224581,296.5833333333333,326.1,27.78211055097946,343.56666666666666,481.9,70.42073988577775,558.5416666666666,1181.9,279.2643969534911,14.500000000000028,1.0577459179609718,0.103523985,0.20551126,0.5500133,0.78133726,6h,HIGH,-60.5,-0.04,-0.1400000000000005,0.001,0.1800000000000006,False,False,True
2022-09-28 04:00:00+00:00,5.53,0.041,7.38,12.85,102.0,261.6,15,False,2022-09-28 04:00:00+00:00,4,2,9,271,0.8660254037844386,0.5000000000000001,-1.0,-1.8369701987210294e-16,5.65,5.8,5.56,5.23,6.4,0.041,0.041,0.04,0.04,0.043,7.37,7.4,7.4,7.41,7.55,12.82,12.81,12.93,13.01,12.51,102.1,102.3,102.7,102.5,101.5,265.6,317.8,295.6,481.9,1129.4,-0.2699999999999996,-0.0299999999999993,0.2999999999999998,-0.8700000000000001,0.0,0.001,0.001,-0.0019999999999999,-0.0200000000000004,-0.0200000000000004,-0.0300000000000002,-0.1699999999999999,0.0399999999999991,-0.08,-0.1600000000000001,0.3399999999999998,-0.2999999999999971,-0.7000000000000028,-0.5,0.5,-56.19999999999999,-34.0,-220.29999999999995,-867.8000000000001,5.7,5.8,0.0973652915570863,5.484999999999999,5.8,0.2448932977292952,5.603333333333333,6.4,0.3408004218545324,0.0408333333333333,0.041,0.0004082482904638,0.0404166666666666,0.041,0.0005149286505442,0.0401666666666666,0.043,0.0010072203103708,7.388333333333333,7.4,0.0116904519445145,7.389166666666667,7.41,0.0144337567297387,7.418333333333333,7.55,0.0512170714293304,12.85,12.93,0.0509901951359467,12.926666666666668,13.02,0.0884547478897785,12.862916666666669,13.02,0.1473380958637447,102.43333333333334,102.7,0.2338090388898014,102.47499999999998,102.7,0.1815338686157525,102.2875,102.7,0.3340300689406907,286.5,317.8,25.837646951690143,326.6166666666667,481.9,61.38369391611779,520.3625000000001,1129.4,251.60299267678235,-4.0,0.9849397590361446,0.14653587,0.436736,0.53324735,0.6123579,6h,HIGH,-34.0,-0.0200000000000004,-0.08,0.001,-0.0299999999999993,False,False,True
2022-09-28 05:00:00+00:00,5.4,0.041,7.38,12.89,102.0,235.2,15,False,2022-09-28 05:00:00+00:00,5,2,9,271,0.9659258262890684,0.2588190451025207,-1.0,-1.8369701987210294e-16,5.53,5.79,5.64,5.19,6.28,0.041,0.041,0.041,0.04,0.041,7.38,7.38,7.39,7.39,7.51,12.85,12.8,12.89,13.02,12.56,102.0,102.3,102.6,102.4,101.7,261.6,251.1,309.6,331.2,994.2,-0.3899999999999997,-0.2399999999999993,0.2099999999999999,-0.8799999999999999,0.0,0.0,0.001,0.0,0.0,-0.0099999999999997,-0.0099999999999997,-0.1299999999999999,0.0899999999999998,0.0,-0.129999999999999,0.33,-0.2999999999999971,-0.5999999999999943,-0.4000000000000057,0.2999999999999971,-15.900000000000006,-74.40000000000003,-96.0,-759.0,5.695,5.8,0.1063484837691461,5.510000000000001,5.8,0.2314381912382612,5.567083333333333,6.28,0.2956566629028263,0.041,0.041,0.0,0.0405,0.041,0.0005222329678669,0.0400833333333333,0.041,0.0008297022339982,7.385000000000001,7.4,0.0104880884817178,7.386666666666667,7.41,0.0130267789455758,7.41125,7.51,0.0433702462624961,12.836666666666668,12.89,0.0332665998663597,12.913333333333332,13.02,0.0867947771086208,12.877083333333331,13.02,0.1268507910436755,102.31666666666666,102.6,0.2483277404290034,102.43333333333332,102.7,0.2269694946798024,102.30833333333334,102.7,0.2962323803847358,280.8333333333333,317.8,27.138361532466416,308.2583333333333,390.1,39.90608197740831,484.2041666666667,994.2,220.734610432423,-26.400000000000038,0.8990825688073393,0.12682986,0.014947845,0.23488519,0.6537731,12h,LOW,-74.40000000000003,-0.0099999999999997,0.0,0.0,-0.2399999999999993,False,False,False
2022-09-28 06:00:00+00:00,5.29,0.042,7.38,12.92,102.0,257.3,15,False,2022-09-28 06:00:00+00:00,6,2,9,271,1.0,6.123233995736766e-17,-1.0,-1.8369701987210294e-16,5.4,5.65,5.76,5.19,6.11,0.041,0.041,0.041,0.04,0.041,7.38,7.37,7.39,7.39,7.5,12.89,12.82,12.85,13.02,12.64,102.0,102.1,102.6,102.4,101.8,235.2,265.6,279.3,390.1,940.7,-0.3600000000000003,-0.4699999999999997,0.0999999999999996,-0.8200000000000003,0.001,0.001,0.002,0.001,0.0099999999999997,-0.0099999999999997,-0.0099999999999997,-0.1200000000000001,0.0999999999999996,0.0700000000000002,-0.0999999999999996,0.2799999999999993,-0.0999999999999943,-0.5999999999999943,-0.4000000000000057,0.2000000000000028,-8.300000000000011,-22.0,-132.8,-683.4000000000001,5.655,5.8,0.1618332475111217,5.5275,5.8,0.2121802407045858,5.5304166666666665,6.11,0.2551977778059516,0.041,0.041,0.0,0.0405833333333333,0.041,0.0005149286505442,0.0400833333333333,0.041,0.0008297022339982,7.383333333333333,7.4,0.0103279555899032,7.385833333333333,7.41,0.0131137217055121,7.405833333333334,7.5,0.0383254560274253,12.836666666666668,12.89,0.0332665998663597,12.902500000000002,13.02,0.080127738926394,12.890833333333331,13.02,0.1073764878589723,102.21666666666664,102.6,0.2316606713850642,102.4,102.7,0.2593698657762288,102.32083333333334,102.7,0.2750164685450962,268.43333333333334,317.8,28.336454730026848,300.2583333333333,390.1,44.27255374553479,452.57916666666665,940.7,197.6547956482553,22.100000000000023,1.0939625850340138,0.048689637,0.03819373,0.5448108,0.38182116,12h,HIGH,-22.0,-0.0099999999999997,0.0700000000000002,0.001,-0.4699999999999997,False,False,True
2022-09-28 07:00:00+00:00,5.2,0.042,7.36,12.95,102.0,175.7,15,False,2022-09-28 07:00:00+00:00,7,2,9,271,0.9659258262890684,-0.2588190451025206,-1.0,-1.8369701987210294e-16,5.29,5.53,5.8,5.23,5.96,0.042,0.041,0.041,0.04,0.041,7.38,7.38,7.4,7.37,7.49,12.92,12.85,12.81,13.01,12.7,102.0,102.0,102.3,102.5,101.9,257.3,261.6,317.8,343.6,831.3,-0.33,-0.5999999999999996,-0.0300000000000002,-0.7599999999999998,0.001,0.001,0.002,0.001,-0.0199999999999995,-0.04,-0.0099999999999997,-0.1299999999999999,0.0999999999999996,0.1399999999999988,-0.0600000000000005,0.25,0.0,-0.2999999999999971,-0.5,0.0999999999999943,-85.90000000000003,-142.10000000000002,-167.90000000000003,-655.5999999999999,5.576666666666667,5.8,0.2080064101576247,5.535833333333333,5.8,0.1992923085380507,5.49625,5.96,0.2276307555440591,0.0411666666666666,0.042,0.0004082482904638,0.04075,0.042,0.0006215815605079,0.040125,0.042,0.0008998792189488,7.381666666666667,7.4,0.0098319208025197,7.385000000000001,7.41,0.0131425748134523,7.400833333333334,7.49,0.0329580321630085,12.848333333333334,12.92,0.047923550230222,12.894166666666663,13.01,0.0715361743625284,12.902499999999998,13.02,0.093215505334591,102.11666666666667,102.3,0.1471960144385126,102.36666666666666,102.7,0.2839120649181904,102.32916666666668,102.7,0.2612331403616124,264.7666666666667,317.8,28.07124269901251,289.19166666666666,343.6,35.502738904156644,424.1041666666667,831.3,171.81420824773784,-81.60000000000002,0.6828604741546832,0.007738295,0.01606124,0.16082054,0.41819113,12h,LOW,-142.10000000000002,-0.04,0.1399999999999988,0.001,-0.5999999999999996,False,False,False
2022-09-28 08:00:00+00:00,5.14,0.042,7.36,12.98,102.0,239.4,15,False,2022-09-28 08:00:00+00:00,8,2,9,271,0.8660254037844387,-0.4999999999999998,-1.0,-1.8369701987210294e-16,5.2,5.4,5.79,5.31,5.81,0.042,0.041,0.041,0.04,0.04,7.36,7.38,7.38,7.37,7.47,12.95,12.89,12.8,13.0,12.75,102.0,102.0,102.3,102.6,102.0,175.7,235.2,251.1,327.5,763.4,-0.2600000000000007,-0.6500000000000004,-0.1699999999999999,-0.6699999999999999,0.001,0.001,0.002,0.002,-0.0199999999999995,-0.0199999999999995,-0.0099999999999997,-0.1099999999999994,0.0899999999999998,0.1799999999999997,-0.0199999999999995,0.2300000000000004,0.0,-0.2999999999999971,-0.5999999999999943,0.0,4.200000000000017,-11.699999999999989,-88.1,-524.0,5.476666666666667,5.79,0.2228601953392784,5.533333333333334,5.8,0.2036187762968028,5.464583333333334,5.81,0.2126842764504913,0.0413333333333333,0.042,0.0005163977794943,0.0409166666666666,0.042,0.0006685579234213,0.0401666666666666,0.042,0.0009630868246863,7.375,7.38,0.0083666002653624,7.384166666666666,7.41,0.0144337567297375,7.395416666666667,7.47,0.0279719061958919,12.871666666666668,12.95,0.0584522597225191,12.889166666666668,13.0,0.064449886569254,12.912916666666666,13.02,0.0830127893062652,102.06666666666666,102.3,0.1211060141635591,102.325,102.7,0.298861475968767,102.33333333333331,102.7,0.2548088229082457,241.08333333333331,265.6,33.74880244789255,275.2,327.5,44.144164650914135,396.7875,763.4,155.61242074182368,63.70000000000002,1.3625498007968129,0.08381317,0.17826915,0.34512466,0.32300025,12h,MEDIUM,-11.699999999999989,-0.0199999999999995,0.1799999999999997,0.001,-0.6500000000000004,False,False,True
2022-09-28 09:00:00+00:00,5.05,0.043,7.36,13.0,102.0,150.5,15,False,2022-09-28 09:00:00+00:00,9,2,9,271,0.7071067811865476,-0.7071067811865475,-1.0,-1.8369701987210294e-16,5.14,5.29,5.65,5.47,5.69,0.042,0.042,0.041,0.04,0.039,7.36,7.38,7.37,7.41,7.45,12.98,12.92,12.82,12.96,12.79,102.0,102.0,102.1,102.7,101.9,239.4,257.3,265.6,326.1,656.8,-0.2400000000000002,-0.6000000000000005,-0.4199999999999999,-0.6400000000000006,0.0009999999999999,0.0019999999999999,0.0029999999999999,0.0039999999999999,-0.0199999999999995,-0.0099999999999997,-0.0499999999999998,-0.0899999999999998,0.08,0.1799999999999997,0.0399999999999991,0.2100000000000008,0.0,-0.0999999999999943,-0.7000000000000028,0.0999999999999943,-106.8,-115.10000000000002,-175.60000000000002,-506.3,5.368333333333333,5.65,0.1965112380162027,5.519166666666667,5.8,0.2253263626320081,5.436666666666667,5.8,0.2093191170285613,0.0415,0.042,0.0005477225575051,0.0410833333333333,0.042,0.0006685579234213,0.04025,0.042,0.0010320936930844,7.371666666666666,7.38,0.0098319208025206,7.383333333333334,7.41,0.0155699788832274,7.390833333333333,7.45,0.0239413534662717,12.901666666666666,12.98,0.0604703784233994,12.8875,12.98,0.0615149649198693,12.9225,13.02,0.0763999772365131,102.01666666666668,102.1,0.0408248290453938,102.275,102.7,0.2988614759687626,102.33333333333331,102.7,0.2548088229082457,239.13333333333333,265.6,33.390397821333,267.8583333333333,326.1,41.92561504580988,374.95416666666665,656.8,137.6630447684761,-88.9,0.6286549707602339,0.00074632803,0.0028894916,0.013675855,0.060889725,NO SIGNIFICANT RISK,LOW,-115.10000000000002,-0.0099999999999997,0.1799999999999997,0.0019999999999999,-0.6000000000000005,False,False,False
2022-09-28 10:00:00+00:00,4.95,0.043,7.37,13.03,101.9,178.0,15,False,2022-09-28 10:00:00+00:00,10,2,9,271,0.4999999999999999,-0.8660254037844387,-1.0,-1.8369701987210294e-16,5.05,5.2,5.53,5.56,5.58,0.043,0.042,0.041,0.04,0.039,7.36,7.36,7.38,7.4,7.43,13.0,12.95,12.85,12.93,12.85,102.0,102.0,102.0,102.7,102.2,150.5,175.7,261.6,295.6,630.3,-0.25,-0.5800000000000001,-0.6099999999999994,-0.6299999999999999,0.0009999999999999,0.0019999999999999,0.0029999999999999,0.0039999999999999,0.0099999999999997,-0.0099999999999997,-0.0300000000000002,-0.0599999999999996,0.08,0.1799999999999997,0.0999999999999996,0.1799999999999997,-0.0999999999999943,-0.0999999999999943,-0.7999999999999972,-0.2999999999999971,2.300000000000012,-83.60000000000002,-117.60000000000002,-452.3,5.2683333333333335,5.53,0.1761154924095549,5.484166666666667,5.8,0.2631093216735529,5.41,5.8,0.2162928771264678,0.0418333333333333,0.043,0.000752772652709,0.0413333333333333,0.043,0.0007784989441614,0.0404166666666666,0.043,0.0011389036172019,7.37,7.38,0.0109544511501204,7.379166666666666,7.4,0.0144337567297362,7.387083333333333,7.43,0.0211576210273287,12.931666666666668,13.0,0.0563619256827637,12.890833333333331,13.0,0.0666685605791724,12.93125,13.02,0.0724906290795467,102.0,102.0,0.0,102.21666666666664,102.7,0.2757908737805659,102.33750000000002,102.7,0.2481452940446859,219.95,261.6,45.87368526726652,253.225,317.8,49.67769071268504,353.8583333333333,630.3,131.23781903448207,27.5,1.1827242524916943,0.0003398,0.0033161887,0.005171883,0.021912819,NO SIGNIFICANT RISK,LOW,-83.60000000000002,-0.0099999999999997,0.1799999999999997,0.0019999999999999,-0.5800000000000001,False,False,False
2022-09-28 11:00:00+00:00,4.86,0.043,7.35,13.07,101.9,246.3,15,False,2022-09-28 11:00:00+00:00,11,2,9,271,0.258819045102521,-0.9659258262890682,-1.0,-1.8369701987210294e-16,4.95,5.14,5.4,5.64,5.49,0.043,0.042,0.041,0.041,0.039,7.37,7.36,7.38,7.39,7.43,13.03,12.98,12.89,12.89,12.9,101.9,102.0,102.0,102.6,102.3,178.0,239.4,235.2,309.6,559.3,-0.2799999999999993,-0.54,-0.7799999999999994,-0.6299999999999999,0.0009999999999999,0.0019999999999999,0.0019999999999999,0.0039999999999999,-0.0100000000000006,-0.0300000000000002,-0.04,-0.08,0.0899999999999998,0.1799999999999997,0.1799999999999997,0.1699999999999999,-0.0999999999999943,-0.0999999999999943,-0.6999999999999886,-0.3999999999999915,6.900000000000006,11.100000000000025,-63.30000000000001,-312.99999999999994,5.171666666666667,5.4,0.1624089488502999,5.433333333333334,5.8,0.3030251514713672,5.38375,5.8,0.2323942022026027,0.0421666666666666,0.043,0.000752772652709,0.0415833333333333,0.043,0.0007929614610986,0.0405833333333333,0.043,0.001212853862901,7.368333333333333,7.38,0.009831920802521,7.376666666666666,7.4,0.0130267789455731,7.384583333333334,7.43,0.0193321463903463,12.961666666666668,13.03,0.0519294393063283,12.899166666666666,13.03,0.0773960691195186,12.93875,13.03,0.0730284340097311,101.98333333333332,102.0,0.0408248290463839,102.15,102.6,0.2430862174022763,102.325,102.7,0.2625129396396725,206.01666666666665,257.3,43.31796009355588,243.425,317.8,52.09892905896096,335.0125,559.3,121.96214420698396,68.30000000000001,1.3837078651685395,0.0008556059,0.009901579,0.027490964,0.066238604,NO SIGNIFICANT RISK,LOW,11.100000000000025,-0.0300000000000002,0.1799999999999997,0.0019999999999999,-0.54,False,False,False
2022-09-28 12:00:00+00:00,4.77,0.043,7.35,13.1,101.9,222.2,15,False,2022-09-28 12:00:00+00:00,12,2,9,271,1.2246467991473532e-16,-1.0,-1.0,-1.8369701987210294e-16,4.86,5.05,5.29,5.76,5.43,0.043,0.043,0.042,0.041,0.039,7.35,7.36,7.38,7.39,7.41,13.07,13.0,12.92,12.85,12.92,101.9,102.0,102.0,102.6,102.3,246.3,150.5,257.3,279.3,533.6,-0.2800000000000002,-0.5200000000000005,-0.9900000000000002,-0.6600000000000001,0.0,0.0009999999999999,0.0019999999999999,0.0039999999999999,-0.0100000000000006,-0.0300000000000002,-0.04,-0.0600000000000005,0.0999999999999996,0.1799999999999997,0.25,0.1799999999999997,-0.0999999999999943,-0.0999999999999943,-0.6999999999999886,-0.3999999999999915,71.69999999999999,-35.10000000000002,-57.10000000000002,-311.40000000000003,5.081666666666667,5.29,0.1601769854462829,5.368333333333333,5.8,0.3364745926740307,5.357500000000001,5.8,0.2544089484343482,0.0425,0.043,0.0005477225575051,0.04175,0.043,0.0008660254037843,0.04075,0.043,0.0012597446256045,7.363333333333333,7.38,0.0103279555899051,7.373333333333334,7.4,0.0143548112513,7.38125,7.41,0.0180126766955638,12.991666666666664,13.07,0.0541910201663516,12.914166666666668,13.07,0.0915977702520826,12.945833333333336,13.07,0.0772301285355905,101.96666666666668,102.0,0.0516397779494297,102.09166666666668,102.6,0.2065224325625425,102.30833333333334,102.7,0.2764946208560292,207.86666666666667,257.3,45.01727075986392,238.15,317.8,47.81832094690856,321.97083333333336,552.7,113.36792153893404,-24.100000000000023,0.9021518473406414,0.0019995007,0.045715813,0.06894794,0.05922749,NO SIGNIFICANT RISK,LOW,-35.10000000000002,-0.0300000000000002,0.1799999999999997,0.0009999999999999,-0.5200000000000005,False,False,False
2022-09-28 13:00:00+00:00,4.69,0.043,7.35,13.13,102.0,406.3,15,True,2022-09-28 13:00:00+00:00,13,2,9,271,-0.2588190451025208,-0.9659258262890684,-1.0,-1.8369701987210294e-16,4.77,4.95,5.2,5.8,5.35,0.043,0.043,0.042,0.041,0.039,7.35,7.37,7.36,7.4,7.39,13.1,13.03,12.95,12.81,12.97,101.9,101.9,102.0,102.3,102.5,222.2,178.0,175.7,317.8,552.7,-0.2599999999999998,-0.5099999999999998,-1.1099999999999994,-0.6599999999999993,0.0,0.0009999999999999,0.0019999999999999,0.0039999999999999,-0.0200000000000004,-0.0100000000000006,-0.0500000000000007,-0.04,0.1000000000000014,0.1800000000000015,0.3200000000000003,0.1600000000000001,0.0999999999999943,0.0,-0.2999999999999971,-0.5,228.3,230.6,88.5,-146.40000000000003,4.995,5.2,0.1654992447112421,5.285833333333334,5.8,0.3526898800861116,5.329999999999999,5.8,0.2805584493082559,0.0426666666666666,0.043,0.0005163977794942,0.0419166666666666,0.043,0.0009003366373784,0.0409166666666666,0.043,0.0012825472842091,7.358333333333333,7.37,0.0075277265271167,7.37,7.4,0.0147709789175141,7.37875,7.41,0.0180126766955631,13.021666666666668,13.1,0.0563619256827701,12.935000000000002,13.1,0.103352881826391,12.953333333333331,13.1,0.0831272814877095,101.95,102.0,0.0547722557505148,102.03333333333332,102.3,0.1370688833685846,102.29166666666669,102.7,0.2888006182497687,202.01666666666665,246.3,39.2153753860256,233.39166666666665,317.8,46.16363106746552,308.99583333333334,552.7,105.65108069229208,184.1,1.8285328532853289,0.014750392,0.2505275,0.14570473,0.038169827,6h,LOW,230.6,-0.0100000000000006,0.1800000000000015,0.0009999999999999,-0.5099999999999998,True,True,False
2022-09-28 14:00:00+00:00,4.6,0.044,7.33,13.15,101.9,283.0,15,False,2022-09-28 14:00:00+00:00,14,2,9,271,-0.4999999999999997,-0.8660254037844388,-1.0,-1.8369701987210294e-16,4.69,4.86,5.14,5.79,5.29,0.043,0.043,0.042,0.041,0.039,7.35,7.35,7.36,7.38,7.35,13.13,13.07,12.98,12.8,13.0,102.0,101.9,102.0,102.3,102.6,406.3,246.3,239.4,251.1,508.6,-0.2600000000000007,-0.54,-1.1900000000000004,-0.6900000000000004,0.001,0.0019999999999999,0.0029999999999999,0.0049999999999999,-0.0199999999999995,-0.0300000000000002,-0.0499999999999998,-0.0199999999999995,0.08,0.1699999999999999,0.3499999999999996,0.1500000000000003,0.0,-0.0999999999999943,-0.3999999999999915,-0.6999999999999886,36.69999999999999,43.6,31.90000000000001,-225.6,4.91,5.14,0.1700588133558241,5.193333333333333,5.79,0.351136682357419,5.3025,5.8,0.3093787604075244,0.0428333333333333,0.043,0.0004082482904638,0.0420833333333333,0.043,0.0009003366373784,0.0410833333333333,0.043,0.0012825472842091,7.356666666666666,7.37,0.0081649658093011,7.365833333333334,7.38,0.0124011240937136,7.377083333333332,7.41,0.0187614699217019,13.051666666666668,13.13,0.058452259722531,12.961666666666668,13.13,0.1092813993432825,12.96,13.13,0.0906018523661333,101.95,102.0,0.0547722557505148,102.00833333333333,102.3,0.1083624669452227,102.27083333333331,102.7,0.2911434229956454,240.45,406.3,89.29234569659494,240.76666666666668,406.3,64.35817859071905,302.8958333333333,508.6,94.61887153971564,-123.3,0.6965296578882599,0.0045501636,0.015041682,0.11865271,0.048455965,NO SIGNIFICANT RISK,LOW,43.6,-0.0300000000000002,0.1699999999999999,0.0019999999999999,-0.54,False,False,False
2022-09-28 15:00:00+00:00,4.52,0.044,7.35,13.18,101.9,183.1,15,False,2022-09-28 15:00:00+00:00,15,2,9,271,-0.7071067811865471,-0.7071067811865479,-1.0,-1.8369701987210294e-16,4.6,4.77,5.05,5.65,5.27,0.044,0.043,0.043,0.041,0.039,7.33,7.35,7.36,7.37,7.39,13.15,13.1,13.0,12.82,13.0,101.9,101.9,102.0,102.1,102.5,283.0,222.2,150.5,265.6,469.0,-0.25,-0.5300000000000002,-1.1300000000000008,-0.75,0.001,0.001,0.0029999999999999,0.0049999999999999,0.0,-0.0100000000000006,-0.0200000000000004,-0.04,0.08,0.1799999999999997,0.3599999999999994,0.1799999999999997,0.0,-0.0999999999999943,-0.1999999999999886,-0.5999999999999943,-39.1,32.599999999999994,-82.50000000000003,-285.9,4.819999999999999,5.05,0.1668532289168855,5.094166666666667,5.65,0.3349751234544735,5.27375,5.8,0.3410318421955581,0.0431666666666666,0.044,0.0004082482904638,0.0423333333333333,0.044,0.0009847319278345,0.0412916666666666,0.044,0.0013344650993748,7.351666666666667,7.37,0.0132916013582658,7.361666666666667,7.38,0.0152752523165123,7.37625,7.41,0.0203902150445978,13.08,13.15,0.0579655069847892,12.990833333333336,13.15,0.1089168434535287,12.96625,13.15,0.0983256567870739,101.93333333333334,102.0,0.0516397779494297,101.975,102.1,0.0621581560510288,102.24166666666667,102.7,0.2917960375608763,247.7166666666667,406.3,90.94854406018206,243.425,406.3,65.47296631573641,293.49583333333334,481.9,83.8927393819896,-99.9,0.6469964664310954,0.0013087447,0.0029383376,0.010293755,0.00919064,NO SIGNIFICANT RISK,LOW,32.599999999999994,-0.0100000000000006,0.1799999999999997,0.001,-0.5300000000000002,False,False,False
2022-09-28 16:00:00+00:00,4.44,0.044,7.35,13.2,101.9,296.6,15,False,2022-09-28 16:00:00+00:00,16,2,9,271,-0.8660254037844385,-0.5000000000000004,-1.0,-1.8369701987210294e-16,4.52,4.69,4.95,5.53,5.23,0.044,0.043,0.043,0.041,0.04,7.35,7.35,7.37,7.38,7.41,13.18,13.13,13.03,12.85,13.01,101.9,102.0,101.9,102.0,102.5,183.1,406.3,178.0,261.6,481.9,-0.25,-0.5099999999999998,-1.09,-0.79,0.001,0.001,0.0029999999999999,0.0039999999999999,0.0,-0.0200000000000004,-0.0300000000000002,-0.0600000000000005,0.0699999999999985,0.1699999999999999,0.3499999999999996,0.1899999999999995,-0.0999999999999943,0.0,-0.0999999999999943,-0.5999999999999943,-109.7,118.60000000000002,35.0,-185.29999999999995,4.7316666666666665,4.95,0.1609244128982823,5.0,5.53,0.3231380228604943,5.2425,5.8,0.3741454030302752,0.0433333333333333,0.044,0.0005163977794943,0.0425833333333333,0.044,0.0009962049198955,0.0415,0.044,0.0013513278493844,7.35,7.37,0.0126491106406887,7.359999999999999,7.38,0.0153741222957087,7.374583333333334,7.41,0.020847096902808,13.11,13.18,0.0547722557505507,13.020833333333334,13.18,0.1071497111804891,12.97375,13.18,0.1074532254154092,101.91666666666669,102.0,0.0408248290463839,101.95833333333331,102.0,0.0514928650547012,102.21666666666668,102.7,0.2943920288775863,253.15,406.3,84.74112932927085,236.55,406.3,67.24040316789863,281.5833333333333,481.9,77.97813331545103,113.50000000000004,1.6198798470780995,0.0020907987,0.011267035,0.006662143,0.008229101,NO SIGNIFICANT RISK,LOW,118.60000000000002,-0.0200000000000004,0.1699999999999999,0.001,-0.5099999999999998,False,False,False
2022-09-28 17:00:00+00:00,4.34,0.044,7.36,13.24,101.9,183.6,15,False,2022-09-28 17:00:00+00:00,17,2,9,271,-0.9659258262890684,-0.2588190451025206,-1.0,-1.8369701987210294e-16,4.44,4.6,4.86,5.4,5.19,0.044,0.044,0.043,0.041,0.04,7.35,7.33,7.35,7.38,7.39,13.2,13.15,13.07,12.89,13.02,101.9,101.9,101.9,102.0,102.4,296.6,283.0,246.3,235.2,331.2,-0.2599999999999998,-0.5200000000000005,-1.0600000000000005,-0.8500000000000005,0.0,0.001,0.0029999999999999,0.0039999999999999,0.0300000000000002,0.0100000000000006,-0.0199999999999995,-0.0299999999999993,0.0899999999999998,0.1699999999999999,0.3499999999999996,0.2200000000000006,0.0,0.0,-0.0999999999999943,-0.5,-99.4,-62.70000000000002,-51.6,-147.6,4.6466666666666665,4.86,0.157183544516137,4.909166666666667,5.4,0.3136720445228742,5.209583333333334,5.8,0.4084698825219888,0.0435,0.044,0.0005477225575051,0.0428333333333333,0.044,0.0009374368665609,0.0416666666666666,0.044,0.0014039282363261,7.346666666666667,7.35,0.0081649658093005,7.357499999999999,7.38,0.0142222616792296,7.372083333333332,7.41,0.0199954705015758,13.138333333333334,13.2,0.0487510683644001,13.05,13.2,0.1040104889815607,12.981666666666667,13.2,0.1168301132513348,101.91666666666669,102.0,0.0408248290463839,101.95,102.0,0.0522232967869578,102.19166666666668,102.7,0.2947610184047546,272.9166666666667,406.3,77.20278276504588,239.46666666666667,406.3,69.15753207297075,273.8625,406.3,65.44882376795347,-113.00000000000004,0.6190155091031692,0.00042513438,0.0011363584,0.012201348,0.007883051,NO SIGNIFICANT RISK,LOW,-62.70000000000002,0.0100000000000006,0.1699999999999999,0.001,-0.5200000000000005,False,False,False
2022-09-28 18:00:00+00:00,4.26,0.045,7.35,13.27,101.9,141.3,15,False,2022-09-28 18:00:00+00:00,18,2,9,271,-1.0,-1.8369701987210294e-16,-1.0,-1.8369701987210294e-16,4.34,4.52,4.77,5.29,5.19,0.044,0.044,0.043,0.042,0.04,7.36,7.35,7.35,7.38,7.39,13.24,13.18,13.1,12.92,13.02,101.9,101.9,101.9,102.0,102.4,183.6,183.1,222.2,257.3,390.1,-0.2599999999999998,-0.5099999999999998,-1.0300000000000002,-0.9300000000000006,0.001,0.002,0.0029999999999999,0.0049999999999999,0.0,0.0,-0.0300000000000002,-0.04,0.0899999999999998,0.1699999999999999,0.3499999999999996,0.25,0.0,0.0,-0.0999999999999943,-0.5,-41.79999999999998,-80.89999999999998,-116.0,-248.8,4.56,4.77,0.1593737745050587,4.820833333333333,5.29,0.3121322078086859,5.174166666666666,5.8,0.4454203355958387,0.0436666666666666,0.044,0.0005163977794943,0.0430833333333333,0.044,0.0007929614610986,0.0418333333333333,0.044,0.0014345630047136,7.348333333333333,7.36,0.0098319208025213,7.355833333333334,7.38,0.0124011240937112,7.370833333333334,7.41,0.0197630895900562,13.166666666666666,13.24,0.0504645089807734,13.079166666666666,13.24,0.1041378748088252,12.990833333333336,13.24,0.1280596554825907,101.91666666666669,102.0,0.0408248290463839,101.94166666666668,102.0,0.0514928650546916,102.17083333333332,102.7,0.2970568188464637,262.46666666666664,406.3,85.34067416341912,235.16666666666663,406.3,71.02586383376881,267.71250000000003,406.3,66.74858938421502,-42.29999999999998,0.7696078431372549,0.00013450092,0.00042051787,0.0009813869,0.0034179548,NO SIGNIFICANT RISK,LOW,-80.89999999999998,0.0,0.1699999999999999,0.002,-0.5099999999999998,False,False,False
2022-09-28 19:00:00+00:00,4.22,0.045,7.35,13.28,101.9,149.8,15,False,2022-09-28 19:00:00+00:00,19,2,9,271,-0.9659258262890684,0.2588190451025203,-1.0,-1.8369701987210294e-16,4.26,4.44,4.69,5.2,5.23,0.045,0.044,0.043,0.042,0.04,7.35,7.35,7.35,7.36,7.37,13.27,13.2,13.13,12.95,13.01,101.9,101.9,102.0,102.0,102.5,141.3,296.6,406.3,175.7,343.6,-0.2200000000000006,-0.4700000000000006,-0.9800000000000004,-1.010000000000001,0.001,0.002,0.0029999999999999,0.0049999999999999,0.0,0.0,-0.0100000000000006,-0.0200000000000004,0.08,0.1499999999999985,0.33,0.2699999999999996,0.0,-0.0999999999999943,-0.0999999999999943,-0.5999999999999943,-146.8,-256.5,-25.899999999999977,-193.8,4.4750000000000005,4.69,0.1609658348842663,4.735,5.2,0.3130059540531744,5.135416666666667,5.8,0.482862651879083,0.044,0.045,0.0006324555320336,0.0433333333333333,0.045,0.0008876253645984,0.0420416666666666,0.045,0.0015174110293142,7.348333333333334,7.36,0.0098319208025213,7.353333333333333,7.37,0.0098473192783332,7.3691666666666675,7.41,0.0197630895900557,13.195,13.27,0.0531977443131191,13.108333333333334,13.27,0.104519100762703,13.00125,13.27,0.140133864572419,101.91666666666669,102.0,0.0408248290463839,101.93333333333334,102.0,0.0492365963919894,102.15,102.7,0.2978181528616146,248.98333333333332,406.3,98.37104079284146,225.5,406.3,75.4930099112115,257.34583333333336,406.3,66.23272525668463,8.5,1.0601556970983723,0.00012522642,0.00011747387,0.00022393033,0.0012400114,NO SIGNIFICANT RISK,LOW,-256.5,0.0,0.1499999999999985,0.002,-0.4700000000000006,False,False,False
2022-09-28 20:00:00+00:00,4.32,0.045,7.37,13.27,102.1,139.3,15,False,2022-09-28 20:00:00+00:00,20,2,9,271,-0.8660254037844386,0.5000000000000001,-1.0,-1.8369701987210294e-16,4.22,4.34,4.6,5.14,5.31,0.045,0.044,0.044,0.042,0.04,7.35,7.36,7.33,7.36,7.37,13.28,13.24,13.15,12.98,13.0,101.9,101.9,101.9,102.0,102.6,149.8,183.6,283.0,239.4,327.5,-0.0199999999999995,-0.2799999999999993,-0.8199999999999994,-0.9899999999999992,0.001,0.001,0.0029999999999999,0.0049999999999999,0.0099999999999997,0.04,0.0099999999999997,0.0,0.0299999999999993,0.1199999999999992,0.2899999999999991,0.2699999999999996,0.1999999999999886,0.1999999999999886,0.0999999999999943,-0.5,-44.29999999999998,-143.7,-100.1,-188.2,4.3966666666666665,4.6,0.1493541652136129,4.653333333333333,5.14,0.3084663922561528,5.093333333333333,5.8,0.5170624944708287,0.0443333333333333,0.045,0.0005163977794943,0.0435833333333333,0.045,0.0009003366373784,0.04225,0.045,0.0015673294928415,7.348333333333334,7.36,0.0098319208025213,7.352499999999999,7.37,0.0096530729916204,7.368333333333333,7.41,0.0201444062074043,13.22,13.28,0.0517687164222185,13.135833333333332,13.28,0.102465811001739,13.012499999999998,13.28,0.1512628003925945,101.9,101.9,0.0,101.925,102.0,0.045226701686942,102.125,102.7,0.292292289683949,206.2333333333333,296.6,67.09356650728068,223.3416666666667,406.3,77.3925584669504,249.27083333333331,406.3,67.06816441156091,-10.5,0.9299065420560748,6.241113e-05,0.0002408095,0.00014688227,0.0015526948,NO SIGNIFICANT RISK,LOW,-143.7,0.04,0.1199999999999992,0.001,-0.2799999999999993,False,False,False
2022-09-28 21:00:00+00:00,4.56,0.045,7.37,13.22,102.3,147.9,15,False,2022-09-28 21:00:00+00:00,21,2,9,271,-0.7071067811865477,0.7071067811865474,-1.0,-1.8369701987210294e-16,4.32,4.26,4.52,5.05,5.47,0.045,0.045,0.044,0.043,0.04,7.37,7.35,7.35,7.36,7.41,13.27,13.27,13.18,13.0,12.96,102.1,101.9,101.9,102.0,102.7,139.3,141.3,183.1,150.5,326.1,0.2999999999999998,0.04,-0.4900000000000002,-0.91,0.0,0.001,0.002,0.0049999999999999,0.0200000000000004,0.0200000000000004,0.0099999999999997,-0.04,-0.0499999999999989,0.0400000000000009,0.2200000000000006,0.2599999999999998,0.3999999999999915,0.3999999999999915,0.2999999999999971,-0.4000000000000057,6.599999999999994,-35.19999999999999,-2.5999999999999943,-178.20000000000002,4.3500000000000005,4.52,0.1122497216031663,4.585,5.05,0.2804055504573423,5.052083333333333,5.8,0.538088235585347,0.0445,0.045,0.0005477225575051,0.0438333333333333,0.045,0.0008348471099366,0.0424583333333333,0.045,0.0015874279625331,7.355,7.37,0.0083666002653643,7.353333333333333,7.37,0.0107308673997609,7.368333333333333,7.41,0.0201444062074043,13.24,13.28,0.0414728827067055,13.160000000000002,13.28,0.0963893619177492,13.02375,13.28,0.1600764083859343,101.93333333333334,102.1,0.0816496580927679,101.93333333333334,102.1,0.0651338947280834,102.10416666666669,102.7,0.2742248627719745,182.28333333333333,296.6,59.41896722989141,215.0,406.3,80.82293778827271,241.42916666666667,406.3,68.51060520359057,8.599999999999994,1.061737257717157,0.0004097852,0.00023315854,0.00041096157,0.0039191456,NO SIGNIFICANT RISK,LOW,-35.19999999999999,0.0200000000000004,0.0400000000000009,0.001,0.04,False,False,False
2022-09-28 22:00:00+00:00,4.9,0.046,7.38,13.11,102.4,137.2,15,False,2022-09-28 22:00:00+00:00,22,2,9,271,-0.5000000000000004,0.8660254037844384,-1.0,-1.8369701987210294e-16,4.56,4.22,4.44,4.95,5.56,0.045,0.045,0.044,0.043,0.04,7.37,7.35,7.35,7.37,7.4,13.22,13.28,13.2,13.03,12.93,102.3,101.9,101.9,101.9,102.7,147.9,149.8,296.6,178.0,295.6,0.6800000000000006,0.4599999999999999,-0.0499999999999998,-0.6599999999999993,0.001,0.002,0.003,0.0059999999999999,0.0300000000000002,0.0300000000000002,0.0099999999999997,-0.0200000000000004,-0.1699999999999999,-0.0899999999999998,0.08,0.1799999999999997,0.5,0.5,0.5,-0.2999999999999971,-12.600000000000025,-159.40000000000003,-40.80000000000001,-158.40000000000003,4.3566666666666665,4.56,0.1248465725066372,4.5441666666666665,4.95,0.2391826359361109,5.014166666666666,5.8,0.5394193066676296,0.0446666666666666,0.045,0.0005163977794943,0.0439999999999999,0.045,0.0008528028654223,0.0426666666666666,0.045,0.0015788456616112,7.358333333333333,7.37,0.0098319208025218,7.354166666666667,7.37,0.0116450015288019,7.366666666666667,7.4,0.0180979620920055,13.246666666666668,13.28,0.0320416395752594,13.178333333333336,13.28,0.0832120329294042,13.034583333333332,13.28,0.1643162160000685,102.0,102.3,0.1673320053068123,101.95833333333331,102.3,0.1240112409373117,102.08750000000002,102.7,0.2472676775233968,176.41666666666666,296.6,61.037870757972144,214.78333333333333,406.3,81.0148228113303,234.0041666666667,406.3,68.59160475417931,-10.700000000000015,0.9276538201487492,0.0002814909,0.00017502999,0.00037885926,0.0025620235,NO SIGNIFICANT RISK,LOW,-159.40000000000003,0.0300000000000002,-0.0899999999999998,0.002,0.4599999999999999,False,False,False
2022-09-28 23:00:00+00:00,5.3,0.046,7.39,12.99,102.5,150.3,15,False,2022-09-28 23:00:00+00:00,23,2,9,271,-0.2588190451025215,0.965925826289068,-1.0,-1.8369701987210294e-16,4.9,4.32,4.34,4.86,5.64,0.046,0.045,0.044,0.043,0.041,7.38,7.37,7.36,7.35,7.39,13.11,13.27,13.24,13.07,12.89,102.4,102.1,101.9,101.9,102.6,137.2,139.3,183.6,246.3,309.6,0.9799999999999996,0.96,0.4399999999999995,-0.3399999999999998,0.001,0.002,0.003,0.0049999999999999,0.0199999999999995,0.0299999999999993,0.04,0.0,-0.2799999999999993,-0.25,-0.08,0.0999999999999996,0.4000000000000057,0.5999999999999943,0.5999999999999943,-0.0999999999999943,11.0,-33.29999999999998,-96.0,-159.3,4.433333333333334,4.9,0.2572676945647378,4.54,4.9,0.2317914423081354,4.986666666666667,5.8,0.5270646084203191,0.045,0.046,0.0006324555320336,0.04425,0.046,0.0009653072991633,0.0429166666666666,0.046,0.0016129008882639,7.363333333333333,7.38,0.0121106014164061,7.355,7.38,0.0131425748134455,7.365833333333334,7.4,0.0169183889320931,13.231666666666667,13.28,0.0636919670497848,13.185,13.28,0.0728010988928179,13.042083333333332,13.28,0.1634406997012744,102.08333333333331,102.4,0.2228601953392922,102.0,102.4,0.1758098145983757,102.075,102.6,0.2211629342323181,149.85,183.6,17.246999739092452,211.38333333333333,406.3,83.51638743202857,227.40416666666667,406.3,70.01308870903812,13.100000000000025,1.0954810495626823,0.00017329758,0.00028985587,0.0006694219,0.003095702,NO SIGNIFICANT RISK,LOW,-33.29999999999998,0.0299999999999993,-0.25,0.002,0.96,False,False,False
2022-09-29 00:00:00+00:00,5.61,0.046,7.42,12.88,102.5,140.3,15,False,2022-09-29 00:00:00+00:00,0,3,9,272,0.0,1.0,-1.0,-1.8369701987210294e-16,5.3,4.56,4.26,4.77,5.76,0.046,0.045,0.045,0.043,0.041,7.39,7.37,7.35,7.35,7.39,12.99,13.22,13.27,13.1,12.85,102.5,102.3,101.9,101.9,102.6,150.3,147.9,141.3,222.2,279.3,1.0500000000000007,1.3500000000000003,0.8400000000000007,-0.1499999999999994,0.001,0.001,0.003,0.0049999999999999,0.0499999999999998,0.0700000000000002,0.0700000000000002,0.0300000000000002,-0.3399999999999998,-0.3899999999999988,-0.2199999999999988,0.0300000000000011,0.2000000000000028,0.5999999999999943,0.5999999999999943,-0.0999999999999943,-7.599999999999994,-1.0,-81.89999999999998,-139.0,4.593333333333333,5.3,0.4288900402978081,4.576666666666667,5.3,0.3089669983357744,4.9725,5.8,0.5131255461258436,0.0453333333333333,0.046,0.0005163977794943,0.0445,0.046,0.0009999999999999,0.043125,0.046,0.0016762406177801,7.368333333333333,7.39,0.0160208197876094,7.358333333333333,7.39,0.0164224532179793,7.365833333333332,7.4,0.0169183889320931,13.19,13.28,0.1167904105652697,13.178333333333336,13.28,0.0866375242378406,13.04625,13.28,0.1606457755977198,102.18333333333334,102.5,0.2562550812504405,102.05,102.5,0.2236067977500318,102.07083333333334,102.6,0.2115762102732992,144.29999999999998,150.3,5.720489489567983,203.38333333333333,406.3,84.46024167762103,220.76666666666665,406.3,69.43050743238717,-10.0,0.9334664005322688,0.00033188367,0.00028835287,0.000849104,0.0026857366,NO SIGNIFICANT RISK,LOW,-1.0,0.0700000000000002,-0.3899999999999988,0.001,1.3500000000000003,False,False,False
2022-09-29 01:00:00+00:00,5.64,0.046,7.42,12.84,102.2,124.2,15,False,2022-09-29 01:00:00+00:00,1,3,9,272,0.2588190451025207,0.9659258262890684,-1.0,-1.8369701987210294e-16,5.61,4.9,4.22,4.69,5.8,0.046,0.046,0.045,0.043,0.041,7.42,7.38,7.35,7.35,7.4,12.88,13.11,13.28,13.13,12.81,102.5,102.4,101.9,102.0,102.3,140.3,137.2,149.8,406.3,317.8,0.7399999999999993,1.42,0.9499999999999992,-0.1600000000000001,0.0,0.001,0.003,0.0049999999999999,0.04,0.0700000000000002,0.0700000000000002,0.0199999999999995,-0.2699999999999996,-0.4399999999999995,-0.2900000000000009,0.0299999999999993,-0.2000000000000028,0.2999999999999971,0.2000000000000028,-0.0999999999999943,-12.999999999999986,-25.60000000000001,-282.1,-193.6,4.8183333333333325,5.61,0.5547041253376938,4.6466666666666665,5.61,0.4287048854257324,4.96625,5.8,0.5039480002505323,0.0455,0.046,0.0005477225575051,0.0447499999999999,0.046,0.0009653072991633,0.0433333333333333,0.046,0.0017110044511585,7.38,7.42,0.0236643191324066,7.364166666666667,7.42,0.0239158879611329,7.367083333333333,7.42,0.019666605256588,13.125,13.28,0.1628189178197804,13.159999999999998,13.28,0.1211310334832861,13.0475,13.28,0.1591622087546344,102.28333333333336,102.5,0.2401388487243871,102.1,102.5,0.2522624895548013,102.06666666666668,102.5,0.2014440620741046,144.13333333333335,150.3,5.8387213212247495,196.55833333333337,406.3,86.09473068379316,214.975,406.3,70.12950287798263,-16.10000000000001,0.8852459016393442,0.00033676685,0.00028402198,0.00051660824,0.00276158,NO SIGNIFICANT RISK,LOW,-25.60000000000001,0.0700000000000002,-0.4399999999999995,0.001,1.42,False,False,False
2022-09-29 02:00:00+00:00,5.66,0.046,7.4,12.8,102.0,134.0,15,False,2022-09-29 02:00:00+00:00,2,3,9,272,0.4999999999999999,0.8660254037844387,-1.0,-1.8369701987210294e-16,5.64,5.3,4.32,4.6,5.79,0.046,0.046,0.045,0.044,0.041,7.42,7.39,7.37,7.33,7.38,12.84,12.99,13.27,13.15,12.8,102.2,102.5,102.1,101.9,102.3,124.2,150.3,139.3,283.0,251.1,0.3600000000000003,1.34,1.0600000000000005,-0.1299999999999999,0.0,0.001,0.002,0.0049999999999999,0.0100000000000006,0.0300000000000002,0.0700000000000002,0.0200000000000004,-0.1899999999999995,-0.4699999999999988,-0.3499999999999996,0.0,-0.5,-0.0999999999999943,0.0999999999999943,-0.2999999999999971,-16.30000000000001,-5.300000000000011,-149.0,-117.1,5.055,5.64,0.551280327963904,4.725833333333333,5.64,0.5162180359170639,4.959583333333334,5.79,0.4933865154452208,0.0456666666666666,0.046,0.0005163977794943,0.0449999999999999,0.046,0.0008528028654223,0.0435416666666666,0.046,0.0017189270330435,7.391666666666667,7.42,0.0231660671385336,7.37,7.42,0.0282842712474581,7.367916666666666,7.42,0.0214636531326037,13.051666666666668,13.27,0.1774730026417301,13.135833333333332,13.28,0.1525217321822709,13.048749999999998,13.28,0.1573230545033453,102.33333333333331,102.5,0.1632993161855752,102.11666666666667,102.5,0.2516611478424025,102.0625,102.5,0.1974015990419933,139.86666666666667,150.3,9.235294617223978,173.04999999999998,296.6,57.325061947393,206.90833333333333,406.3,68.91166315537966,9.799999999999995,1.07890499194847,0.00062893145,0.00052996824,0.0007768654,0.0055804043,NO SIGNIFICANT RISK,LOW,-5.300000000000011,0.0300000000000002,-0.4699999999999988,0.001,1.34,False,False,False
2022-09-29 03:00:00+00:00,5.61,0.046,7.4,12.8,101.8,129.3,15,False,2022-09-29 03:00:00+00:00,3,3,9,272,0.7071067811865476,0.7071067811865476,-1.0,-1.8369701987210294e-16,5.66,5.61,4.56,4.52,5.65,0.046,0.046,0.045,0.044,0.041,7.4,7.42,7.37,7.35,7.37,12.8,12.88,13.22,13.18,12.82,102.0,102.5,102.3,101.9,102.1,134.0,140.3,147.9,183.1,265.6,0.0,1.0500000000000007,1.0900000000000007,-0.04,0.0,0.001,0.002,0.0049999999999999,-0.0199999999999995,0.0300000000000002,0.0500000000000007,0.0300000000000002,-0.08,-0.4199999999999999,-0.379999999999999,-0.0199999999999995,-0.7000000000000028,-0.5,-0.1000000000000085,-0.2999999999999971,-11.0,-18.599999999999994,-53.79999999999998,-136.3,5.278333333333333,5.66,0.4574020842395203,4.814166666666667,5.66,0.57953677949539,4.954166666666667,5.66,0.4845070705874827,0.0458333333333333,0.046,0.0004082482904638,0.0451666666666666,0.046,0.0008348471099366,0.0437499999999999,0.046,0.0017003835884371,7.396666666666666,7.42,0.0206559111797822,7.375833333333333,7.42,0.0264431923988431,7.368749999999999,7.42,0.0223241923754709,12.973333333333334,13.22,0.1651262143533606,13.106666666666664,13.28,0.1804707648615097,13.048749999999998,13.28,0.1573230545033453,102.31666666666666,102.5,0.1940790217068173,102.125,102.5,0.2454124543035561,102.05,102.5,0.1911066171811497,138.98333333333335,150.3,9.5484902820774,160.63333333333333,296.6,46.44997961313139,202.02916666666667,406.3,69.78668416131987,-4.699999999999989,0.9649253731343284,0.000961228,0.0009441858,0.0038076385,0.0042198175,NO SIGNIFICANT RISK,LOW,-18.599999999999994,0.0300000000000002,-0.4199999999999999,0.001,1.0500000000000007,False,False,False
2022-09-29 04:00:00+00:00,5.54,0.046,7.4,12.82,101.8,141.3,15,False,2022-09-29 04:00:00+00:00,4,3,9,272,0.8660254037844386,0.5000000000000001,-1.0,-1.8369701987210294e-16,5.61,5.64,4.9,4.44,5.53,0.046,0.046,0.046,0.044,0.041,7.4,7.42,7.38,7.35,7.38,12.8,12.84,13.11,13.2,12.85,101.8,102.2,102.4,101.9,102.0,129.3,124.2,137.2,296.6,261.6,-0.0999999999999996,0.6399999999999997,1.0999999999999996,0.0099999999999997,0.0,0.0,0.002,0.0049999999999999,-0.0199999999999995,0.0200000000000004,0.0500000000000007,0.0200000000000004,-0.0199999999999995,-0.2899999999999991,-0.379999999999999,-0.0299999999999993,-0.4000000000000057,-0.6000000000000085,-0.1000000000000085,-0.2000000000000028,17.10000000000001,4.100000000000023,-155.3,-120.3,5.453333333333333,5.66,0.3021037349432441,4.905,5.66,0.6136552185655522,4.9525,5.66,0.482072067497027,0.046,0.046,0.0,0.0453333333333333,0.046,0.0007784989441613,0.0439583333333333,0.046,0.0016544844636865,7.401666666666667,7.42,0.0160208197876093,7.38,7.42,0.0259369865776095,7.37,7.42,0.02321918247446,12.903333333333334,13.11,0.1233963802818882,13.075,13.28,0.1988375307540422,13.047916666666666,13.28,0.1586349149206622,102.23333333333332,102.5,0.2875181153713149,102.11666666666667,102.5,0.2552479483787042,102.0375,102.5,0.1974015990419915,135.88333333333333,150.3,9.082602417089932,156.15,296.6,46.68017877974339,196.35,406.3,69.93424862279362,12.0,1.0928074245939674,0.0020225046,0.0024448377,0.007398716,0.010910671,NO SIGNIFICANT RISK,LOW,4.100000000000023,0.0200000000000004,-0.2899999999999991,0.0,0.6399999999999997,False,False,False
2022-09-29 05:00:00+00:00,5.5,0.046,7.4,12.83,101.8,150.1,15,False,2022-09-29 05:00:00+00:00,5,3,9,272,0.9659258262890684,0.2588190451025207,-1.0,-1.8369701987210294e-16,5.54,5.66,5.3,4.34,5.4,0.046,0.046,0.046,0.044,0.041,7.4,7.4,7.39,7.36,7.38,12.82,12.8,12.99,13.24,12.89,101.8,102.0,102.5,101.9,102.0,141.3,134.0,150.3,183.6,235.2,-0.1600000000000001,0.2000000000000001,1.16,0.0999999999999996,0.0,0.0,0.002,0.0049999999999999,0.0,0.0100000000000006,0.04,0.0200000000000004,0.0299999999999993,-0.1600000000000001,-0.4100000000000001,-0.0600000000000005,-0.2000000000000028,-0.7000000000000028,-0.1000000000000085,-0.2000000000000028,16.099999999999994,-0.200000000000017,-33.5,-85.1,5.56,5.66,0.1337161172035436,4.996666666666667,5.66,0.6200048875662738,4.952916666666667,5.66,0.4825969527883162,0.046,0.046,0.0,0.0454999999999999,0.046,0.000674199862463,0.0441666666666666,0.046,0.0015788456616113,7.405,7.42,0.0122474487139314,7.384166666666668,7.42,0.024664414311578,7.370833333333334,7.42,0.0239413534662679,12.855,12.99,0.0725947656515681,13.043333333333331,13.28,0.2072036035722693,13.046666666666669,13.28,0.1603709468068072,102.13333333333334,102.5,0.3204163957519503,102.10833333333332,102.5,0.2644319239885097,102.02916666666664,102.5,0.2031901372705997,136.5666666666667,150.3,9.351719984416109,143.20833333333334,183.6,14.935951644098958,191.3375,406.3,69.36303872599785,8.799999999999983,1.0622788393489029,0.0004907685,0.0028542234,0.0032100927,0.002845379,NO SIGNIFICANT RISK,LOW,-0.200000000000017,0.0100000000000006,-0.1600000000000001,0.0,0.2000000000000001,False,False,False
2022-09-29 06:00:00+00:00,5.43,0.046,7.39,12.85,101.8,118.0,15,False,2022-09-29 06:00:00+00:00,6,3,9,272,1.0,6.123233995736766e-17,-1.0,-1.8369701987210294e-16,5.5,5.61,5.61,4.26,5.29,0.046,0.046,0.046,0.045,0.042,7.4,7.4,7.42,7.35,7.38,12.83,12.8,12.88,13.27,12.92,101.8,101.8,102.5,101.9,102.0,150.1,129.3,140.3,141.3,257.3,-0.1800000000000006,-0.1800000000000006,1.17,0.1399999999999996,0.0,0.0,0.001,0.0039999999999999,-0.0100000000000006,-0.0300000000000002,0.04,0.0099999999999997,0.0499999999999989,-0.0300000000000011,-0.4199999999999999,-0.0700000000000002,0.0,-0.7000000000000028,-0.1000000000000085,-0.2000000000000028,-11.300000000000011,-22.30000000000001,-23.30000000000001,-139.3,5.593333333333334,5.66,0.0612100209660039,5.093333333333334,5.66,0.5983664631665366,4.957083333333333,5.66,0.487036104068944,0.046,0.046,0.0,0.0456666666666666,0.046,0.0004923659639171,0.044375,0.046,0.0014688800821212,7.406666666666666,7.42,0.0103279555899047,7.387499999999999,7.42,0.0237888438329596,7.371666666666667,7.42,0.0246129458100604,12.828333333333331,12.88,0.02994439290874,13.009166666666667,13.28,0.2056235896147646,13.044166666666667,13.28,0.1633592112005305,102.01666666666668,102.5,0.2857738033247062,102.09999999999998,102.5,0.2730301348669722,102.02083333333331,102.5,0.2084709690281195,136.53333333333333,150.1,9.293151600341377,140.41666666666666,150.3,8.401280566153318,187.79166666666663,406.3,69.19825906748626,-32.099999999999994,0.7861425716189208,7.488885e-05,0.0008799566,0.0023586373,0.0016203006,NO SIGNIFICANT RISK,LOW,-22.30000000000001,-0.0300000000000002,-0.0300000000000011,0.0,-0.1800000000000006,False,False,False
2022-09-29 07:00:00+00:00,5.35,0.046,7.39,12.88,101.8,144.2,15,False,2022-09-29 07:00:00+00:00,7,3,9,272,0.9659258262890684,-0.2588190451025206,-1.0,-1.8369701987210294e-16,5.43,5.54,5.64,4.22,5.2,0.046,0.046,0.046,0.045,0.042,7.39,7.4,7.42,7.35,7.36,12.85,12.82,12.84,13.28,12.95,101.8,101.8,102.2,101.9,102.0,118.0,141.3,124.2,149.8,175.7,-0.1900000000000004,-0.29,1.13,0.1499999999999994,0.0,0.0,0.001,0.0039999999999999,-0.0100000000000006,-0.0300000000000002,0.04,0.0299999999999993,0.0600000000000005,0.0400000000000009,-0.3999999999999986,-0.0699999999999985,0.0,-0.4000000000000057,-0.1000000000000085,-0.2000000000000028,2.8999999999999773,19.999999999999982,-5.600000000000023,-31.5,5.5633333333333335,5.66,0.0891440781356702,5.190833333333333,5.66,0.5429960377108674,4.962916666666667,5.66,0.4920098900266606,0.046,0.046,0.0,0.04575,0.046,0.0004522670168664,0.0445416666666666,0.046,0.001413572921995,7.401666666666666,7.42,0.0098319208025214,7.390833333333333,7.42,0.0206522432562425,7.372083333333333,7.42,0.0248437143947365,12.823333333333336,12.85,0.0206559111799266,12.974166666666669,13.28,0.192517216860932,13.04125,13.28,0.1662714517052624,101.9,102.2,0.1673320053068089,102.09166666666668,102.5,0.2810963384947833,102.0125,102.5,0.2132818099012885,132.81666666666666,150.1,11.646701965231582,138.475,150.3,10.586794948067952,181.9875,406.3,68.95623257450697,26.19999999999999,1.222033898305085,0.0011426378,0.0023964688,0.0017239231,0.0023581514,NO SIGNIFICANT RISK,LOW,19.999999999999982,-0.0300000000000002,0.0400000000000009,0.0,-0.29,False,False,False
2022-09-29 08:00:00+00:00,5.3,0.046,7.38,12.91,101.9,146.1,15,False,2022-09-29 08:00:00+00:00,8,3,9,272,0.8660254037844387,-0.4999999999999998,-1.0,-1.8369701987210294e-16,5.35,5.5,5.66,4.32,5.14,0.046,0.046,0.046,0.045,0.042,7.39,7.4,7.4,7.37,7.36,12.88,12.83,12.8,13.27,12.98,101.8,101.8,102.0,102.1,102.0,144.2,150.1,134.0,139.3,239.4,-0.2000000000000001,-0.3600000000000003,0.9799999999999996,0.1600000000000001,0.0,0.0,0.001,0.0039999999999999,-0.0200000000000004,-0.0200000000000004,0.0099999999999997,0.0199999999999995,0.08,0.1099999999999994,-0.3599999999999994,-0.0700000000000002,0.1000000000000085,-0.0999999999999943,-0.1999999999999886,-0.0999999999999943,-4.0,12.099999999999994,6.799999999999983,-93.3,5.515000000000001,5.66,0.1143241006961856,5.285,5.66,0.4492114302763371,4.969166666666667,5.66,0.4960883219633319,0.046,0.046,0.0,0.0458333333333333,0.046,0.0003892494720804,0.0447083333333333,0.046,0.0013344650993749,7.396666666666667,7.4,0.0051639777949814,7.394166666666667,7.42,0.0162135371797353,7.373333333333332,7.42,0.0249637418228282,12.83,12.88,0.0309838667697612,12.940833333333332,13.27,0.1677909052326378,13.038333333333334,13.28,0.1685401943200811,101.83333333333331,102.0,0.0816496580927494,102.08333333333331,102.5,0.2886751345948516,102.00416666666666,102.5,0.2176538269954922,136.15,150.1,11.548982639187786,138.00833333333335,150.3,10.156901669055443,180.675,406.3,69.3795938549527,1.9000000000000057,1.0131761442441054,0.0008028575,0.0016751335,0.0008263301,0.0030418902,NO SIGNIFICANT RISK,LOW,12.099999999999994,-0.0200000000000004,0.1099999999999994,0.0,-0.3600000000000003,False,False,False
2022-09-29 09:00:00+00:00,5.24,0.046,7.39,12.92,101.8,136.0,15,False,2022-09-29 09:00:00+00:00,9,3,9,272,0.7071067811865476,-0.7071067811865475,-1.0,-1.8369701987210294e-16,5.3,5.43,5.61,4.56,5.05,0.046,0.046,0.046,0.045,0.043,7.38,7.39,7.4,7.37,7.36,12.91,12.85,12.8,13.22,13.0,101.9,101.8,101.8,102.3,102.0,146.1,118.0,129.3,147.9,150.5,-0.1899999999999995,-0.3700000000000001,0.6800000000000006,0.1900000000000004,0.0,0.0,0.001,0.003,0.0,-0.0100000000000006,0.0199999999999995,0.0299999999999993,0.0700000000000002,0.1199999999999992,-0.3000000000000007,-0.08,0.0,0.0,-0.5,-0.2000000000000028,18.0,6.699999999999989,-11.900000000000006,-14.5,5.455000000000001,5.61,0.1174308307046801,5.366666666666667,5.66,0.3314796945195745,4.975833333333333,5.66,0.4995468961461618,0.046,0.046,0.0,0.0459166666666666,0.046,0.0002886751345944,0.044875,0.046,0.0012269616060045,7.393333333333334,7.4,0.0081649658093018,7.395,7.42,0.0150755672288841,7.374166666666667,7.42,0.0248327740429136,12.848333333333334,12.91,0.0407021702943817,12.910833333333333,13.22,0.1319406432200986,13.035416666666668,13.28,0.1701911755405826,101.81666666666666,101.9,0.0408248290463903,102.06666666666668,102.5,0.293360880249272,102.0,102.5,0.2186917624340434,138.16666666666666,150.1,12.139796813247187,138.575,150.3,10.421753909259438,176.7875,406.3,68.55503858373447,-10.099999999999994,0.9308692676249144,0.0002953874,0.00044350987,0.0011127553,0.0019357484,NO SIGNIFICANT RISK,LOW,6.699999999999989,-0.0100000000000006,0.1199999999999992,0.0,-0.3700000000000001,False,False,False
2022-09-29 10:00:00+00:00,5.21,0.046,7.38,12.94,101.9,136.4,15,False,2022-09-29 10:00:00+00:00,10,3,9,272,0.4999999999999999,-0.8660254037844387,-1.0,-1.8369701987210294e-16,5.24,5.35,5.54,4.9,4.95,0.046,0.046,0.046,0.046,0.043,7.39,7.39,7.4,7.38,7.37,12.92,12.88,12.82,13.11,13.03,101.8,101.8,101.8,102.4,101.9,136.0,144.2,141.3,137.2,178.0,-0.1399999999999996,-0.33,0.3099999999999996,0.2599999999999998,0.0,0.0,0.0,0.003,-0.0099999999999997,-0.0200000000000004,0.0,0.0099999999999997,0.0599999999999987,0.1199999999999992,-0.1699999999999999,-0.0899999999999998,0.1000000000000085,0.1000000000000085,-0.5,0.0,-7.799999999999983,-4.900000000000006,-0.799999999999983,-41.6,5.3933333333333335,5.54,0.116904519444962,5.423333333333333,5.66,0.220632699024396,4.98375,5.66,0.5022714708549267,0.046,0.046,0.0,0.046,0.046,0.0,0.045,0.046,0.0011795356492393,7.391666666666666,7.4,0.0075277265271177,7.396666666666666,7.42,0.013026778945574,7.375416666666666,7.42,0.0248437143947376,12.868333333333332,12.92,0.0416733328001579,12.885833333333332,13.11,0.0896922347235077,13.032083333333333,13.28,0.171691816083779,101.81666666666666,101.9,0.0408248290463903,102.025,102.5,0.2927145677649797,101.99166666666666,102.5,0.2224696689959656,139.28333333333333,150.1,11.449614258433606,137.58333333333334,150.3,10.011886874490164,176.18333333333337,406.3,68.8599944857654,0.4000000000000057,1.0029411764705882,0.00024917338,0.00040184634,0.00039740608,0.0016412953,NO SIGNIFICANT RISK,LOW,-4.900000000000006,-0.0200000000000004,0.1199999999999992,0.0,-0.33,False,False,False
2022-09-29 11:00:00+00:00,5.18,0.046,7.38,12.95,101.9,103.6,15,False,2022-09-29 11:00:00+00:00,11,3,9,272,0.258819045102521,-0.9659258262890682,-1.0,-1.8369701987210294e-16,5.21,5.3,5.5,5.3,4.86,0.046,0.046,0.046,0.046,0.043,7.38,7.38,7.4,7.39,7.35,12.94,12.91,12.83,12.99,13.07,101.9,101.9,101.8,102.5,101.9,136.4,146.1,150.1,150.3,246.3,-0.1200000000000001,-0.3200000000000003,-0.1200000000000001,0.3199999999999994,0.0,0.0,0.0,0.003,0.0,-0.0200000000000004,-0.0099999999999997,0.0300000000000002,0.0399999999999991,0.1199999999999992,-0.0400000000000009,-0.120000000000001,0.0,0.1000000000000085,-0.5999999999999943,0.0,-42.5,-46.5,-46.70000000000002,-142.70000000000002,5.338333333333334,5.5,0.111609438071595,5.449166666666667,5.66,0.1648943647161815,4.994583333333334,5.66,0.5043116631837672,0.046,0.046,0.0,0.046,0.046,0.0,0.045125,0.046,0.0011156008324628,7.388333333333333,7.4,0.0075277265271179,7.396666666666667,7.42,0.013026778945574,7.375833333333333,7.42,0.0248327740429142,12.888333333333334,12.94,0.0426223728418841,12.871666666666668,12.99,0.0593653301535684,13.02833333333333,13.28,0.1727190900218392,101.83333333333331,101.9,0.0516397779494388,101.98333333333332,102.5,0.2691175253012373,101.99166666666667,102.5,0.2224696689959656,138.46666666666667,150.1,11.451753868597004,137.51666666666668,150.3,10.017333462388049,174.45000000000002,406.3,69.33421891853553,-32.80000000000001,0.7595307917888562,0.00014524843,0.00025513166,0.0006607657,0.0023803215,NO SIGNIFICANT RISK,LOW,-46.5,-0.0200000000000004,0.1199999999999992,0.0,-0.3200000000000003,False,False,False
2022-09-29 12:00:00+00:00,5.17,0.046,7.39,12.96,102.0,168.6,15,False,2022-09-29 12:00:00+00:00,12,3,9,272,1.2246467991473532e-16,-1.0,-1.0,-1.8369701987210294e-16,5.18,5.24,5.43,5.61,4.77,0.046,0.046,0.046,0.046,0.043,7.38,7.39,7.39,7.42,7.35,12.95,12.92,12.85,12.88,13.1,101.9,101.8,101.8,102.5,101.9,103.6,136.0,118.0,140.3,222.2,-0.0700000000000002,-0.2599999999999998,-0.4400000000000004,0.4000000000000003,0.0,0.0,0.0,0.003,0.0,0.0,-0.0300000000000002,0.04,0.0400000000000009,0.1100000000000012,0.08,-0.1399999999999988,0.2000000000000028,0.2000000000000028,-0.5,0.0999999999999943,32.599999999999994,50.6,28.299999999999983,-53.6,5.284999999999999,5.43,0.0939680796866162,5.439166666666666,5.66,0.1778895639707362,5.007916666666667,5.66,0.5048286766355616,0.046,0.046,0.0,0.046,0.046,0.0,0.04525,0.046,0.0010320936930845,7.385000000000001,7.39,0.0054772255750888,7.395833333333333,7.42,0.01378954368902,7.377083333333332,7.42,0.024223446540875,12.908333333333331,12.95,0.0376386326355313,12.868333333333332,12.95,0.0528863847976907,13.023333333333332,13.28,0.1731967131595644,101.85,101.9,0.0547722557505262,101.93333333333334,102.5,0.2146173479955099,101.99166666666667,102.5,0.2224696689959656,130.71666666666667,146.1,16.587274238612274,133.625,150.1,13.173673816285682,168.50416666666666,406.3,69.02274659198503,65.0,1.6274131274131274,0.00042025262,0.0050971336,0.0017772585,0.007015538,NO SIGNIFICANT RISK,LOW,50.6,0.0,0.1100000000000012,0.0,-0.2599999999999998,False,False,False
2022-09-29 13:00:00+00:00,5.18,0.046,7.36,12.97,102.0,126.5,15,False,2022-09-29 13:00:00+00:00,13,3,9,272,-0.2588190451025208,-0.9659258262890684,-1.0,-1.8369701987210294e-16,5.17,5.21,5.35,5.64,4.69,0.046,0.046,0.046,0.046,0.043,7.39,7.38,7.39,7.42,7.35,12.96,12.94,12.88,12.84,13.13,102.0,101.9,101.8,102.2,102.0,168.6,136.4,144.2,124.2,406.3,-0.0300000000000002,-0.1699999999999999,-0.4599999999999999,0.4899999999999993,0.0,0.0,0.0,0.003,-0.0199999999999995,-0.0299999999999993,-0.0599999999999996,0.0100000000000006,0.0300000000000011,0.0899999999999998,0.1300000000000007,-0.1600000000000001,0.0999999999999943,0.2000000000000028,-0.2000000000000028,0.0,-9.900000000000006,-17.69999999999999,2.299999999999997,-279.8,5.241666666666666,5.35,0.0708284312028486,5.4025,5.66,0.1846926193337611,5.024583333333333,5.66,0.5032328458094113,0.046,0.046,0.0,0.046,0.046,0.0,0.045375,0.046,0.0009237212077059,7.385000000000001,7.39,0.0054772255750888,7.393333333333333,7.42,0.0115470053837868,7.37875,7.42,0.0236482373642223,12.926666666666668,12.96,0.0294392028878573,12.875,12.96,0.0591607978309945,13.0175,13.28,0.1728595811131383,101.88333333333333,102.0,0.0752772652709166,101.89166666666668,102.2,0.1240112409372958,101.99583333333334,102.5,0.2216129933929102,139.15,168.6,21.08267060882609,135.98333333333332,168.6,16.572037419766275,166.27083333333334,406.3,68.07038224077876,-42.1,0.7502965599051008,0.0001802262,0.00015406076,0.00070060825,0.005175653,NO SIGNIFICANT RISK,LOW,-17.69999999999999,-0.0299999999999993,0.0899999999999998,0.0,-0.1699999999999999,False,False,False
2022-09-29 14:00:00+00:00,5.19,0.045,7.37,12.96,102.0,96.5,15,False,2022-09-29 14:00:00+00:00,14,3,9,272,-0.4999999999999997,-0.8660254037844388,-1.0,-1.8369701987210294e-16,5.18,5.18,5.3,5.66,4.6,0.046,0.046,0.046,0.046,0.044,7.36,7.38,7.38,7.4,7.33,12.97,12.95,12.91,12.8,13.15,102.0,101.9,101.9,102.0,101.9,126.5,103.6,146.1,134.0,283.0,0.0100000000000006,-0.1099999999999994,-0.4699999999999997,0.5900000000000007,-0.001,-0.001,-0.001,0.001,-0.0099999999999997,-0.0099999999999997,-0.0300000000000002,0.04,0.0100000000000015,0.0500000000000007,0.1600000000000001,-0.1899999999999995,0.0999999999999943,0.0999999999999943,0.0,0.0999999999999943,-7.099999999999994,-49.6,-37.5,-186.5,5.213333333333334,5.3,0.0496655480857351,5.364166666666667,5.66,0.1785526829987801,5.045,5.66,0.4989902848230773,0.046,0.046,0.0,0.046,0.046,0.0,0.0454999999999999,0.046,0.0007801894976058,7.38,7.39,0.0109544511501216,7.388333333333333,7.4,0.0119341628287907,7.379166666666666,7.42,0.0232035729382626,12.941666666666668,12.97,0.0231660671386492,12.885833333333332,12.97,0.0638831793671899,13.010833333333336,13.28,0.1714114466947053,101.91666666666669,102.0,0.0752772652709201,101.875,102.0,0.0866025403785616,101.99583333333334,102.5,0.2216129933929102,136.2,168.6,21.469513268825192,136.175,168.6,16.43610908390095,154.61249999999998,296.6,45.33833498889376,-30.0,0.7628458498023716,0.00014556108,0.00013555464,0.009042223,0.035750493,NO SIGNIFICANT RISK,LOW,-49.6,-0.0099999999999997,0.0500000000000007,-0.001,-0.1099999999999994,False,False,False
2022-09-29 15:00:00+00:00,5.21,0.045,7.36,12.96,102.0,112.4,15,False,2022-09-29 15:00:00+00:00,15,3,9,272,-0.7071067811865471,-0.7071067811865479,-1.0,-1.8369701987210294e-16,5.19,5.17,5.24,5.61,4.52,0.045,0.046,0.046,0.046,0.044,7.37,7.39,7.39,7.4,7.35,12.96,12.96,12.92,12.8,13.18,102.0,102.0,101.8,101.8,101.9,96.5,168.6,136.0,129.3,183.1,0.04,-0.0300000000000002,-0.4000000000000003,0.6900000000000004,-0.001,-0.001,-0.001,0.001,-0.0299999999999993,-0.0299999999999993,-0.04,0.0100000000000006,0.0,0.0400000000000009,0.1600000000000001,-0.2199999999999988,0.0,0.2000000000000028,0.2000000000000028,0.0999999999999943,-56.19999999999999,-23.599999999999994,-16.900000000000006,-70.69999999999999,5.195,5.24,0.02588435821089,5.325,5.61,0.158142628374178,5.069583333333333,5.66,0.4905762287676341,0.0458333333333333,0.046,0.0004082482904638,0.0459166666666666,0.046,0.0002886751345948,0.0455416666666666,0.046,0.0007210600087595,7.378333333333333,7.39,0.0116904519445172,7.385833333333334,7.4,0.012401124093715,7.380833333333332,7.42,0.020834057958409,12.95,12.97,0.0178885438201577,12.899166666666666,12.97,0.0609706834669285,13.002916666666666,13.28,0.1690762412709706,101.93333333333334,102.0,0.0816496580927864,101.875,102.0,0.0866025403785616,102.0,102.5,0.2206709137469179,127.93333333333332,168.6,25.972113249925044,133.05,168.6,20.053995294515165,146.84166666666667,296.6,37.7188906271759,15.900000000000006,1.1647668393782384,0.00016849942,0.00012576971,0.007793988,0.06817128,NO SIGNIFICANT RISK,LOW,-23.599999999999994,-0.0299999999999993,0.0400000000000009,-0.001,-0.0300000000000002,False,False,False
2022-09-29 16:00:00+00:00,5.2,0.044,7.36,12.98,102.1,126.8,15,False,2022-09-29 16:00:00+00:00,16,3,9,272,-0.8660254037844385,-0.5000000000000004,-1.0,-1.8369701987210294e-16,5.21,5.18,5.21,5.54,4.44,0.045,0.046,0.046,0.046,0.044,7.36,7.36,7.38,7.4,7.35,12.96,12.97,12.94,12.82,13.2,102.0,102.0,101.9,101.8,101.9,112.4,126.5,136.4,141.3,296.6,0.0200000000000004,-0.0099999999999997,-0.3399999999999998,0.7599999999999998,-0.002,-0.002,-0.002,0.0,0.0,-0.0199999999999995,-0.04,0.0100000000000006,0.0099999999999997,0.0400000000000009,0.1600000000000001,-0.2199999999999988,0.0999999999999943,0.1999999999999886,0.2999999999999971,0.1999999999999886,0.2999999999999971,-9.600000000000009,-14.500000000000014,-169.8,5.19,5.21,0.0167332005303715,5.291666666666667,5.54,0.1327220837507993,5.098333333333334,5.66,0.4769984656493923,0.0456666666666666,0.046,0.0005163977794943,0.0458333333333333,0.046,0.0003892494720807,0.0455833333333333,0.046,0.0006538625481586,7.373333333333332,7.39,0.0121106014164063,7.3825,7.4,0.0135680105059932,7.38125,7.42,0.0202833193407322,12.956666666666669,12.97,0.0103279555901606,12.9125,12.97,0.0544601605846828,12.99375,13.28,0.1649720002593339,101.96666666666664,102.0,0.0516397779494576,101.89166666666668,102.0,0.0900336637379616,102.00416666666666,102.5,0.2196423311276206,124.0,168.6,26.291215262902316,131.64166666666668,168.6,20.9161728783852,143.89583333333334,296.6,37.5243280989186,14.399999999999991,1.1281138790035583,0.00016803668,0.00023524457,0.023076802,0.05071867,NO SIGNIFICANT RISK,LOW,-9.600000000000009,-0.0199999999999995,0.0400000000000009,-0.002,-0.0099999999999997,False,False,False
2022-09-29 17:00:00+00:00,5.24,0.043,7.35,12.99,102.3,106.9,15,False,2022-09-29 17:00:00+00:00,17,3,9,272,-0.9659258262890684,-0.2588190451025206,-1.0,-1.8369701987210294e-16,5.2,5.19,5.18,5.5,4.34,0.044,0.045,0.046,0.046,0.044,7.36,7.37,7.38,7.4,7.36,12.98,12.96,12.95,12.83,13.24,102.1,102.0,101.9,101.8,101.9,126.8,96.5,103.6,150.1,183.6,0.0499999999999998,0.0600000000000005,-0.2599999999999998,0.9000000000000004,-0.002,-0.003,-0.003,-0.001,-0.0200000000000004,-0.0300000000000002,-0.0500000000000007,-0.0100000000000006,0.0299999999999993,0.0400000000000009,0.1600000000000001,-0.25,0.2999999999999971,0.3999999999999915,0.5,0.3999999999999915,10.400000000000006,3.300000000000012,-43.19999999999999,-76.69999999999999,5.1883333333333335,5.21,0.0147196014435269,5.263333333333333,5.5,0.1090732308908677,5.13,5.66,0.4561654924714604,0.0453333333333333,0.046,0.0008164965809277,0.0456666666666666,0.046,0.0006513389472789,0.0455833333333333,0.046,0.0006538625481586,7.37,7.39,0.012649110640689,7.379166666666666,7.4,0.0137895436890181,7.381666666666667,7.42,0.0197080135249932,12.963333333333331,12.98,0.010327955590159,12.925833333333337,12.98,0.0490747728811235,12.984583333333331,13.28,0.1590181604796105,102.0,102.1,0.0632455532033863,101.91666666666669,102.1,0.1029857301089774,102.0125,102.5,0.2193121658434478,122.4,168.6,25.670449937628057,130.4333333333333,168.6,20.72544914890751,136.82083333333335,183.6,18.833480344428843,-19.89999999999999,0.8430599369085174,0.00023018959,0.002846773,0.103582345,0.040810395,NO SIGNIFICANT RISK,LOW,3.300000000000012,-0.0300000000000002,0.0400000000000009,-0.003,0.0600000000000005,False,False,False
2022-09-29 18:00:00+00:00,5.31,0.042,7.36,12.97,102.4,112.7,15,False,2022-09-29 18:00:00+00:00,18,3,9,272,-1.0,-1.8369701987210294e-16,-1.0,-1.8369701987210294e-16,5.24,5.21,5.17,5.43,4.26,0.043,0.045,0.046,0.046,0.045,7.35,7.36,7.39,7.39,7.35,12.99,12.96,12.96,12.85,13.27,102.3,102.0,102.0,101.8,101.9,106.9,112.4,168.6,118.0,141.3,0.0999999999999996,0.1399999999999996,-0.1200000000000001,1.0499999999999998,-0.0029999999999999,-0.0039999999999999,-0.0039999999999999,-0.0029999999999999,0.0,-0.0299999999999993,-0.0299999999999993,0.0100000000000006,0.0099999999999997,0.0099999999999997,0.120000000000001,-0.2999999999999989,0.4000000000000057,0.4000000000000057,0.6000000000000085,0.5,0.2999999999999971,-55.89999999999999,-5.299999999999997,-28.60000000000001,5.198333333333333,5.24,0.0248327740427111,5.241666666666666,5.43,0.0796393385358468,5.1675,5.66,0.4242768784239942,0.0448333333333333,0.046,0.00116904519445,0.0454166666666666,0.046,0.0009962049198956,0.0455416666666666,0.046,0.0007790276362052,7.364999999999999,7.39,0.0137840487521047,7.375,7.39,0.014459976109618,7.38125,7.42,0.0202833193407322,12.97,12.99,0.0126491106408954,12.939166666666669,12.99,0.0418782506653342,12.974166666666669,13.28,0.1494603820318334,102.06666666666666,102.3,0.1211060141639112,101.95833333333331,102.3,0.1443375672974628,102.02916666666668,102.5,0.2255026591314406,122.95,168.6,25.218465456888293,126.83333333333331,168.6,20.75069914849192,133.62500000000003,168.6,16.96536753660537,5.799999999999997,1.0542563143124415,0.00036188783,0.019366194,0.05282898,0.09330586,NO SIGNIFICANT RISK,LOW,-55.89999999999999,-0.0299999999999993,0.0099999999999997,-0.0039999999999999,0.1399999999999996,False,False,False
2022-09-29 19:00:00+00:00,5.4,0.041,7.34,12.95,102.5,89.6,15,False,2022-09-29 19:00:00+00:00,19,3,9,272,-0.9659258262890684,0.2588190451025203,-1.0,-1.8369701987210294e-16,5.31,5.2,5.18,5.35,4.22,0.042,0.044,0.046,0.046,0.045,7.36,7.36,7.36,7.39,7.35,12.97,12.98,12.97,12.88,13.28,102.4,102.1,102.0,101.8,101.9,112.7,126.8,126.5,144.2,149.8,0.2000000000000001,0.2200000000000006,0.0500000000000007,1.1800000000000006,-0.0029999999999999,-0.0049999999999999,-0.0049999999999999,-0.0039999999999999,-0.0200000000000004,-0.0200000000000004,-0.0499999999999998,-0.0099999999999997,-0.0300000000000011,-0.0200000000000013,0.0699999999999985,-0.33,0.4000000000000057,0.5,0.7000000000000028,0.5999999999999943,-37.2,-36.900000000000006,-54.6,-60.20000000000002,5.221666666666667,5.31,0.0479235502300953,5.2316666666666665,5.35,0.0585946527708492,5.21125,5.66,0.3782719576085908,0.0441666666666666,0.046,0.0014719601443879,0.0450833333333333,0.046,0.0013789543689024,0.0454166666666666,0.046,0.001059805834008,7.359999999999999,7.37,0.0063245553203688,7.3725,7.39,0.0142222616792316,7.381666666666667,7.42,0.0197080135249932,12.971666666666666,12.99,0.0116904519447402,12.949166666666668,12.99,0.0317542648054419,12.961666666666666,13.28,0.1355397155550857,102.13333333333333,102.4,0.1751190071541944,102.00833333333333,102.4,0.1831955405041843,102.05,102.5,0.235907129847814,113.63333333333334,126.8,11.663561491540204,126.39166666666668,168.6,21.010579946700137,132.43333333333334,168.6,17.40166575401396,-23.10000000000001,0.7950310559006211,0.00023471494,0.0020314734,0.031520613,0.11419898,NO SIGNIFICANT RISK,LOW,-36.900000000000006,-0.0200000000000004,-0.0200000000000013,-0.0049999999999999,0.2200000000000006,False,False,False
2022-09-29 20:00:00+00:00,5.45,0.041,7.34,12.96,102.6,103.2,15,False,2022-09-29 20:00:00+00:00,20,3,9,272,-0.8660254037844386,0.5000000000000001,-1.0,-1.8369701987210294e-16,5.4,5.24,5.19,5.3,4.32,0.041,0.043,0.045,0.046,0.045,7.34,7.35,7.37,7.38,7.37,12.95,12.99,12.96,12.91,13.27,102.5,102.3,102.0,101.9,102.1,89.6,106.9,96.5,146.1,139.3,0.2099999999999999,0.2599999999999998,0.1500000000000003,1.13,-0.0019999999999999,-0.0039999999999999,-0.0049999999999999,-0.0039999999999999,-0.0099999999999997,-0.0300000000000002,-0.04,-0.0300000000000002,-0.0299999999999993,0.0,0.0500000000000007,-0.3099999999999987,0.2999999999999971,0.5999999999999943,0.6999999999999886,0.5,-3.700000000000003,6.700000000000003,-42.89999999999999,-36.10000000000001,5.258333333333334,5.4,0.08183316361144,5.235833333333333,5.4,0.0686835077906427,5.260416666666667,5.66,0.3152704727919907,0.0433333333333333,0.045,0.0016329931618554,0.0446666666666666,0.046,0.0017752507291971,0.0452499999999999,0.046,0.0013909646324389,7.356666666666666,7.37,0.0103279555899063,7.368333333333333,7.39,0.0158592292219691,7.38125,7.42,0.0204965532627325,12.968333333333334,12.99,0.0147196014440708,12.955,12.99,0.0231595258233951,12.94791666666667,13.27,0.1173615434631705,102.21666666666664,102.5,0.2136976056643386,102.06666666666666,102.5,0.2188122205883392,102.075,102.5,0.2506513254633081,107.48333333333336,126.8,13.15529044403592,121.84166666666664,168.6,22.65140807717029,129.92499999999998,168.6,19.05016832060566,13.600000000000009,1.1517857142857144,0.00032881208,0.05982092,0.096779644,0.16672936,24h,LOW,6.700000000000003,-0.0300000000000002,0.0,-0.0039999999999999,0.2599999999999998,False,False,False
2022-09-29 21:00:00+00:00,5.53,0.04,7.35,12.95,102.8,93.3,15,False,2022-09-29 21:00:00+00:00,21,3,9,272,-0.7071067811865477,0.7071067811865474,-1.0,-1.8369701987210294e-16,5.45,5.31,5.21,5.24,4.56,0.041,0.042,0.045,0.046,0.045,7.34,7.36,7.36,7.39,7.37,12.96,12.97,12.96,12.92,13.22,102.6,102.4,102.0,101.8,102.3,103.2,112.7,112.4,136.0,147.9,0.2200000000000006,0.3200000000000003,0.29,0.9700000000000006,-0.002,-0.0049999999999999,-0.0059999999999999,-0.0049999999999999,-0.0100000000000006,-0.0100000000000006,-0.04,-0.0200000000000004,-0.0200000000000013,-0.0100000000000015,0.0299999999999993,-0.2700000000000013,0.3999999999999915,0.7999999999999972,1.0,0.5,-19.40000000000001,-19.10000000000001,-42.7,-54.60000000000001,5.301666666666667,5.45,0.1041953293898384,5.248333333333334,5.45,0.0913368723048212,5.3075,5.66,0.2453435922555606,0.0426666666666666,0.045,0.0016329931618554,0.0442499999999999,0.046,0.0020056737702645,0.0450833333333333,0.046,0.0016396358733273,7.351666666666667,7.36,0.0098319208025231,7.365000000000001,7.39,0.017320508075683,7.38,7.42,0.0220670913746912,12.968333333333334,12.99,0.0147196014440708,12.959166666666668,12.99,0.0183195540504396,12.935,13.22,0.095371128618217,102.31666666666666,102.6,0.2316606713852615,102.125,102.6,0.2598076211353515,102.09583333333336,102.6,0.2726347559371698,108.6,126.8,12.29259939965,118.26666666666668,168.6,21.845795656796195,128.42083333333335,168.6,19.692129947874783,-9.900000000000006,0.9040697674418604,0.00039889774,0.04287794,0.07165068,0.22247379,24h,LOW,-19.10000000000001,-0.0100000000000006,-0.0100000000000015,-0.0049999999999999,0.3200000000000003,False,False,False
2022-09-29 22:00:00+00:00,5.74,0.039,7.34,12.87,102.7,129.5,15,False,2022-09-29 22:00:00+00:00,22,3,9,272,-0.5000000000000004,0.8660254037844384,-1.0,-1.8369701987210294e-16,5.53,5.4,5.2,5.21,4.9,0.04,0.041,0.044,0.046,0.046,7.35,7.34,7.36,7.38,7.38,12.95,12.95,12.98,12.94,13.11,102.8,102.5,102.1,101.9,102.4,93.3,89.6,126.8,136.4,137.2,0.3399999999999998,0.54,0.5300000000000002,0.8399999999999999,-0.002,-0.0049999999999999,-0.0069999999999999,-0.0069999999999999,0.0,-0.0200000000000004,-0.04,-0.04,-0.08,-0.1100000000000012,-0.0700000000000002,-0.2400000000000002,0.2000000000000028,0.6000000000000085,0.7999999999999972,0.2999999999999971,39.900000000000006,2.700000000000003,-6.900000000000006,-7.699999999999989,5.355,5.53,0.1272399308393027,5.2725,5.53,0.1221120945540057,5.347916666666666,5.66,0.1906505833390759,0.0418333333333333,0.044,0.0014719601443879,0.04375,0.046,0.0022613350843332,0.044875,0.046,0.0019406968717,7.35,7.36,0.0089442719100227,7.361666666666667,7.39,0.0158592292219689,7.379166666666666,7.42,0.0228257418883473,12.966666666666669,12.99,0.016329931618727,12.961666666666666,12.99,0.0140345893053785,12.92375,13.11,0.0737688811497514,102.45,102.8,0.2428991560298324,102.20833333333331,102.8,0.3028901190901277,102.11666666666666,102.8,0.305979065306421,105.41666666666669,126.8,13.523226932464894,114.70833333333331,168.6,22.169900083146,126.14583333333331,168.6,20.481974666320944,36.2,1.3879957127545552,0.003012236,0.31673777,0.2130312,0.24527687,6h,LOW,2.700000000000003,-0.0200000000000004,-0.1100000000000012,-0.0049999999999999,0.54,False,False,False
2022-09-29 23:00:00+00:00,5.94,0.038,7.33,12.81,102.8,120.3,15,False,2022-09-29 23:00:00+00:00,23,3,9,272,-0.2588190451025215,0.965925826289068,-1.0,-1.8369701987210294e-16,5.74,5.45,5.24,5.18,5.3,0.039,0.041,0.043,0.046,0.046,7.34,7.34,7.35,7.38,7.39,12.87,12.96,12.99,12.95,12.99,102.7,102.6,102.3,101.9,102.5,129.5,103.2,106.9,103.6,150.3,0.4900000000000002,0.7000000000000002,0.7600000000000007,0.6400000000000006,-0.003,-0.0049999999999999,-0.008,-0.008,-0.0099999999999997,-0.0199999999999995,-0.0499999999999998,-0.0599999999999996,-0.1500000000000003,-0.1799999999999997,-0.1399999999999988,-0.1799999999999997,0.2000000000000028,0.5,0.8999999999999915,0.2999999999999971,17.099999999999994,13.399999999999991,16.700000000000003,-30.00000000000001,5.445,5.74,0.1769463195435018,5.316666666666666,5.74,0.1797135768298327,5.382916666666667,5.74,0.1817422725267366,0.041,0.043,0.001414213562373,0.0431666666666666,0.046,0.0025166114784235,0.0445833333333333,0.046,0.002263446134945,7.346666666666667,7.36,0.0081649658093033,7.358333333333333,7.39,0.0158592292219688,7.3775,7.42,0.0241822788151873,12.948333333333332,12.99,0.0411906138176205,12.955833333333333,12.99,0.0296826650768005,12.91375,12.99,0.0628879265387786,102.55,102.8,0.1870828693387173,102.27500000000002,102.8,0.3165869118066625,102.12916666666666,102.8,0.3236734353536261,105.86666666666667,129.5,14.393980223237204,114.13333333333333,168.6,21.639288063115558,125.825,168.6,20.361243021761545,-9.200000000000005,0.9289575289575288,0.0005120338,0.3578718,0.4091078,0.18137223,6h,MEDIUM,13.399999999999991,-0.0199999999999995,-0.1799999999999997,-0.0049999999999999,0.7000000000000002,False,False,True
